,0,1,2,3,4,5,6,7,8
0,title,posted date,location,price,description,Address:,Beds:,Baths:,Size:
1,3 Bedroom Apartment for Sale in Dehiwala,22 Jul  4:27 pm,"Dehiwala, Colombo","19,500,000","3 Bedroom Apartment for Sale in Dehiwela-	Location – 2nd Lane, Dehiwala-	Status - Available-	Property type – Apartment / Unfurnished-	Asking price – 19.5 Million-	Sq ft - 1350 -	Deed – Pending-	Floor – 1st floor -	Bedrooms - 03 (Master Bedroom and Living area Airconditioned) / Maid’s Room-	Bathrooms – 03 (one attached / one common / one maid’s)-	Servant room – 1-	Servant washroom – 1-	Parking -01-	Others – Standby Generator / 24hrs Security with CCTV. Imported Toilet fittings and accessories. Highly Residential Area, Fully Secured Place, can be accessed from Galle Road and Marine Drive",Dehiwala,3,3,"1,350 sqft"
2,"['3 Bedroom Apartment for Sale in Dehiwala', '22 Jul  4:27 pm', 'Dehiwala, Colombo', '19,500,000', '3 Bedroom Apartment for Sale in Dehiwela-\tLocation – 2nd Lane, Dehiwala-\tStatus - Available-\tProperty type – Apartment / Unfurnished-\tAsking price – 19.5 Million-\tSq ft - 1350 -\tDeed – Pending-\tFloor – 1st floor -\tBedrooms - 03 (Master Bedroom and Living area Airconditioned) / Maid’s Room-\tBathrooms – 03 (one attached / one common / one maid’s)-\tServant room – 1-\tServant washroom – 1-\tParking -01-\tOthers – Standby Generator / 24hrs Security with CCTV. Imported Toilet fittings and accessories. Highly Residential Area, Fully Secured Place, can be accessed from Galle Road and Marine Drive', 'Dehiwala', '3', '3', '1,350 sqft']","['title', 'posted date', 'location', 'price', 'description', 'Address:', 'Beds:', 'Baths:', 'Size:']",,,,,,,
3,Luxury Apartment Dehiwela,22 Jul  4:34 pm,"Dehiwala, Colombo","25,200,000","OWN YOUR OWN HOME AT PEACEFUL LIVING HEART OF DEHIWELA,,,,,,,,,,,,,,,,,,,,COMPLETION DATE 2020 DECEMBER,,,,,,,,,,,,FULLY INSTALLMENT PAYMENT METHOD, FULLY LUXURY TYPE OF APARTMENT, ROOFTOP, GENERATOR, VISITORS LOBBY, CAR PARK, TWO LIFT, 24 HRS SECURITY, MAID ROOM AND BATH AND MORE,,,,",DE ALWIS PLACE DEHIWELA,4,4,"1,680 sqft"
4,Luxury Apartment Dehiwala,23 Jul 12:46 pm,"Dehiwala, Colombo","24,500,000","HURRY UP DISCOUNT AVAILABLE !!!!!! 24 HRS SECURITY COMPLETION DATE 2020 DECEMBER,,,,,,,,,,,,FULLY INSTALLMENT PAYMENT METHOD, FULLY LUXURY TYPE OF APARTMENT, ROOFTOP, GENERATOR, VISITORS LOBBY, CAR PARK, TWO LIFT,MAID ROOM AND BATH, AND MORE,,,CALL ,,,,,,,,,,,,,,,,,,,,,",DE ALWIS PLACE DEHIWELA,4,4,"1,680 sqft"
5,3 Bedroom Apartment - Dehiwala,25 Jul  9:43 am,"Dehiwala, Colombo","20,000,000","Apartment on 7th floor for sale on Hill Street. Three air-conditioned bedrooms with living and dining area, open kitchen with hob. Balconies all round, good location with covered car park, 24 hour security, roof terrace, gym and kids pool.Two elevators, Standby generator, garbage clearance. Vacant possession.",3,2,"1,303 sqft",
6,Luxury Apartment for Sale | Dehiwala,17 Jul 10:31 am,"Dehiwala, Colombo","25,000,000","The IVY complex is yet another stylish and unique apartment complex by NEMRA, which comprises of 28 modishly designed 3 BEDROOM APARTMENTS stretched in 7 floors.","Malwatta Road, Dehiwela",3,2,"1,468 sqft"
7,Apartment for Sale in Mount Lavinia,24 Jul  5:37 pm,"Dehiwala, Colombo","20,000,000","Brand New ApartmentAll furniture and fittings includedThis is a model house type of an apartment You must see to believe how nice-------------------------------ROOMS...2 Bed rooms with imported Double Beds1 attached toilet with hot water & shower cubical1 common toilet with hot water & shower cubicalCarpeted floor for both roomsCustom made Aluminium wall cupboards in both roomsWall mounted TVs with local channels in both roomsWall mounted split type AC Units in both roomsWall mounted mirrors in both roomsFeature walls with nice wall paper in both rooms, Ceiling fans in both roomsLarge Windows with Light & Shade blinds in both rooms..All doors and windows tinted -----------------------------------LIVING ROOM...Imported Settee with wall mounted 55' smart TVDialog TV connectionWall mounted split type AC unit Imported dining table for 6 Green ivory feature wall / Tiled Floor Ceiling fanWall mounted hand painted artWindows with Light & Shade blinds..-----------------------------------------BALCONY...Garden furniture with green grass carpeted floorWashing Machine with piped lines ----------------------------------PANTRY...Fully equipped pantry with large refrigeratorMicrowave, Rice Cooker4 burner CookerWater Dispenser.-----------------------------------24 hours Security & Parking Facility.--------------------------2 minutes walk to Galle Road10 minutes walk to St Thomas College, Mt Lavinia5 minutes walk to beach and many restaurants 5 minutes walk to Church or Temple or Mosque 5 Minutes walk to Super market, 5 Minutes to Petrol station, 5 Minutes to Bakery and all day to day places-----------------------------------------------This is a ready to move-in cozy fully furnished comfortable Luxury apartment & probably the lowestselling price compared to all other apartments.","Nemra Apartment, Siripala Road, Mount Lavinia",2,2,875 sqft
8,Luxury Apartment Dehiwela,22 Jul  5:14 pm,"Dehiwala, Colombo","21,500,000","OWN YOUR OWN HOME AT PEACEFUL LIVING HEART OF DEHIWELA,,,,,,,,,,,,,,,,,,,,COMPLETION DATE 2020 DECEMBER,,,,,,,,,,,,FULLY INSTALLMENT PAYMENT METHOD, FULLY LUXURY TYPE OF APARTMENT, ROOFTOP, GENERATOR, VISITORS LOBBY, CAR PARK, TWO LIFT, 24 HRS SECURITY, MAID ROOM AND BATH AND MORE,,,,",DE ALWIS PLACE DEHIWELA,3,3,"1,440 sqft"
9,Brand New 3 BHK Apartment For Sale in Dehiwala,24 Jul  4:13 pm,"Dehiwala, Colombo","22,000,000",Brand New 3 Bedroom Spacious Apartment For Sale in Dehiwala,"Peters Lane, Dehiwala",3,2,"1,305 sqft"
10,Luxury Apartment Dehiwela,24 Jul  2:36 pm,"Dehiwala, Colombo","20,100,000","HURRY UP DISCOUNT AVAILABLE !!!!!! 24 HRS SECURITY COMPLETION DATE 2019 DECEMBER,,,,,,,,,,,,FULLY INSTALLMENT PAYMENT METHOD, FULLY LUXURY TYPE OF APARTMENT, ROOFTOP, GENERATOR, VISITORS LOBBY, CAR PARK, TWO LIFT, AND MORE,,,CALL ,,,,,,,,,,,,,,,,,,,,,","PETERS LANE, DEHIWELA",3,3,"1,340 sqft"
11,Luxury Apartment Dehiwela,24 Jul  2:33 pm,"Dehiwala, Colombo","21,600,000","HURRY UP DISCOUNT AVAILABLE !!!!!! 24 HRS SECURITY COMPLETION DATE 2020 DECEMBER,,,,,,,,,,,,FULLY INSTALLMENT PAYMENT METHOD, FULLY LUXURY TYPE OF APARTMENT, ROOFTOP, GENERATOR, VISITORS LOBBY, CAR PARK, TWO LIFT, MAID ROOM AND BATH, AND MORE,,,CALL ,,,,,,,,,,,,,,,,,,,,,",DE ALWIS PLACE DEHIWELA,3,3,"1,440 sqft"
12,Luxury Apartment in Dehiwala,22 Jul  5:15 pm,"Dehiwala, Colombo","20,100,000","OWN YOUR OWN HOME AT PEACEFUL LIVING HEART OF DEHIWELA,,,,,,,,,,,,,,,,,,,,COMPLETION DATE 2019 DECEMBER,,,,,,,,,,,,FULLY INSTALLMENT PAYMENT METHOD, FULLY LUXURY TYPE OF APARTMENT, ROOFTOP, GENERATOR, VISITORS LOBBY, CAR PARK, TWO LIFT, 24 HRS SECURITY, MAID ROOM AND BATH AND MORE,,,,","PETERS LANE, DEHIWELA",3,3,"1,340 sqft"
13,Sea View Apartment for Sale - Dehiwala,24 Jul 10:28 am,"Dehiwala, Colombo","20,550,000",New Apartment For Sale - Dehiwala-Ongoing Project--6 Interest Free Installments--Completion December 2019- ,"Peters Lane , Dehiwala",3,3,"1,370 sqft"
14,Luxury Apartment Dehiwela,23 Jul 12:54 pm,"Dehiwala, Colombo","21,500,000","HURRY UP DISCOUNT AVAILABLE !!!!!! 24 HRS SECURITY COMPLETION DATE 2020 DECEMBER,,,,,,,,,,,,FULLY INSTALLMENT PAYMENT METHOD, FULLY LUXURY TYPE OF APARTMENT, ROOFTOP, GENERATOR, VISITORS LOBBY, CAR PARK, TWO LIFT, MAID ROOM AND BATH, AND MORE,,,CALL ,,,,,,,,,,,,,,,,,,,,,",DE ALWIS PLACE DEHIWELA,3,3,"1,440 sqft"
15,Luxury Apartment Dehiwela,22 Jul  4:34 pm,"Dehiwala, Colombo","25,200,000","OWN YOUR OWN HOME AT PEACEFUL LIVING HEART OF DEHIWELA,,,,,,,,,,,,,,,,,,,,COMPLETION DATE 2020 DECEMBER,,,,,,,,,,,,FULLY INSTALLMENT PAYMENT METHOD, FULLY LUXURY TYPE OF APARTMENT, ROOFTOP, GENERATOR, VISITORS LOBBY, CAR PARK, TWO LIFT, 24 HRS SECURITY, MAID ROOM AND BATH AND MORE,,,,",DE ALWIS PLACE DEHIWELA,4,4,"1,680 sqft"
16,Brand New Apartment For Sale - Dehiwala (001521),20 Jul  3:40 pm,"Dehiwala, Colombo","27,000,000","*Address -Allen Avanue Dehiwala*price - 27000000\=*Sqft - 1740*Floor- 6*Bedrooms -3*Bathrooms -3*Servant Room - 01*Servant Bathroom - 01*Property type - Apartment*Dedicated Entertainment Space for Children/Family on Roof Top.*Surrounded by food,restaurants,markets,cloth shops,jeweller shops,banks,foreign currency exchange centers,cinema theaters,mosques,medical clinics & fashion houses. Facilities - Parking , Lift , Generator, Hot water,24/h",Allen Avanue Dehiwala,3,3,"1,740 sqft"
17,Luxury Apartment In Dehiwela,20 Jul  1:31 pm,"Dehiwala, Colombo","21,500,000","HURRY UP DISCOUNT AVAILABLE !!!!!! 24 HRS SECURITY COMPLETION DATE 2020 DECEMBER,,,,,,,,,,,,FULLY INSTALLMENT PAYMENT METHOD, FULLY LUXURY TYPE OF APARTMENT, ROOFTOP, GENERATOR, VISITORS LOBBY, CAR PARK, TWO LIFT, MAID ROOM AND BATH AND MORE,,,CALL ,,,,,,,,,,,,,,,,,,,,,",DE ALWIS PLACE DEHIWELA,3,3,"1,440 sqft"
18,Luxury Apartment In Dehiwela,20 Jul  1:10 pm,"Dehiwala, Colombo","22,500,000","HURRY UP DISCOUNT AVAILABLE !!!!!! 24 HRS SECURITY COMPLETION DATE 2019 DECEMBER,,,,,,,,,,,,FULLY INSTALLMENT PAYMENT METHOD, FULLY LUXURY TYPE OF APARTMENT, ROOFTOP, GENERATOR, VISITORS LOBBY, CAR PARK, TWO LIFT, DIRECT SEA VIEW,  AND MORE,,,CALL ,,,,,,,,,,,,,,,,,,,,,","PETERS LANE, DEHIWELA",3,3,"1,340 sqft"
19,Fully Furnished 2 Bed Rooms Apartment for Sale - Dehiwala,18 Jul  4:37 pm,"Dehiwala, Colombo","32,000,000","Kollupitiya  1st floor sea view fully furnished apartment for sale. 2 bed rooms, 2 bath rooms, 1 store room in down stairs. Access via marine drive and Galle road. 30 fet wide road next to TACO bell Marive drive Colombo 03. Both bed rooms are fitted with air conditioners and fans also with linen and pillows.Master bed room with attached toilet and both toilets are fitted with hot water system. Washing machine and cloth hangers are in the balcony.Kitchen fitted with pantry cupboard, ELBA cooker, fridge, microwave, electric kettle, cutlery, Water dispenser and Recently fully refurbished.apartment 1050 sq ftDown stairs store room 150 sq fft",8th Lane,2,2,"1,200 sqft"
20,Luxury 3 Bedroom Apartment for Sale in Saranankara Road Dehiwala,18 Jul  9:23 pm,"Dehiwala, Colombo","30,000,000",Saranankara Road Luxury Apartment For Sale (3BR),Saranankara Road - Dehiwala,3,3,"1,550 sqft"
21,Marine City Apartment For Sale In Dehiwala - A0580,18 Jul  4:18 am,"Dehiwala, Colombo","29,400,000",Marine City Apartment for sale in Dehiwala,3,2,"1,400 sqft",
22,Apartment for Sale - Dehiwala,17 Jul  4:48 pm,"Dehiwala, Colombo","22,500,000","3 bedroom apartment for sale on the 1st floor of Wimbledon Court on Hill Street in Nedimala, Dehiwala. This modern and well-maintained apartment provides quick access to the parking facilities and it’s convenient location means close proximity to schools, grocery stores, hospitals and other important facilities. ",3,2,"1,283 sqft",
23,Brand New Apartment for Sale - Dehiwala,17 Jul  4:29 pm,"Dehiwala, Colombo","1,650,000",full tailed apartment safe full residence area car parking available,Dehiwala,3,2,"1,200 sqft"
24,3 Bed Room Apartment(top Most Floor) for Sale in Vanderwert Place,17 Jul 11:43 am,"Dehiwala, Colombo","28,850,000",This apartment is on the top most floor (9th floor) which has a view that no other apartment has in the complex.,Dehiwala - Vanderwert Place,3,2,"1,550 sqft"
25,Top Floor with Sea View Dehiwala,17 Jul 10:23 am,"Dehiwala, Colombo","28,850,000",This apartment is located on the top floor of Span Tower off Vandowert Place in Dehiwala. Enjoy the beautiful views and the refreshing breeze as you settle into your new home. ,Vandowert Place,3,2,"1,550 sqft"
26,3 Bedroom apartment @ Wimbledon Court Dehiwala,17 Jul 10:47 am,"Dehiwala, Colombo","22,500,000","3 Bedroom apartment for sale on the 1st floor of Wimbledon Court on Hill Street in Nedimala, Dehiwala. This modern and well-maintained apartment provides quick access to the parking facilities and it’s convenient location means close proximity to schools, grocery stores, hospitals and other important facilities. ","Wimbledon Court, Nedimala, Dehiwala",3,2,"1,283 sqft"
27,Brand New 3 Bd Apartment For Sale In Dehiwala,17 Jul 12:32 am,"Dehiwala, Colombo","19,000,000",STRICTLY NO AGENT PLS.,"PETERS LANE,DEHIWALA.",3,2,"1,010 sqft"
28,Best Apartment for Sale in Dehiwala,14 Jul  9:55 pm,"Dehiwala, Colombo","17,000,000",BEST APARTMENT FOR SALE IN DEHIWALA ( Near of the pizza hut ),NEAR PIZZA HUT DEHIWALA  ( Galle road Access ),3,2,"1,150 sqft"
29,3 Bedroom Wattala Apartment, 8 Jul  9:11 am,"Dehiwala, Colombo","20,000,000",Nemra III - Wattala  | 3 Bedroom Luxury Apartment ,"St.Anthony's Road, off old Negombo Road, Wattala",3,2,"1,400 sqft"
30,Luxury Apartment for Sale - Dehiwela,12 Jul 12:52 pm,"Dehiwala, Colombo","18,200,000","HURRY UP DISCOUNT AVAILABLE !!!!!! 24 HRS SECURITY COMPLETION DATE 2019 DECEMBER,,,,,,,,,,,,FULLY INSTALLMENT PAYMENT METHOD, FULLY LUXURY TYPE OF APARTMENT, ROOFTOP, GENERATOR, VISITORS LOBBY, CAR PARK, TWO LIFT, AND MORE,,,CALL ,,,,,,,,,,,,,,,,,,,,,","PETERS LANE, DEHIWELA",3,3,"1,250 sqft"
31,Vesta Park Apartment | for Sale in Dehiwala - A0546,12 Jul  7:45 pm,"Dehiwala, Colombo","19,000,000","Apartment for sale in Vesta Park Apartment, Fairline Road, Dehiwala",3,2,"1,200 sqft",
32,Apartment for Sale in Dehiwala - A0544-A,12 Jul  7:40 pm,"Dehiwala, Colombo","22,000,000","Apartment for sale in Allen Avenue, Dehiwala",3,2,"1,400 sqft",
33,Luxury Apartment for Sale - Dehiwela,12 Jul 12:52 pm,"Dehiwala, Colombo","18,200,000","HURRY UP DISCOUNT AVAILABLE !!!!!! 24 HRS SECURITY COMPLETION DATE 2019 DECEMBER,,,,,,,,,,,,FULLY INSTALLMENT PAYMENT METHOD, FULLY LUXURY TYPE OF APARTMENT, ROOFTOP, GENERATOR, VISITORS LOBBY, CAR PARK, TWO LIFT, AND MORE,,,CALL ,,,,,,,,,,,,,,,,,,,,,","PETERS LANE, DEHIWELA",3,3,"1,250 sqft"
34,Luxury Apartment for Sale - Dehiwela,12 Jul 12:48 pm,"Dehiwala, Colombo","21,000,000","HURRY UP DISCOUNT AVAILABLE !!!!!! 24 HRS SECURITY COMPLETION DATE 2020 DECEMBER,,,,,,,,,,,,FULLY INSTALLMENT PAYMENT METHOD, FULLY LUXURY TYPE OF APARTMENT, ROOFTOP, GENERATOR, VISITORS LOBBY, CAR PARK, TWO LIFT, MAID ROOM AND BATH AND MORE,,,CALL ,,,,,,,,,,,,,,,,,,,,,",DE ALWIS PLACE DEHIWELA,3,3,"1,440 sqft"
35,Brand New Apartment For Sale - Dehiwala (001266),19 Jul  9:25 am,"Dehiwala, Colombo","28,000,000","*Address -Allen Avanue Dehiwala*price - 28000000\=*Sqft - 1740*Floor- 6*Bedrooms -3*Bathrooms -3*Servant Room - 01*Servant Bathroom - 01*Property type - Apartment*Dedicated Entertainment Space for Children/Family on Roof Top.*Surrounded by food,restaurants,markets,cloth shops,jeweller shops,banks,foreign currency exchange centers,cinema theaters,mosques,medical clinics & fashion houses. Facilities - Parking , Lift , Generator, Hot water,24/h",Allen Avanue  Dehiwala,3,2,"1,740 sqft"
36,Brand New Apartment For Sale - Dehiwala (001207),19 Jul  9:31 am,"Dehiwala, Colombo","28,000,000","*Address -Allen Avanue Dehiwala*price - 28000000\=*Sqft - 1740*Floor- 6*Bedrooms -3*Bathrooms -3*Servant Room - 01*Servant Bathroom - 01*Property type - Apartment*Dedicated Entertainment Space for Children/Family on Roof Top.*Surrounded by food,restaurants,markets,cloth shops,jeweller shops,banks,foreign currency exchange centers,cinema theaters,mosques,medical clinics & fashion houses. Facilities - Parking , Lift , Generator, Hot water,24/h",Allen Avanue  Dehiwala,3,3,"1,740 sqft"
37,Luxury Apartment for Sale - Dehiwala,10 Jul 12:14 pm,"Dehiwala, Colombo","18,900,000","HURRY UP, DISCOUNT AVAILABLE !!!!!!!!!!!  24 HRS SECURITY COMPLETION DATE 2019 DECEMBER,,,,,,,,,,,,FULLY INSTALLMENT PAYMENT METHOD, FULLY LUXURY TYPE OF APARTMENT, ROOFTOP, GENERATOR, VISITORS LOBBY, CAR PARK, TWO LIFT, AND MORE,,,CALL ,,,,,,,,,,,,,,,,,,,,,","PETERS LANE, DEHIWELA",3,2,"1,260 sqft"
38,Luxury Apartment - Dehiwala,10 Jul 12:05 pm,"Dehiwala, Colombo","21,000,000","HURRY UP DISCOUNT AVAILABLE !!!!!!!!  24 HRS SECURITY COMPLETION DATE 2020 DECEMBER,,,,,,,,,,,,FULLY INSTALLMENT PAYMENT METHOD, FULLY LUXURY TYPE OF APARTMENT, ROOFTOP, GENERATOR, VISITORS LOBBY, CAR PARK, TWO LIFT, AND MORE,,,CALL ,,,,,,,,,,,,,,,,,,,,,",DE ALWIS PLACE DEHIWELA,3,3,"1,440 sqft"
39,Luxury Apartment - Dehiwela,10 Jul  3:44 pm,"Dehiwala, Colombo","21,000,000","HURRY UP DISCOUNT AVAILABLE !!!!!!   24 HRS SECURITY COMPLETION DATE 2020 DECEMBER,,,,,,,,,,,,FULLY INSTALLMENT PAYMENT METHOD, FULLY LUXURY TYPE OF APARTMENT, ROOFTOP, GENERATOR, VISITORS LOBBY, CAR PARK, TWO LIFT, AND MORE,,,CALL ,,,,,,,,,,,,,,,,,,,,, 8TH FLOOR AND 10TH FLOOR ONLY",DE ALWIS PLACE,3,2,"1,355 sqft"
40,Apartment for Sale - Dehiwala,10 Jul  7:30 am,"Dehiwala, Colombo","20,000,000",KADAWATHA RDONLY 2 BLOCKS ON EACH FLOOR 5 FLOORS ONLY.RS 20 MLN ( 200 LAKHS ),3,2,"1,200 sqft",
41,Brand New Apartment for Sale in Dehiwala, 9 Jul  4:12 pm,"Dehiwala, Colombo","22,500,000",Brand New Apartment For Sale in Dehiwala,"Peters Lane, Dehiwala",3,2,"1,305 sqft"
42,3 Bedroom Apartment for Sale in Dehiwala,22 Jul  4:27 pm,"Dehiwala, Colombo","19,500,000","3 Bedroom Apartment for Sale in Dehiwela-	Location – 2nd Lane, Dehiwala-	Status - Available-	Property type – Apartment / Unfurnished-	Asking price – 19.5 Million-	Sq ft - 1350 -	Deed – Pending-	Floor – 1st floor -	Bedrooms - 03 (Master Bedroom and Living area Airconditioned) / Maid’s Room-	Bathrooms – 03 (one attached / one common / one maid’s)-	Servant room – 1-	Servant washroom – 1-	Parking -01-	Others – Standby Generator / 24hrs Security with CCTV. Imported Toilet fittings and accessories. Highly Residential Area, Fully Secured Place, can be accessed from Galle Road and Marine Drive",Dehiwala,3,3,"1,350 sqft"
43,Apartment For Sale In Dehiwela, 8 Jul  2:01 pm,"Dehiwala, Colombo","9,000,000",Charl 's apartment situated at de Silva mawatha  hospital  road kalubowila common parking  3rd floor  (only 3 floor ) no lift,2,1,700 sqft,
44,Brand New Apartment For Sale - Dehiwala (001021),19 Jul  9:36 am,"Dehiwala, Colombo","28,000,000","*Address -Allen Avanue Dehiwala*price - 28000000\=*Sqft - 1740*Floor- 6*Bedrooms -3*Bathrooms -3*Servant Room - 01*Servant Bathroom - 01*Property type - Apartment*Dedicated Entertainment Space for Children/Family on Roof Top.*Surrounded by food,restaurants,markets,cloth shops,jeweller shops,banks,foreign currency exchange centers,cinema theaters,mosques,medical clinics & fashion houses. Facilities - Parking , Lift , Generator, Hot water,24/h",Allen Avanue  Dehiwala,3,3,"1,740 sqft"
45,Luxury Apartment for Sale - Dehiwala, 8 Jul  9:45 am,"Dehiwala, Colombo","18,500,000","24 HRS SECURITY COMPLETION DATE 2019 DECEMBER,,,,,,,,,,,,FULLY INSTALLMENT PAYMENT METHOD, FULLY LUXURY TYPE OF APARTMENT, ROOFTOP, GENERATOR, VISITORS LOBBY, CAR PARK, TWO LIFT, AND MORE,,,CALL ,,,,,,,,,,,,,,,,,,,,,","PETERS LANE, DEHIWELA",3,2,"1,260 sqft"
46,3 Bedroom Wattala Apartment, 8 Jul  9:11 am,"Dehiwala, Colombo","20,000,000",Nemra III - Wattala  | 3 Bedroom Luxury Apartment ,"St.Anthony's Road, off old Negombo Road, Wattala",3,2,"1,400 sqft"
47,Saranankara Road - 3 Bedroom 1560sq.Ft Apartment for Sale, 7 Jul  2:55 pm,"Dehiwala, Colombo","24,500,000","Grand Residences, 105 Sri Saranankara Road, ( Close to Wellawatte )Newly built residential project completed in Feb 2019  ( Total 10 Floors )Read to Inspect/Occupy ( Unfurnished )",Grand Residence - 105A Sri Saranankara Road,3,3,"1,485 sqft"
48,Saranankara Road - 3 Bedroom 1270sq.Ft Apartment for Sale, 7 Jul  2:49 pm,"Dehiwala, Colombo","20,000,000","Grand Residences, 105 Sri Saranankara Road, ( Close to Wellawatte )Newly built residential project completed in Feb 2019  ( Total 10 Floors )Read to Inspect/Occupy ( Unfurnished )","Grand Residence, 105 Sri Saranankara Road, Dehiwala",3,3,"1,270 sqft"
49,Saranankara Road - 3 Bedroom 1580sq.Ft Apartment for Sale, 7 Jul  2:48 pm,"Dehiwala, Colombo","26,000,000","Grand Residences, 105 Sri Saranankara Road, ( Close to Wellawatte )Newly built residential project completed in Feb 2019  ( Total 10 Floors )Read to Inspect/Occupy ( Unfurnished )",Grand Residence - 105A Sri Saranankara Road,3,4,"1,580 sqft"
50,2BR APARTMENT FOR SALE DEHIWALA, 6 Jul 11:40 pm,"Dehiwala, Colombo","23,500,000","7th Floor Apartment For Sale Pepiliyana Road,Nedimala,DehiwalaCALTON RESIDENCES ","Pepiliyana Road,Nedimala,Dehiwala",2,1,950 sqft
51,Brand New 3 Bed Room Apartment for Sale (apt809) Dehiwala,19 Jul  9:49 am,"Dehiwala, Colombo","28,000,000","*Address -Allen Avanue Dehiwala*price - 28000000\=*Sqft - 1740*Floor- 6*Bedrooms -3*Bathrooms -3*Servant Room - 01*Servant Bathroom - 01*Property type - Apartment*Dedicated Entertainment Space for Children/Family on Roof Top.*Surrounded by food,restaurants,markets,cloth shops,jeweller shops,banks,foreign currency exchange centers,cinema theaters,mosques,medical clinics & fashion houses. Facilities - Parking , Lift , Generator, Hot water,24/h",Allen Avanue  Dehiwala,3,3,"1,740 sqft"
52,Luxury Apartment in Dehiwala, 6 Jul 12:51 pm,"Dehiwala, Colombo","19,500,000","24 HRS SECURITY COMPLETION DATE 2019 DECEMBER,,,,,,,,,,,,FULLY INSTALLMENT PAYMENT METHOD, FULLY LUXURY TYPE OF APARTMENT, ROOFTOP, GENERATOR, VISITORS LOBBY, CAR PARK, TWO LIFT, AND MORE,,,CALL ,,,,,,,,,,,,,,,,,,,,,","PETERS LANE, DEHIWELA",3,3,"1,340 sqft"
53,Brand New Apartment For Sale - Dehiwala (00770),19 Jul  9:54 am,"Dehiwala, Colombo","28,000,000","*Address -Allen Avanue Dehiwala*price - 28000000\=*Sqft - 1740*Floor- 6*Bedrooms -3*Bathrooms -3*Servant Room - 01*Servant Bathroom - 01*Property type - Apartment*Dedicated Entertainment Space for Children/Family on Roof Top.*Surrounded by food,restaurants,markets,cloth shops,jeweller shops,banks,foreign currency exchange centers,cinema theaters,mosques,medical clinics & fashion houses. Facilities - Parking , Lift , Generator, Hot water,24/h",Allen Avanue  Dehiwala,3,3,"1,740 sqft"
54,Brand New Apartment for Sale - Dehiwala (00750),19 Jul  9:55 am,"Dehiwala, Colombo","28,000,000","Address -Allen Avanue Dehiwala*price - 28000000\=*Sqft - 1740*Floor- 6*Bedrooms -3*Bathrooms -2*Servant Room - 01*Servant Bathroom - 01*Property type - Apartment*Dedicated Entertainment Space for Children/Family on Roof Top.*Surrounded by food,restaurants,markets,cloth shops,jeweller shops,banks,foreign currency exchange centers,cinema theaters,mosques,medical clinics & fashion houses. Facilities - Parking , Lift , Generator, Hot water,24/h",Allen Avanue  Dehiwala,3,2,"1,740 sqft"
55,Dehiwala Malwatta Road 3 Bhk Apartments, 5 Jul 10:01 pm,"Dehiwala, Colombo","22,900,000","LOCATION Sheratan sweet home and developers focus on the specious comfortable apartments in an affordable manner. This apartment gives an elegant and peaceful atmosphere. It is walking distance to Galle road, twenty minutes’ drive to the Colombo city centre, ",Malwatta Road,3,2,"1,400 sqft"
56,Luxury Apartment for Sale - Dehiwela,12 Jul 12:52 pm,"Dehiwala, Colombo","18,200,000","HURRY UP DISCOUNT AVAILABLE !!!!!! 24 HRS SECURITY COMPLETION DATE 2019 DECEMBER,,,,,,,,,,,,FULLY INSTALLMENT PAYMENT METHOD, FULLY LUXURY TYPE OF APARTMENT, ROOFTOP, GENERATOR, VISITORS LOBBY, CAR PARK, TWO LIFT, AND MORE,,,CALL ,,,,,,,,,,,,,,,,,,,,,","PETERS LANE, DEHIWELA",3,3,"1,250 sqft"
57,Luxury Apartment Dehiwela,22 Jul  4:34 pm,"Dehiwala, Colombo","25,200,000","OWN YOUR OWN HOME AT PEACEFUL LIVING HEART OF DEHIWELA,,,,,,,,,,,,,,,,,,,,COMPLETION DATE 2020 DECEMBER,,,,,,,,,,,,FULLY INSTALLMENT PAYMENT METHOD, FULLY LUXURY TYPE OF APARTMENT, ROOFTOP, GENERATOR, VISITORS LOBBY, CAR PARK, TWO LIFT, 24 HRS SECURITY, MAID ROOM AND BATH AND MORE,,,,",DE ALWIS PLACE DEHIWELA,4,4,"1,680 sqft"
58,Brand New Project - 3 Beds Apartment, 5 Jul  5:37 pm,"Dehiwala, Colombo","22,000,000",New Apartment For Sale - Dehiwala-Ongoing Project--6 Interest Free Installments--Completion December 2019- ,"Peters Lane , Dehiwala",3,2,"1,370 sqft"
59,New 3 Beds Apartment for Sale - Dehiwala, 5 Jul  5:35 pm,"Dehiwala, Colombo","19,000,000",New Apartment For Sale - Dehiwala-Ongoing Project--6 Interest Free Installments--Completion December 2019- ,"Peters Lane , Dehiwala",3,2,"1,260 sqft"
60,4 Beds Apartment For Sale - Dehiwala, 5 Jul  3:56 pm,"Dehiwala, Colombo","25,200,000",New Apartment For Sale - Dehiwala-Ongoing Project--12 Interest Free Installments--Completion December 2020- ,"de.alwis place , Dehiwala",4,4,"1,680 sqft"
61,Luxury Apartment - Dehiwela,12 Jul  3:30 pm,"Dehiwala, Colombo","18,900,000","24 HRS SECURITY, ROOFTOP, GENERATOR, FULLY LUXURY TYPE OF APARTMENT, INSTALLMENT PAYMENT METHOD, VISITORS LOBBY, TWO LIFT, CAR PARK,,,,,, 2019 COMPLETION AND MORE,,,,,","PETERS LANE, DEHIWELA",3,2,"1,260 sqft"
62,Brand New Apartment For Sale - Dehiwala (00706),19 Jul 10:51 am,"Dehiwala, Colombo","27,000,000","Address -Allen Avanue Dehiwala*price - 28000000\=*Sqft - 1740*Floor- 6*Bedrooms -3*Bathrooms -3*Servant Room - 01*Servant Bathroom - 01*Property type - Apartment*Dedicated Entertainment Space for Children/Family on Roof Top.*Surrounded by food,restaurants,markets,cloth shops,jeweller shops,banks,foreign currency exchange centers,cinema theaters,mosques,medical clinics & fashion houses. Facilities - Parking , Lift , Generator, Hot water,24/h",Allen Avanue  Dehiwala,3,2,"1,740 sqft"
63,Brand New Apartment For Sale - Dehiwala (00515),19 Jul 10:02 am,"Dehiwala, Colombo","28,000,000","*Address -Allen Avanue Dehiwala*price - 28000000\=*Sqft - 1740*Floor- 6*Bedrooms -3*Bathrooms -3*Servant Room - 01*Servant Bathroom - 01*Property type - Apartment*Dedicated Entertainment Space for Children/Family on Roof Top.*Surrounded by food,restaurants,markets,cloth shops,jeweller shops,banks,foreign currency exchange centers,cinema theaters,mosques,medical clinics & fashion houses. Facilities - Parking , Lift , Generator, Hot water,24/h",Allen Avanue  Dehiwala,3,2,"1,740 sqft"
64,Luxury Apartment Dehiwela,12 Jul  3:30 pm,"Dehiwala, Colombo","21,000,000","24 HRS SECURITY, ROOFTOP, GENERATOR, FULLY LUXURY TYPE OF APARTMENT, INSTALLMENT PAYMENT METHOD, VISITORS LOBBY, TWO LIFT, CAR PARK MAID ROOM , MAID BATH,,,,,, 2020 COMPLETION AND MORE,,,,,,,,",DE ALWIS PLACE DEHIWELA,3,3,"1,440 sqft"
65,Luxury Apartment Dehiwela, 3 Jul 12:15 pm,"Dehiwala, Colombo","19,865,000","24 HRS SECURITY COMPLETION DATE 2019 DECEMBER,,,,,,,,,,,,FULLY INSTALLMENT PAYMENT METHOD, FULLY LUXURY TYPE OF APARTMENT, ROOFTOP, GENERATOR, VISITORS LOBBY, CAR PARK, TWO LIFT, MAID ROOM AND BATH AND MORE,,,","PETERS LANE, DEHIWELA",3,3,"1,370 sqft"
66,Brand New Apartment For Sale - Dehiwala,19 Jul 10:07 am,"Dehiwala, Colombo","28,000,000","*Address -Allen Avanue Dehiwala*price - 28000000\=*Sqft - 1740*Floor- 6*Bedrooms -3*Bathrooms -3*Servant Room - 01*Servant Bathroom - 01*Property type - Apartment*Dedicated Entertainment Space for Children/Family on Roof Top.*Surrounded by food,restaurants,markets,cloth shops,jeweller shops,banks,foreign currency exchange centers,cinema theaters,mosques,medical clinics & fashion houses. Facilities - Parking , Lift , Generator, Hot water,24/h",Allen Avanue  Dehiwala,3,2,"1,750 sqft"
67,Luxury Apartment Dehiwela,12 Jul  3:31 pm,"Dehiwala, Colombo","20,880,000","24 HRS SECURITY, FULLY LUXURY TYPE GYM, ROOFTOP, GENERATOR, FULLY LUXURY TYPE OF APARTMENT, INSTALLMENT PAYMENT METHOD, VISITORS LOBBY, TWO LIFT, CAR PARK MAID ROOM , MAID BATH,,,,,, 2020 COMPLETION AND MORE,,,,,,,,",DE ALWIS PLACE DEHIWELA,3,3,"1,440 sqft"
68,Fully Furnished Apartment for Sale Dehiwala, 2 Jul  4:46 am,"Dehiwala, Colombo","20,000,000",Luxury apartment for sale 3 bedrooms 2 bedrooms a/c hot water sqft 1300  immediately sale price 200 lakhs please no brokers,galle road dehiwala,3,2,"1,300 sqft"
69,Luxury Apartment for Sale Dehiwala,30 Jun  3:03 pm,"Dehiwala, Colombo","20,000,000","A LUXURY APARTMENT FOR SALE IN THE HEART OF DEHIWALA, IN A TRANQUILENT AREA.KAWDANA ROAD, DEHIWALA.WITH GYMNASIUM & ROOFTOP.RS 20 MLN. ( 200 LAKHS  )INSPECTION BY PRIOR APPOINTMENT .GENUINE BUYERS ONLY, NO BROKERS PLS.",3,2,"1,200 sqft",
70,Brand New Apartment - Dehiwala,15 Jul  6:55 am,"Dehiwala, Colombo","27,500,000",Fully furnished apartment Fully air condition Parking Gim3 Bedroom 3 attched 28millionClose to Gateway international school,3,3,"1,475 sqft",
71,3 Beds Apartment for Sale - Dehiwala,28 Jun  2:11 pm,"Dehiwala, Colombo","21,000,000",New Apartment For Sale - Dehiwala-Ongoing Project--12 Interest Free Installments--Completion December 2020- ,"De.Alwis Place , Dehiwala",3,2,"1,355 sqft"
72,Sea View Apartment for Sale - Dehiwala,28 Jun 12:35 pm,"Dehiwala, Colombo","19,000,000",New Apartment For Sale - Dehiwala-Ongoing Project--6 Interest Free Installments--Completion December 2019- ,"Peters Lane , Dehiwala",3,2,"1,260 sqft"
73,Brand New Project - 3 Beds Apartment,28 Jun 11:21 am,"Dehiwala, Colombo","21,600,000",New Apartment For Sale - Dehiwala-Ongoing Project--12 Interest Free Installments--Completion December 2020- ,De.Alwis Place - Dehiwala,3,2,"1,440 sqft"
74,Luxury Apartment for Sell in Dehiwala with furniture,27 Jun  9:16 pm,"Dehiwala, Colombo","28,000,000","Luxury Apartment for Sell in Dehiwala05th Floor , 	3 Bedrooms-	1 Attached Bathroom | 1 Common Bathroom-	Living | Dining | Fully Fitted Pantry Kitchen","Mount Melody , Dehiwala",3,2,"1,350 sqft"
75,Brand New Luxury Apartment - Dehiwala,26 Jun  8:30 am,"Dehiwala, Colombo","28,500,000",3 Bedroom apartment 3 attched bathroom Fully air condition ParkingClose to dehiwala Gateway international school Very close to dehiwala zoo 28.5 million,3,3,"1,475 sqft",
76,Luxury Apartment Dehiwala,24 Jun 11:17 am,"Dehiwala, Colombo","19,865,000","24 HRS SECURITY COMPLETION DATE 2019  DECEMBER,,,,,,,,,,,,FULLY INSTALLMENT PAYMENT METHOD, FULLY LUXURY TYPE OF APARTMENT, ROOFTOP, GENERATOR, VISITORS LOBBY, CAR PARK, TWO LIFT, MAID ROOM AND BATH AND MORE,,,","PETERS LANE, DEHIWELA",3,3,"1,370 sqft"
77,Luxury Apartment Dehiwela,24 Jun 11:16 am,"Dehiwala, Colombo","20,880,000","24 HRS SECURITY COMPLETION DATE 2020 DECEMBER,,,,,,,,,,,,FULLY INSTALLMENT PAYMENT METHOD, FULLY LUXURY TYPE OF APARTMENT, ROOFTOP, GENERATOR, VISITORS LOBBY, CAR PARK, TWO LIFT, MAID ROOM AND BATH AND MORE,,,",DE ALWIS PLACE DEHIWELA,3,3,"1,440 sqft"
78,Apartment for Sale in Dehiwala (429B),23 Jun  3:59 pm,"Dehiwala, Colombo","33,000,000",2nd floor available with four bedrooms and three bathrooms (two attached bathroom and one common bathroom)1850 square feet (This is two apartments converted in to one apartment with two main doors and two seperate meters. For your requirement you can use seperatly),SEASIED,4,3,"1,850 sqft"
79,3 Roomed brand new apartment for Sale – Dehiwala,22 Jun  7:10 pm,"Dehiwala, Colombo","26,000,000",3 Roomed brand new apartment for SALE –  DehiwalaAsking price Rs 26 Million (Negotiable)Brand new 3 Bed rooms3 Bath rooms1750 sq ftAir conditioner the master bed roomHot water Servant room & bathroom with separate entrance Pantry kitchen Function area Imported bathroom fittingsCable television Standby generatorCentral GasLift,Dehiwala,3,3,"1,750 sqft"
80,Luxury Apartment - Dehiwela,21 Jun  1:50 pm,"Dehiwala, Colombo","20,880,000","24 HRS SECURITY COMPLETION DATE 2020DECEMBER,,,,,,,,,,,,FULLY INSTALLMENT PAYMENT METHOD, FULLY LUXURY TYPE OF APARTMENT, ROOFTOP, GENERATOR, VISITORS LOBBY, CAR PARK, TWO LIFT, MAID ROOM AND BATH AND MORE,,,",DE ALWIS PLACE DEHIWELA,3,3,"1,440 sqft"
81,Luxury Apartment for sale - Dehiwala,20 Jun  2:41 pm,"Dehiwala, Colombo","24,500,000","24 HRS SECURITY COMPLETION DATE 2020DECEMBER,,,,,,,,,,,,FULLY INSTALLMENT PAYMENT METHOD, FULLY LUXURY TYPE OF APARTMENT, ROOFTOP, GENERATOR, VISITORS LOBBY, CAR PARK, TWO LIFT, MAID ROOM AND BATH AND MORE,,,",DE ALWIS PLACE DEHIWELA,4,4,"1,680 sqft"
82,"2 Roomed New Apartment for Sale (with deed) – Sea View, Dehiwala",20 Jun 11:37 am,"Dehiwala, Colombo","17,500,000","2 Roomed new apartment for SALE –  Sea View,  Dehiwala",Dehiwala,2,2,925 sqft
83,Luxury Apartment Dehiwela,22 Jul  4:34 pm,"Dehiwala, Colombo","25,200,000","OWN YOUR OWN HOME AT PEACEFUL LIVING HEART OF DEHIWELA,,,,,,,,,,,,,,,,,,,,COMPLETION DATE 2020 DECEMBER,,,,,,,,,,,,FULLY INSTALLMENT PAYMENT METHOD, FULLY LUXURY TYPE OF APARTMENT, ROOFTOP, GENERATOR, VISITORS LOBBY, CAR PARK, TWO LIFT, 24 HRS SECURITY, MAID ROOM AND BATH AND MORE,,,,",DE ALWIS PLACE DEHIWELA,4,4,"1,680 sqft"
84,Luxury Apartment Dehiwela,22 Jul  5:14 pm,"Dehiwala, Colombo","21,500,000","OWN YOUR OWN HOME AT PEACEFUL LIVING HEART OF DEHIWELA,,,,,,,,,,,,,,,,,,,,COMPLETION DATE 2020 DECEMBER,,,,,,,,,,,,FULLY INSTALLMENT PAYMENT METHOD, FULLY LUXURY TYPE OF APARTMENT, ROOFTOP, GENERATOR, VISITORS LOBBY, CAR PARK, TWO LIFT, 24 HRS SECURITY, MAID ROOM AND BATH AND MORE,,,,",DE ALWIS PLACE DEHIWELA,3,3,"1,440 sqft"
85,"2 Roomed Brand New Luxury Apartment for Sale – Sea View, Dehiwala",20 Jun 11:01 am,"Dehiwala, Colombo","22,000,000","2 Roomed brand new luxury apartment for SALE –  Sea View,  Dehiwala",Dehiwala,2,3,"1,195 sqft"
86,2 Bed Roomed Luxury Brand New Apartment for Sale - Dehiwala,20 Jun  9:20 am,"Dehiwala, Colombo","21,000,000",2 Bed roomed luxury brand new apartment for SALE - DehiwalaExpected price LKR 21m ,Dehiwala,2,2,"1,100 sqft"
87,Luxury Apartment Dehiwela,12 Jul  3:31 pm,"Dehiwala, Colombo","21,500,000","24 HRS SECURITY, FULLY LUXURY TYPE GYM, ROOFTOP, GENERATOR, FULLY LUXURY TYPE OF APARTMENT, INSTALLMENT PAYMENT METHOD, VISITORS LOBBY, TWO LIFT, CAR PARK MAID ROOM , MAID BATH,,,,,, 2020 COMPLETION AND MORE,,,,,,,,",DE ALWIS PLACE DEHIWELA,3,3,"1,440 sqft"
88,Luxury Apartment Dehiwela,12 Jul  3:31 pm,"Dehiwala, Colombo","24,500,000","24 HRS SECURITY, FULLY LUXURY TYPE GYM, ROOFTOP, GENERATOR, FULLY LUXURY TYPE OF APARTMENT, INSTALLMENT PAYMENT METHOD, VISITORS LOBBY, TWO LIFT, CAR PARK MAID ROOM , MAID BATH,,,,,, 2020 COMPLETION AND MORE,,,,,,,,",DE ALWIS PLACE DEHIWELA,4,4,"1,680 sqft"
89,Luxury Apartment for Sale - Dehiwela,12 Jul  3:31 pm,"Dehiwala, Colombo","21,500,000","24 HRS SECURITY, FULLY LUXURY TYPE GYM, ROOFTOP, GENERATOR, FULLY LUXURY TYPE OF APARTMENT, INSTALLMENT PAYMENT METHOD, VISITORS LOBBY, TWO LIFT, CAR PARK MAID ROOM , MAID BATH,,,,,, 2020 COMPLETION AND MORE,,,,,,,,",DE ALWIS PLACE DEHIWELA,3,3,"1,440 sqft"
90,Luxury Apartment in Dehiwala,12 Jul  3:31 pm,"Dehiwala, Colombo","14,000,000","24 HRS SECURITY, FULLY LUXURY TYPE GYM, ROOFTOP, GENERATOR, FULLY LUXURY TYPE OF APARTMENT, INSTALLMENT PAYMENT METHOD, VISITORS LOBBY, TWO LIFT, CAR PARK MAID ROOM , MAID BATH,,,,,, 2019 COMPLETION AND MORE,,,,,,,,","PETERS LANE, DEHIWELA",2,2,860 sqft
91,Luxury Apartment in Dehiwala,12 Jul  3:32 pm,"Dehiwala, Colombo","18,300,000","24 HRS SECURITY, FULLY LUXURY TYPE GYM, ROOFTOP, GENERATOR, FULLY LUXURY TYPE OF APARTMENT, INSTALLMENT PAYMENT METHOD, VISITORS LOBBY, TWO LIFT, CAR PARK MAID ROOM , MAID BATH,,,,,, 2019 COMPLETION AND MORE,,,,,,,,","PETERS LANE, DEHIWELA",3,2,"1,260 sqft"
92,Luxury Apartment in Dehiwela,12 Jul  3:32 pm,"Dehiwala, Colombo","18,100,000","24 HRS SECURITY, FULLY LUXURY TYPE GYM, ROOFTOP, GENERATOR, FULLY LUXURY TYPE OF APARTMENT, INSTALLMENT PAYMENT METHOD, VISITORS LOBBY, TWO LIFT, CAR PARK MAID ROOM , MAID BATH,,,,,, 2019 COMPLETION AND MORE,,,,,,,,","PETERS LANE, DEHIWELA",3,2,"1,250 sqft"
93,Luxury Apartment for Sale in Dehiwala,12 Jul  3:32 pm,"Dehiwala, Colombo","20,880,000","24 HRS SECURITY, FULLY LUXURY TYPE GYM, ROOFTOP, GENERATOR, FULLY LUXURY TYPE OF APARTMENT, INSTALLMENT PAYMENT METHOD, VISITORS LOBBY, TWO LIFT, CAR PARK MAID ROOM , MAID BATH,,,,,, 2020 COMPLETION AND MORE,,,,,,,,",DE ALWIS PLACE DEHIWELA,3,3,"1,440 sqft"
94,Luxury Apartment Dehiwela,19 Jun  2:29 pm,"Dehiwala, Colombo","14,000,000","24 HRS SECURITY COMPLETION DATE 2019 DECEMBER,,,,,,,,,,,,FULLY INSTALLMENT PAYMENT METHOD, FULLY LUXURY TYPE OF APARTMENT, ROOFTOP, GENERATOR, VISITORS LOBBY, CAR PARK, TWO LIFT, MAID ROOM AND BATH AND MORE,,,","PETERS LANE, DEHIWELA",2,2,860 sqft
95,Luxury Apartment Dehiwela,19 Jun  2:27 pm,"Dehiwala, Colombo","20,880,000","24 HRS SECURITY COMPLETION DATE 2020 DECEMBER,,,,,,,,,,,,FULLY INSTALLMENT PAYMENT METHOD, FULLY LUXURY TYPE OF APARTMENT, ROOFTOP, GENERATOR, VISITORS LOBBY, CAR PARK, TWO LIFT, MAID ROOM AND BATH AND MORE,,,",DE ALWIS PLACE DEHIWELA,3,3,"1,440 sqft"
96,Apartment Brand New for sale Dehiwala,18 Jul  9:24 am,"Dehiwala, Colombo","28,600,000",Fully furnished apartment Fully air condition Parking 3 Bedroom 3 attched bathroom 1475 square fit28.6million,3,3,"1,475 sqft",
97,Luxury Apartment Dehiwela,17 Jun  2:24 pm,"Dehiwala, Colombo","21,000,000","24 HRS SECURITY COMPLETION DATE 2020 DECEMBER,,,,,,,,,,,,FULLY INSTALLMENT PAYMENT METHOD, FULLY LUXURY TYPE OF APARTMENT, ROOFTOP, GENERATOR, VISITORS LOBBY, CAR PARK, TWO LIFT, MAID ROOM AND BATH AND MORE,,,",DE ALWIS PLACE DEHIWELA,3,3,"1,440 sqft"
98,Luxury Apartment Dehiwela,17 Jun  2:24 pm,"Dehiwala, Colombo","18,100,000","24 HRS SECURITY COMPLETION DATE 2019 DECEMBER,,,,,,,,,,,,FULLY INSTALLMENT PAYMENT METHOD, FULLY LUXURY TYPE OF APARTMENT, ROOFTOP, GENERATOR, VISITORS LOBBY, CAR PARK, TWO LIFT, MAID ROOM AND BATH AND MORE,,,",DE ALWIS PLACE DEHIWELA,3,2,"1,250 sqft"
99,Luxury Apartment Dehiwela,17 Jun  1:28 pm,"Dehiwala, Colombo","18,100,000","24 HRS SECURITY COMPLETION DATE 2019 DECEMBER,,,,,,,,,,,,FULLY INSTALLMENT PAYMENT METHOD, FULLY LUXURY TYPE OF APARTMENT, ROOFTOP, GENERATOR, VISITORS LOBBY, CAR PARK, TWO LIFT, MAID ROOM AND BATH AND MORE,,,","PETERS LANE, DEHIWELA",3,2,"1,250 sqft"
100,Luxury Apartment In Dehiwela,17 Jun 10:44 am,"Dehiwala, Colombo","24,360,000","24 HRS SECURITY    COMPLETION DATE 2020 DECEMBER,,,,,,,,,,,,FULLY INSTALLMENT PAYMENT METHOD, FULLY LUXURY TYPE OF APARTMENT, ROOFTOP, GENERATOR, VISITORS LOBBY, CAR PARK, TWO LIFT, MAID ROOM AND BATH AND MORE,,,",DE ALWIS PLACE DEHIWELA,4,4,"1,680 sqft"
101,Luxury Apartment for Sale in Dehiwala,17 Jun 10:38 am,"Dehiwala, Colombo","16,500,000","24 HRS SECURITY  COMPLETION DATE 2020 DECEMBER,,,,,,,,,,,,FULLY INSTALLMENT PAYMENT METHOD, FULLY LUXURY TYPE OF APARTMENT, ROOFTOP, GENERATOR, VISITORS LOBBY, CAR PARK, TWO LIFT,  MAID ROOM AND BATH AND MORE,,,",DE ALWIS PLACE DEHIWELA,3,2,"1,130 sqft"
102,Luxury Apartment Dehiwela,17 Jun 10:37 am,"Dehiwala, Colombo","16,500,000","24 HRS SECURITY,  COMPLETION DATE 2020 DECEMBER,,,,,,,,,,,,FULLY INSTALLMENT PAYMENT METHOD, FULLY LUXURY TYPE OF APARTMENT, ROOFTOP, GENERATOR, VISITORS LOBBY, CAR PARK, TWO LIFT, MAID ROOM AND BATH AND MORE,,,",DE ALWIS PLACE DEHIWELA,3,2,"1,130 sqft"
103,Brand New Apartment for Sale in Dehiwala,20 Jun  7:19 pm,"Dehiwala, Colombo","28,000,000",Brand New Apartment for sale in Dehiwala,"Allen Aveniw, Dehiwala",3,3,"1,750 sqft"
104,Brand New Modern Apartment in Dehiwala,15 Jun  4:15 pm,"Dehiwala, Colombo","22,900,000","This is a Brand New Apartment on the 6th floor with both Sea views and City views. It consists of 3 Bedrooms with 2 Bathrooms (one attached). 05 Balconies with right round views and good light and ventilation. Fully equipped kitchen. 50 Metres walking distance to the Beach and Galle road with access to all amenities. Easy access to Marine Drive. Reserved car park, 24 hour security , rooftop for functions etc. Ready for immediate occupancy. Can be purchased Unfurnished or furnished. Price quoted is unfurnished and negotiable. Contact owner for more information.",Peters lane,3,2,"1,410 sqft"
105,Luxury Apartment Dehiwela,15 Jun 12:48 pm,"Dehiwala, Colombo","16,385,000","COMPLETION DATE 2020 DECEMBER,,,,,,,,,,,,FULLY INSTALLMENT PAYMENT METHOD, FULLY LUXURY TYPE OF APARTMENT, ROOFTOP, GENERATOR, VISITORS LOBBY, CAR PARK, TWO LIFT, 24 HRS SECURITY, MAID ROOM AND BATH AND MORE,,,",DE ALWIS PLACE DEHIWELA,3,2,"1,130 sqft"
106,Luxury Apartment Dehiwala,14 Jun  3:35 pm,"Dehiwala, Colombo","16,500,000","COMPLETION DATE 2020 DECEMBER,,,,,,,,,,,,FULLY INSTALLMENT PAYMENT METHOD, FULLY LUXURY TYPE OF APARTMENT, ROOFTOP, GENERATOR, VISITORS LOBBY, CAR PARK, TWO LIFT, 24 HRS SECURITY, MAID ROOM AND BATH AND MORE,,,",DE ALWIS PLACE DEHIWELA,3,2,"1,130 sqft"
107,Luxury Apartment Dehiwela,14 Jun  3:28 pm,"Dehiwala, Colombo","19,647,500","COMPLETION DATE 2020 DECEMBER,,,,,,,,,,,,FULLY INSTALLMENT PAYMENT METHOD, FULLY LUXURY TYPE OF APARTMENT, ROOFTOP, GENERATOR, VISITORS LOBBY, CAR PARK, TWO LIFT, 24 HRS SECURITY, MAID ROOM AND BATH AND MORE,",DE ALWIS PLACE DEHIWELA,3,2,"1,355 sqft"
108,Luxury Apartment for Sale in Dehiwala,14 Jun  3:26 pm,"Dehiwala, Colombo","16,500,000","COMPLETION DATE 2020 DECEMBER,,,,,,,,,,,,FULLY INSTALLMENT PAYMENT METHOD, FULLY LUXURY TYPE OF APARTMENT, ROOFTOP, GENERATOR, VISITORS LOBBY, CAR PARK, TWO LIFT, 24 HRS SECURITY, MAID ROOM AND BATH AND MORE,",DE ALWIS PLACE DEHIWELA,3,2,"1,130 sqft"
109,Apartment Sale at Dehiwala,12 Jun  3:17 pm,"Dehiwala, Colombo","23,000,000","Apartment situated in a calm, quiet and safe place with nice environment",WINDSOR AVENUE VENDERVERT PLACE DEHIWALA,3,2,"1,200 sqft"
110,Luxury Apartment in Dehiwala,22 Jul  5:15 pm,"Dehiwala, Colombo","20,100,000","OWN YOUR OWN HOME AT PEACEFUL LIVING HEART OF DEHIWELA,,,,,,,,,,,,,,,,,,,,COMPLETION DATE 2019 DECEMBER,,,,,,,,,,,,FULLY INSTALLMENT PAYMENT METHOD, FULLY LUXURY TYPE OF APARTMENT, ROOFTOP, GENERATOR, VISITORS LOBBY, CAR PARK, TWO LIFT, 24 HRS SECURITY, MAID ROOM AND BATH AND MORE,,,,","PETERS LANE, DEHIWELA",3,3,"1,340 sqft"
111,Luxury Apartment Dehiwela,22 Jul  5:14 pm,"Dehiwala, Colombo","21,500,000","OWN YOUR OWN HOME AT PEACEFUL LIVING HEART OF DEHIWELA,,,,,,,,,,,,,,,,,,,,COMPLETION DATE 2020 DECEMBER,,,,,,,,,,,,FULLY INSTALLMENT PAYMENT METHOD, FULLY LUXURY TYPE OF APARTMENT, ROOFTOP, GENERATOR, VISITORS LOBBY, CAR PARK, TWO LIFT, 24 HRS SECURITY, MAID ROOM AND BATH AND MORE,,,,",DE ALWIS PLACE DEHIWELA,3,3,"1,440 sqft"
112,Luxury Apartment - Dehiwala,12 Jul  3:35 pm,"Dehiwala, Colombo","21,000,000","OWN YOUR OWN HOME AT PEACEFUL LIVING HEART OF DEHIWELA,,,,,,,,,,,,,,,,,,,,COMPLETION DATE 2020 DECEMBER,,,,,,,,,,,,FULLY INSTALLMENT PAYMENT METHOD, FULLY LUXURY TYPE OF APARTMENT, ROOFTOP, GENERATOR, VISITORS LOBBY, CAR PARK, TWO LIFT, 24 HRS SECURITY, MAID ROOM AND BATH AND MORE,,,,",DE ALWIS PLACE DEHIWELA,3,3,"1,440 sqft"
113,Luxury Apartment Dehiwela,12 Jun  2:27 pm,"Dehiwala, Colombo","24,000,000","OWN YOUR OWN HOME AT PEACEFUL LIVING HEART OF DEHIWELA,,,,,,,,,,,,,,,,,,,,COMPLETION DATE 2020 DECEMBER,,,,,,,,,,,,FULLY INSTALLMENT PAYMENT METHOD, FULLY LUXURY TYPE OF APARTMENT, ROOFTOP, GENERATOR, VISITORS LOBBY, CAR PARK, TWO LIFT, 24 HRS SECURITY, MAID ROOM AND BATH AND MORE,,,,",DE ALWIS PLACE DEHIWELA,4,4,"1,680 sqft"
114,Luxury Apartment for Sale Dehiwela,12 Jun  4:02 pm,"Dehiwala, Colombo","21,000,000","OWN YOUR OWN HOME AT PEACEFUL LIVING HEART OF DEHIWELA,,,,,,,,,,,,,,,,,,,,COMPLETION DATE 2020 DECEMBER,,,,,,,,,,,,FULLY INSTALLMENT PAYMENT METHOD, FULLY LUXURY TYPE OF APARTMENT, ROOFTOP, GENERATOR, VISITORS LOBBY, CAR PARK, TWO LIFT, 24 HRS SECURITY, MAID ROOM AND BATH AND MORE,,,,",DE ALWIS PLACE DEHIWELA,3,3,"1,440 sqft"
115,Luxury Apartment Dehiwela,11 Jun  2:43 pm,"Dehiwala, Colombo","22,500,000","OWN YOUR OWN HOME AT PEACEFUL LIVING HEART OF DEHIWELA,,,,,,,,,,,,,,,,,,,,COMPLETION DATE 2019 DECEMBER,,,,,,,,,,,,FULLY INSTALLMENT PAYMENT METHOD, FULLY LUXURY TYPE OF APARTMENT, ROOFTOP, GENERATOR, VISITORS LOBBY, CAR PARK, TWO LIFT, 24 HRS SECURITY, MAID ROOM AND BATH AND MORE,,, 8th floor","PETERS LANE, DEHIWELA",3,3,"1,370 sqft"
116,Luxury Apartment - Dehiwala,11 Jun  2:14 pm,"Dehiwala, Colombo","21,000,000","OWN YOUR OWN HOME AT PEACEFUL LIVING HEART OF DEHIWELA,,,,,,,,,,,,,,,,,,,,COMPLETION DATE 2020 DECEMBER,,,,,,,,,,,,FULLY INSTALLMENT PAYMENT METHOD, FULLY LUXURY TYPE OF APARTMENT, ROOFTOP, GENERATOR, VISITORS LOBBY, CAR PARK, TWO LIFT, 24 HRS SECURITY, MAID ROOM AND BATH AND MORE,,,",DE ALWIS PLACE DEHIWELA,3,3,"1,440 sqft"
117,Luxury Apartment Dehiwela,11 Jun  2:13 pm,"Dehiwala, Colombo","14,000,000","OWN YOUR OWN HOME AT PEACEFUL LIVING HEART OF DEHIWELA,,,,,,,,,,,,,,,,,,,,COMPLETION DATE 2019 DECEMBER,,,,,,,,,,,,FULLY INSTALLMENT PAYMENT METHOD, FULLY LUXURY TYPE OF APARTMENT, ROOFTOP, GENERATOR, VISITORS LOBBY, CAR PARK, TWO LIFT, 24 HRS SECURITY, MAID ROOM AND BATH AND MORE,,,","PETERS LANE, DEHIWELA",3,2,860 sqft
118,Luxury Apartment - Dehiwala,11 Jun  2:12 pm,"Dehiwala, Colombo","20,880,000","OWN YOUR OWN HOME AT PEACEFUL LIVING HEART OF DEHIWELA,,,,,,,,,,,,,,,,,,,,COMPLETION DATE 2020 DECEMBER,,,,,,,,,,,,FULLY INSTALLMENT PAYMENT METHOD, FULLY LUXURY TYPE OF APARTMENT, ROOFTOP, GENERATOR, VISITORS LOBBY, CAR PARK, TWO LIFT, 24 HRS SECURITY, MAID ROOM AND BATH AND MORE,,,",DE ALWIS PLACE DEHIWELA,3,3,"1,440 sqft"
119,3 Beds Apartment for Sale - Dehiwala,11 Jun  1:36 pm,"Dehiwala, Colombo","22,000,000",New Apartment For Sale - Dehiwala-Ongoing Project--6 Interest Free Installments--Completion December 2019- ,"Peters Lane , Dehiwala",3,3,"1,370 sqft"
120,3 Bedrooms Apartment for Sale - Dehiwala,11 Jun  1:22 pm,"Dehiwala, Colombo","22,000,000",New Apartment For Sale - Dehiwala-Ongoing Project--6 Interest Free Installments--Completion December 2019- ,"Peters Lane , Dehiwala",3,3,"1,340 sqft"
121,Brand New 3BD Apartment for Sale in Dehiwala,11 Jun  1:41 am,"Dehiwala, Colombo","19,000,000",STRICTLY NO AGENT PLS.,DEHIWALA,3,2,"1,010 sqft"
122,Luxury Apartment Dehiwala,10 Jun  5:01 pm,"Dehiwala, Colombo","18,200,000","OWN YOUR OWN HOME AT PEACEFUL LIVING HEART OF DEHIWELA,,,,,,,,,,,,,,,,,,,,COMPLETION DATE 2019 DECEMBER,,,,,,,,,,,,FULLY INSTALLMENT PAYMENT METHOD, FULLY LUXURY TYPE OF APARTMENT, ROOFTOP, GENERATOR, VISITORS LOBBY, CAR PARK, TWO LIFT, 24 HRS SECURITY, MAID ROOM AND BATH AND MORE,,,,","PETERS LANE, DEHIWELA",3,2,"1,260 sqft"
123,Luxury Apartment Dehiwela,10 Jun  4:51 pm,"Dehiwala, Colombo","18,900,000","OWN YOUR OWN HOME AT PEACEFUL LIVING HEART OF DEHIWELA,,,,,,,,,,,,,,,,,,,,COMPLETION DATE 2019 DECEMBER,,,,,,,,,,,,FULLY INSTALLMENT PAYMENT METHOD, FULLY LUXURY TYPE OF APARTMENT, ROOFTOP, GENERATOR, VISITORS LOBBY, CAR PARK, TWO LIFT, 24 HRS SECURITY, MAID ROOM AND BATH AND MORE,,,,","PETERS LANE, DEHIWELA",3,2,"1,260 sqft"
124,Luxury Apartment in DEHIWELA,10 Jun  4:48 pm,"Dehiwala, Colombo","18,100,000","OWN YOUR OWN HOME AT PEACEFUL LIVING HEART OF DEHIWELA,,,,,,,,,,,,,,,,,,,,COMPLETION DATE 2019 DECEMBER,,,,,,,,,,,,FULLY INSTALLMENT PAYMENT METHOD, FULLY LUXURY TYPE OF APARTMENT, ROOFTOP, GENERATOR, VISITORS LOBBY, CAR PARK, TWO LIFT, 24 HRS SECURITY, MAID ROOM AND BATH AND MORE,,,,","PETERS LANE, DEHIWELA",3,2,"1,260 sqft"
125,Luxury Apartment for Sale in Dehiwala,11 Jun  1:17 pm,"Dehiwala, Colombo","24,360,000","OWN YOUR OWN HOME AT PEACEFUL LIVING HEART OF DEHIWELA,,,,,,,,,,,,,,,,,,,,COMPLETION DATE 2019 DECEMBER,,,,,,,,,,,,FULLY INSTALLMENT PAYMENT METHOD, FULLY LUXURY TYPE OF APARTMENT, ROOFTOP, GENERATOR, VISITORS LOBBY, CAR PARK, TWO LIFT, 24 HRS SECURITY, MAID ROOM AND BATH AND MORE,,,,",DE ALWIS PLACE DEHIWELA,4,4,"1,680 sqft"
126,2 Bedrooms Apartment for Sale - Dehiwala,11 Jun 11:43 am,"Dehiwala, Colombo","14,500,000",New Apartment For Sale - Dehiwala-Ongoing Project--6 Interest Free Installments--Completion December 2019- ,"Peters Lane , Dehiwala",2,2,860 sqft
127,Brand New Project - 3 Beds Apartment Dehiwala,10 Jun  4:23 pm,"Dehiwala, Colombo","20,500,000",New Apartment For Sale - Dehiwala-Ongoing Project--6 Interest Free Installments--Completion December 2019- ,"Peters Lane , Dehiwala",3,3,"1,370 sqft"
128,New 3 Beds Apartment for Sale - Dehiwala,10 Jun  3:37 pm,"Dehiwala, Colombo","21,000,000",New Apartment For Sale - Dehiwala-Ongoing Project--12 Interest Free Installments--Completion December 2020- ,"De.Alwis Place , Dehiwala",3,2,"1,355 sqft"
129,Brand New Apartment - Dehiwala,24 Jun  8:10 am,"Dehiwala, Colombo","29,500,000",Brand New Apartment 3 Bedroom 3 Attched Bathroom 29.5 million,3,3,"1,475 sqft",
130,Ongoing Flat - Skyline Apartments Dehiwala,11 Jun 11:48 am,"Dehiwala, Colombo","14,500,000",New Apartment For Sale - Dehiwala-Ongoing Project--6 Interest Free Installments--Completion December 2019- ,"Peters Lane , Dehiwala",2,2,860 sqft
131,Apartment for Sale - Dehiwala,28 Jun 10:43 am,"Dehiwala, Colombo","25,000,000",Apartment for sale 4 bedrooms 3 bathrooms sqft 1600 immediately sale price 250 lakh please no brokers,sujatha avinue kalubowila dehiwala,4,3,"1,600 sqft"
132,3 Beds Apartment for Sale - Dehiwala,10 Jun  3:37 pm,"Dehiwala, Colombo","19,000,000",New Apartment For Sale - Dehiwala-Ongoing Project--6 Interest Free Installments--Completion December 2019- ,"Peters Lane , Dehiwala",3,2,"1,260 sqft"
133,1 Br Apartment for Sale in - Dehiwala, 7 Jun 11:34 am,"Dehiwala, Colombo","7,600,000","I BR Apartment for sale. Newly built (3 years) in a convenient location with easy and quick access to Galle Road and Marine Drive. Well maintained and fully air conditioned unit on 2nd floor. Reserved parking slot on ground floor. 24 hour security , CCTV and 2 elevators. ",1,1,550 sqft,
134,Renovated Apartment Sale in Dehiwala, 7 Jun 10:02 am,"Dehiwala, Colombo","12,200,000",BEST OPPORTUNITY PRICE 12.2 MILLION  ONLY ( can small negotiable )Call us soon 0773434005,Station Road Dehiwala ( nearest marine drive  ),3,2,890 sqft
135,Ken Tower Dehiwala,12 Jul  4:20 pm,"Dehiwala, Colombo","15,000,000","We are committed to provide the customers with the most comfortable homes which bring them an eternal happiness and satisfaction. Superior quality building products, expertise engineering concepts, Architectural aesthetics, use of latest technology and efficient work force are our tradition of excellence in providing our valuable customers with perfect homes.","No,16,Charles place,Dehiwala",2,2,810 sqft
136,New Apartment for Sale - Dehiwala, 8 Jun 11:25 am,"Dehiwala, Colombo","19,000,000",New Apartment For Sale - Dehiwala-Ongoing Project--6 Interest Free Installments--Completion December 2019- ,"Peters Lane , Dehiwala",3,2,"1,260 sqft"
137,3 Bedroom Wattala Apartment, 8 Jul  9:11 am,"Dehiwala, Colombo","20,000,000",Nemra III - Wattala  | 3 Bedroom Luxury Apartment ,"St.Anthony's Road, off old Negombo Road, Wattala",3,2,"1,400 sqft"
138,Luxury Apartment Dehiwela,22 Jul  5:14 pm,"Dehiwala, Colombo","21,500,000","OWN YOUR OWN HOME AT PEACEFUL LIVING HEART OF DEHIWELA,,,,,,,,,,,,,,,,,,,,COMPLETION DATE 2020 DECEMBER,,,,,,,,,,,,FULLY INSTALLMENT PAYMENT METHOD, FULLY LUXURY TYPE OF APARTMENT, ROOFTOP, GENERATOR, VISITORS LOBBY, CAR PARK, TWO LIFT, 24 HRS SECURITY, MAID ROOM AND BATH AND MORE,,,,",DE ALWIS PLACE DEHIWELA,3,3,"1,440 sqft"
139,Apartment for Sale Dehiwala,28 Jun  2:51 pm,"Dehiwala, Colombo","16,000,000",With original deed and regular facilities,sea side dehiwala,2,1,900 sqft
140,Dehiwala 3 BR Apartment for Sale, 3 Jun 11:17 am,"Dehiwala, Colombo","12,900,000","LOCATION Dehiwala, off Station road, Senanayake Mw, near to Marine city and Dehiwala junction. Walking distance to Galle road. Near to Cargills food city, Dehiwala market, Bus originating place, post office, NSB and peoples banks, churches and beach.","Senanayake place, off station road",3,2,"1,150 sqft"
141,Three Bedroom Apartment for Sale - Dehiwala, 3 Jul 11:02 am,"Dehiwala, Colombo","28,500,000",Brand new apartment Three Bedroom with attched28.5million,3,3,"1,475 sqft",
142,New Luxury Apartment for Sale - Dehiwala, 1 Jun 10:23 am,"Dehiwala, Colombo","35,000,000",New Luxury Apartment For Sale Dehiwala twon.10 floor * living and dining area*3 bedrooms with AC*Large master bedroom with attached   washroom and balcony*Common bathroom*Solid timber doors and aluminum *glazed windows*Service entrance*Fully air conditioned rooms*Imported fitted pantry*Cable TV / Sat TV*Hot water*3 phase electricity*Home security system*Maids room & washroom,200 meters to Dehiwala twon.,3,2,"1,560 sqft"
143,Penthouse Tailored Apartment for Sale - Dehiwala, 6 Jul  3:07 pm,"Dehiwala, Colombo","120,000,000","Location, Community and Quality living, life just got better! It all starts here, outside the lines, with luxury all around. This PENTHOUSE with luxury touches and custom made pieces to fit perfectly throughout the surface is NOW for SALE!",Station Road,4,4,"4,040 sqft"
144,3 Bedroom Brand New Apartment for Sale in Dehiwala,24 Jun  8:10 am,"Dehiwala, Colombo","29,000,000",3 Bedroom 3 attched bathroom Brand New Apartment 29 million,3,3,"1,475 sqft",
145,Luxury Apartment - Dehiwala,30 May  2:03 pm,"Dehiwala, Colombo","20,880,000","OWN YOUR OWN HOME AT PEACEFUL LIVING HEART OF DEHIWELA,,,,,,,,,,,,,,,,,,,,COMPLETION DATE 2020 DECEMBER,,,,,,,,,,,,FULLY INSTALLMENT PAYMENT METHOD, FULLY LUXURY TYPE OF APARTMENT, ROOFTOP, GENERATOR, VISITORS LOBBY, CAR PARK, TWO LIFT, 24 HRS SECURITY, MAID ROOM AND BATH AND MORE,,,,",DE ALWIS PLACE DEHIWELA,3,3,"1,440 sqft"
146,Luxury Apartment Dehiwala,30 May  1:57 pm,"Dehiwala, Colombo","22,000,000","OWN YOUR OWN HOME AT PEACEFUL LIVING HEART OF DEHIWELA,,,,,,,,,,,,,,,,,,,,COMPLETION DATE 2019 DECEMBER,,,,,,,,,,,,FULLY INSTALLMENT PAYMENT METHOD, FULLY LUXURY TYPE OF APARTMENT, ROOFTOP, GENERATOR, VISITORS LOBBY, CAR PARK, TWO LIFT, 24 HRS SECURITY, MAID ROOM AND BATH AND MORE,,,,","PETERS LANE, DEHIWELA",3,3,"1,370 sqft"
147,Luxury Apartment in Dehiwala,30 May  1:16 pm,"Dehiwala, Colombo","18,270,000","OWN YOUR OWN HOME AT PEACEFUL LIVING HEART OF DEHIWELA,,,,,,,,,,,,,,,,,,,,COMPLETION DATE 2019 DECEMBER,,,,,,,,,,,,FULLY INSTALLMENT PAYMENT METHOD, FULLY LUXURY TYPE OF APARTMENT, ROOFTOP, GENERATOR, VISITORS LOBBY, CAR PARK, TWO LIFT, 24 HRS SECURITY, MAID ROOM AND BATH AND MORE,,,,8th floor","PETERS LANE, DEHIWELA",3,2,"1,260 sqft"
148,Luxury Apartment Dehiwala,30 May  1:13 pm,"Dehiwala, Colombo","18,200,000","OWN YOUR OWN HOME AT PEACEFUL LIVING HEART OF DEHIWELA,,,,,,,,,,,,,,,,,,,,COMPLETION DATE 2019 DECEMBER,,,,,,,,,,,,FULLY INSTALLMENT PAYMENT METHOD, FULLY LUXURY TYPE OF APARTMENT, ROOFTOP, GENERATOR, VISITORS LOBBY, CAR PARK, TWO LIFT, 24 HRS SECURITY, MAID ROOM AND BATH AND MORE,,,,","PETERS LANE, DEHIWELA",3,2,"1,250 sqft"
149,Luxury Apartment Dehiwela,30 May  1:13 pm,"Dehiwala, Colombo","20,100,000","OWN YOUR OWN HOME AT PEACEFUL LIVING HEART OF DEHIWELA,,,,,,,,,,,,,,,,,,,,COMPLETION DATE 2019 DECEMBER,,,,,,,,,,,,FULLY INSTALLMENT PAYMENT METHOD, FULLY LUXURY TYPE OF APARTMENT, ROOFTOP, GENERATOR, VISITORS LOBBY, CAR PARK, TWO LIFT, 24 HRS SECURITY, MAID ROOM AND BATH AND MORE,,,,","PETERS LANE, DEHIWELA",3,3,"1,340 sqft"
150,Luxury Apartment Dehiwala,30 May  1:12 pm,"Dehiwala, Colombo","21,000,000","OWN YOUR OWN HOME AT PEACEFUL LIVING HEART OF DEHIWELA,,,,,,,,,,,,,,,,,,,,COMPLETION DATE 2019 DECEMBER,,,,,,,,,,,,FULLY INSTALLMENT PAYMENT METHOD, FULLY LUXURY TYPE OF APARTMENT, ROOFTOP, GENERATOR, VISITORS LOBBY, CAR PARK, TWO LIFT, 24 HRS SECURITY, MAID ROOM AND BATH AND MORE,,,,","PETERS LANE, DEHIWELA",3,3,"1,340 sqft"
151,Luxury Apartment Dehiwela,30 May  1:01 pm,"Dehiwala, Colombo","18,270,000","OWN YOUR OWN HOME AT PEACEFUL LIVING HEART OF DEHIWELA,,,,,,,,,,,,,,,,,,,,COMPLETION DATE 2019 DECEMBER,,,,,,,,,,,,FULLY INSTALLMENT PAYMENT METHOD, FULLY LUXURY TYPE OF APARTMENT, ROOFTOP, GENERATOR, VISITORS LOBBY, CAR PARK, TWO LIFT, 24 HRS SECURITY, MAID ROOM AND BATH AND MORE,,,,","PETERS LANE, DEHIWELA",3,2,"1,260 sqft"
152,Luxury Apartment Dehiwela,30 May  1:00 pm,"Dehiwala, Colombo","18,900,000","OWN YOUR OWN HOME AT PEACEFUL LIVING HEART OF DEHIWELA,,,,,,,,,,,,,,,,,,,,COMPLETION DATE 2019 DECEMBER,,,,,,,,,,,,FULLY INSTALLMENT PAYMENT METHOD, FULLY LUXURY TYPE OF APARTMENT, ROOFTOP, GENERATOR, VISITORS LOBBY, CAR PARK, TWO LIFT, 24 HRS SECURITY, MAID ROOM AND BATH AND MORE,,,, 8th floor","PETERS LANE, DEHIWELA",3,2,"1,260 sqft"
153,Luxury Apartment for Sale - Dehiwela,30 May  5:01 pm,"Dehiwala, Colombo","22,000,000","OWN YOUR OWN HOME AT PEACEFUL LIVING HEART OF DEHIWELA,,,,,,,,,,,,,,,,,,,,COMPLETION DATE 2019 DECEMBER,,,,,,,,,,,,FULLY INSTALLMENT PAYMENT METHOD, FULLY LUXURY TYPE OF APARTMENT, ROOFTOP, GENERATOR, VISITORS LOBBY, CAR PARK, TWO LIFT, 24 HRS SECURITY, MAID ROOM AND BATH AND MORE,,,, 8th floor","PETERS LANE, DEHIWELA",3,3,"1,370 sqft"
154,Luxury Apartment Dehiwela,30 May 12:59 pm,"Dehiwala, Colombo","22,000,000","OWN YOUR OWN HOME AT PEACEFUL LIVING HEART OF DEHIWELA,,,,,,,,,,,,,,,,,,,,COMPLETION DATE 2019 DECEMBER,,,,,,,,,,,,FULLY INSTALLMENT PAYMENT METHOD, FULLY LUXURY TYPE OF APARTMENT, ROOFTOP, GENERATOR, VISITORS LOBBY, CAR PARK, TWO LIFT, 24 HRS SECURITY, MAID ROOM AND BATH AND MORE,,,, 7th floor","PETERS LANE, DEHIWELA",3,3,"1,340 sqft"
155,Luxury Apartment Dehiwela,30 May 12:57 pm,"Dehiwala, Colombo","18,500,000","OWN YOUR OWN HOME AT PEACEFUL LIVING HEART OF DEHIWELA,,,,,,,,,,,,,,,,,,,,COMPLETION DATE 2020 DECEMBER,,,,,,,,,,,,FULLY INSTALLMENT PAYMENT METHOD, FULLY LUXURY TYPE OF APARTMENT, ROOFTOP, GENERATOR, VISITORS LOBBY, CAR PARK, TWO LIFT, 24 HRS SECURITY, MAID ROOM AND BATH AND MORE,,,, 3rd  floor","PETERS LANE, DEHIWELA",3,2,"1,250 sqft"
156,Luxury Apartment for Sale - Dehiwela,30 May 12:56 pm,"Dehiwala, Colombo","24,360,000","OWN YOUR OWN HOME AT PEACEFUL LIVING HEART OF DEHIWELA,,,,,,,,,,,,,,,,,,,,COMPLETION DATE 2020 DECEMBER,,,,,,,,,,,,FULLY INSTALLMENT PAYMENT METHOD, FULLY LUXURY TYPE OF APARTMENT, ROOFTOP, GENERATOR, VISITORS LOBBY, CAR PARK, TWO LIFT, 24 HRS SECURITY, MAID ROOM AND BATH AND MORE,,,,",DE ALWIS PLACE DEHIWELA,4,4,"1,680 sqft"
157,Luxury Apartment Dehiwela,30 May 12:53 pm,"Dehiwala, Colombo","21,600,000","OWN YOUR OWN HOME AT PEACEFUL LIVING HEART OF DEHIWELA,,,,,,,,,,,,,,,,,,,,COMPLETION DATE 2020 DECEMBER,,,,,,,,,,,,FULLY INSTALLMENT PAYMENT METHOD, FULLY LUXURY TYPE OF APARTMENT, ROOFTOP, GENERATOR, VISITORS LOBBY, CAR PARK, TWO LIFT, 24 HRS SECURITY, MAID ROOM AND BATH AND MORE,,,,",DE ALWIS PLACE DEHIWELA,3,3,"1,440 sqft"
158,Luxury Apartment for Sale - Dehiwela,30 May 12:39 pm,"Dehiwala, Colombo","21,000,000","OWN YOUR OWN HOME AT PEACEFUL LIVING HEART OF DEHIWELA,,,,,,,,,,,,,,,,,,,,COMPLETION DATE 2019 DECEMBER,,,,,,,,,,,,FULLY INSTALLMENT PAYMENT METHOD, FULLY LUXURY TYPE OF APARTMENT, ROOFTOP, GENERATOR, VISITORS LOBBY, CAR PARK, TWO LIFT, 24 HRS SECURITY, MAID ROOM AND BATH AND MORE,,,,","PETERS LANE, DEHIWELA",3,3,"1,370 sqft"
159,Luxury Apartment for Sale - Dehiwela,30 May 12:36 pm,"Dehiwala, Colombo","18,750,000","OWN YOUR OWN HOME AT PEACEFUL LIVING HEART OF DEHIWELA,,,,,,,,,,,,,,,,,,,,COMPLETION DATE 2019 DECEMBER,,,,,,,,,,,,FULLY INSTALLMENT PAYMENT METHOD, FULLY LUXURY TYPE OF APARTMENT, ROOFTOP, GENERATOR, VISITORS LOBBY, CAR PARK, TWO LIFT, 24 HRS SECURITY, MAID ROOM AND BATH AND MORE,,,, 3rd floor","PETERS LANE, DEHIWELA",3,2,"1,250 sqft"
160,Luxury Apartment for Sale In - DEHIWELA,30 May 12:32 pm,"Dehiwala, Colombo","22,000,000","OWN YOUR OWN HOME AT PEACEFUL LIVING HEART OF DEHIWELA,,,,,,,,,,,,,,,,,,,,COMPLETION DATE 2019 DECEMBER,,,,,,,,,,,,FULLY INSTALLMENT PAYMENT METHOD, FULLY LUXURY TYPE OF APARTMENT, ROOFTOP, GENERATOR, VISITORS LOBBY, CAR PARK, TWO LIFT, 24 HRS SECURITY, MAID ROOM AND BATH AND MORE,,,, 7th floor","PETERS LANE, DEHIWELA",3,3,"1,370 sqft"
161,Luxury Apartment Dehiwela,30 May 12:31 pm,"Dehiwala, Colombo","19,500,000","OWN YOUR OWN HOME AT PEACEFUL LIVING HEART OF DEHIWELA,,,,,,,,,,,,,,,,,,,,COMPLETION DATE 2019 DECEMBER,,,,,,,,,,,,FULLY INSTALLMENT PAYMENT METHOD, FULLY LUXURY TYPE OF APARTMENT, ROOFTOP, GENERATOR, VISITORS LOBBY, CAR PARK, TWO LIFT, 24 HRS SECURITY, MAID ROOM AND BATH AND MORE,,,, 8th floor","PETERS LANE, DEHIWELA",3,2,"1,260 sqft"
162,Luxury Apartment Dehiwela,30 May 12:22 pm,"Dehiwala, Colombo","22,000,000","OWN YOUR OWN HOME AT PEACEFUL LIVING HEART OF DEHIWELA,,,,,,,,,,,,,,,,,,,,COMPLETION DATE 2019 DECEMBER,,,,,,,,,,,,FULLY INSTALLMENT PAYMENT METHOD, FULLY LUXURY TYPE OF APARTMENT, ROOFTOP, GENERATOR, VISITORS LOBBY, CAR PARK, TWO LIFT, 24 HRS SECURITY, MAID ROOM AND BATH AND MORE,,,,","PETERS LANE, DEHIWELA",3,3,"1,340 sqft"
163,Luxury Apartment Dehiwela,30 May 12:20 pm,"Dehiwala, Colombo","19,500,000","OWN YOUR OWN HOME AT PEACEFUL LIVING HEART OF DEHIWELA,,,,,,,,,,,,,,,,,,,,COMPLETION DATE 2019 DECEMBER,,,,,,,,,,,,FULLY INSTALLMENT PAYMENT METHOD, FULLY LUXURY TYPE OF APARTMENT, ROOFTOP, GENERATOR, VISITORS LOBBY, CAR PARK, TWO LIFT, 24 HRS SECURITY, MAID ROOM AND BATH AND MORE,,,,","PETERS LANE, DEHIWELA",3,2,"1,260 sqft"
164,Luxury Apartment Dehiwala,23 Jul 12:46 pm,"Dehiwala, Colombo","24,500,000","HURRY UP DISCOUNT AVAILABLE !!!!!! 24 HRS SECURITY COMPLETION DATE 2020 DECEMBER,,,,,,,,,,,,FULLY INSTALLMENT PAYMENT METHOD, FULLY LUXURY TYPE OF APARTMENT, ROOFTOP, GENERATOR, VISITORS LOBBY, CAR PARK, TWO LIFT,MAID ROOM AND BATH, AND MORE,,,CALL ,,,,,,,,,,,,,,,,,,,,,",DE ALWIS PLACE DEHIWELA,4,4,"1,680 sqft"
165,Luxury Apartment in Dehiwala,22 Jul  5:15 pm,"Dehiwala, Colombo","20,100,000","OWN YOUR OWN HOME AT PEACEFUL LIVING HEART OF DEHIWELA,,,,,,,,,,,,,,,,,,,,COMPLETION DATE 2019 DECEMBER,,,,,,,,,,,,FULLY INSTALLMENT PAYMENT METHOD, FULLY LUXURY TYPE OF APARTMENT, ROOFTOP, GENERATOR, VISITORS LOBBY, CAR PARK, TWO LIFT, 24 HRS SECURITY, MAID ROOM AND BATH AND MORE,,,,","PETERS LANE, DEHIWELA",3,3,"1,340 sqft"
166,Luxury Apartment Dehiwala,30 May 12:19 pm,"Dehiwala, Colombo","18,500,000","OWN YOUR OWN HOME AT PEACEFUL LIVING HEART OF DEHIWELA,,,,,,,,,,,,,,,,,,,,COMPLETION DATE 2019 DECEMBER,,,,,,,,,,,,FULLY INSTALLMENT PAYMENT METHOD, FULLY LUXURY TYPE OF APARTMENT, ROOFTOP, GENERATOR, VISITORS LOBBY, CAR PARK, TWO LIFT, 24 HRS SECURITY, MAID ROOM AND BATH AND MORE,,,,","PETERS LANE, DEHIWELA",3,2,"1,250 sqft"
167,Luxury Apartment Dehiwala,30 May 12:18 pm,"Dehiwala, Colombo","20,880,000","OWN YOUR OWN HOME AT PEACEFUL LIVING HEART OF DEHIWELA,,,,,,,,,,,,,,,,,,,,COMPLETION DATE 2020 DECEMBER,,,,,,,,,,,,FULLY INSTALLMENT PAYMENT METHOD, FULLY LUXURY TYPE OF APARTMENT, ROOFTOP, GENERATOR, VISITORS LOBBY, CAR PARK, TWO LIFT, 24 HRS SECURITY, MAID ROOM AND BATH AND MORE,,,,",DE ALWIS PLACE DEHIWELA,3,3,"1,440 sqft"
168,Luxury Apartment Dehiwala,30 May 12:12 pm,"Dehiwala, Colombo","24,360,000","OWN YOUR OWN HOME AT PEACEFUL LIVING HEART OF DEHIWELA,,,,,,,,,,,,,,,,,,,,COMPLETION DATE 2020 DECEMBER,,,,,,,,,,,,FULLY INSTALLMENT PAYMENT METHOD, FULLY LUXURY TYPE OF APARTMENT, ROOFTOP, GENERATOR, VISITORS LOBBY, CAR PARK, TWO LIFT, 24 HRS SECURITY, MAID ROOM AND BATH AND MORE,,,,",DE ALWIS PLACE DEHIWELA,4,4,"1,680 sqft"
169,Luxury Apartment for Sale - Dehiwala, 8 Jun 11:39 am,"Dehiwala, Colombo","22,500,000","OWN YOUR OWN HOME AT PEACEFUL LIVING HEART OF DEHIWELA,,,,,,,,,,,,,,,,,,,,COMPLETION DATE 2019 DECEMBER,,,,,,,,,,,,FULLY INSTALLMENT PAYMENT METHOD, FULLY LUXURY TYPE OF APARTMENT, ROOFTOP, GENERATOR, VISITORS LOBBY, CAR PARK, TWO LIFT, 24 HRS SECURITY, MAID ROOM AND BATH AND MORE,,,, direct sea view 7th floor","PETERS LANE, DEHIWELA",3,3,"1,370 sqft"
170,Luxury Apartment Dehiwela,30 May 12:05 pm,"Dehiwala, Colombo","24,360,000","OWN YOUR OWN HOME AT PEACEFUL LIVING HEART OF DEHIWELA,,,,,,,,,,,,,,,,,,,,COMPLETION DATE 2020 DECEMBER,,,,,,,,,,,,FULLY INSTALLMENT PAYMENT METHOD, FULLY LUXURY TYPE OF APARTMENT, ROOFTOP, GENERATOR, VISITORS LOBBY, CAR PARK, TWO LIFT, 24 HRS SECURITY, MAID ROOM AND BATH AND MORE,,,,",DE ALWIS PLACE DEHIWELA,4,4,"1,680 sqft"
171,Luxury Apartment for sale Dehiwela,15 Jun  1:13 pm,"Dehiwala, Colombo","20,325,000","OWN YOUR OWN HOME AT PEACEFUL LIVING HEART OF DEHIWELA,,,,,,,,,,,,,,,,,,,,COMPLETION DATE 2020 DECEMBER,,,,,,,,,,,, 8th floorFULLY INSTALLMENT PAYMENT METHOD, FULLY LUXURY TYPE OF APARTMENT, ROOFTOP, GENERATOR, VISITORS LOBBY, CAR PARK, TWO LIFT, 24 HRS SECURITY, MAID ROOM AND BATH AND MORE,,,,",DE ALWIS PLACE DEHIWELA,3,3,"1,355 sqft"
172,Luxury Apartment Dehiwela,30 May 11:06 am,"Dehiwala, Colombo","19,647,500","OWN YOUR OWN HOME AT PEACEFUL LIVING HEART OF DEHIWELA,,,,,,,,,,,,,,,,,,,,COMPLETION DATE 2020 DECEMBER,,,,,,,,,,,, 10th floorFULLY INSTALLMENT PAYMENT METHOD, FULLY LUXURY TYPE OF APARTMENT, ROOFTOP, GENERATOR, VISITORS LOBBY, CAR PARK, TWO LIFT, 24 HRS SECURITY, MAID ROOM AND BATH AND MORE,,,,",DE ALWIS PLACE DEHIWELA,3,3,"1,355 sqft"
173,Luxury Apartment Dehiwela,30 May 11:05 am,"Dehiwala, Colombo","20,880,000","OWN YOUR OWN HOME AT PEACEFUL LIVING HEART OF DEHIWELA,,,,,,,,,,,,,,,,,,,,COMPLETION DATE 2020 DECEMBER,,,,,,,,,,,,FULLY INSTALLMENT PAYMENT METHOD, FULLY LUXURY TYPE OF APARTMENT, ROOFTOP, GENERATOR, VISITORS LOBBY, CAR PARK, TWO LIFT, 24 HRS SECURITY, MAID ROOM AND BATH AND MORE,,,,",DE ALWIS PLACE DEHIWELA,3,3,"1,440 sqft"
174,Luxury Apartment Dehiwela,30 May 11:03 am,"Dehiwala, Colombo","24,360,000","OWN YOUR OWN HOME AT PEACEFUL LIVING HEART OF DEHIWELA,,,,,,,,,,,,,,,,,,,,COMPLETION DATE 2020 DECEMBER,,,,,,,,,,,,FULLY INSTALLMENT PAYMENT METHOD, FULLY LUXURY TYPE OF APARTMENT, ROOFTOP, GENERATOR, VISITORS LOBBY, CAR PARK, TWO LIFT, 24 HRS SECURITY, MAID ROOM AND BATH AND MORE,,,,",DE ALWIS PLACE DEHIWELA,4,4,"1,680 sqft"
175,Luxury Apartment Dehiwela,30 May 11:00 am,"Dehiwala, Colombo","24,360,000","OWN YOUR OWN HOME AT PEACEFUL LIVING HEART OF DEHIWELA,,,,,,,,,,,,,,,,,,,,COMPLETION DATE 2020 DECEMBER,,,,,,,,,,,,FULLY INSTALLMENT PAYMENT METHOD, FULLY LUXURY TYPE OF APARTMENT, ROOFTOP, GENERATOR, VISITORS LOBBY, CAR PARK, TWO LIFT, 24 HRS SECURITY, MAID ROOM AND BATH AND MORE,,,,",DE ALWIS PLACE DEHIWELA,4,4,"1,680 sqft"
176,Brand New Apartment in Unique Spot Dehiwala, 1 Jun  7:02 pm,"Dehiwala, Colombo","30,000,000",Brand new spacious apartment in dehiwala.Recently completed construction.  3 bedroom and 3 bathroom. Maid area and maids bathroom.Partially furnished kitchen .Best views of dehiwala from the balcony. Original deed available. 1560 square feet.,3,3,"1,560 sqft",
