,0,1,2,3,4,5,6,7,8,9
0,title,posted date,location,price,description,Address:,Beds:,Baths:,House size:,Land size:
1,Brand New House For Sale in Kottawa,14 Jun  3:38 pm,"Kottawa, Colombo","12,600,000","‡∂ö‡∑ú‡∂ß‡∑ä‡∂ß‡∑è‡∑Ä, ‡∂∏‡∂≠‡∑ä‡∂≠‡∑ô‡∂ú‡∑ú‡∂© ‡∑É‡∑î‡∂õ‡∑ù‡∂¥‡∂∑‡∑ù‡∂ú‡∑ì ‡∂±‡∑Ä‡∑ì‡∂± ‡∂Ø‡∑ô‡∂∏‡∑Ñ‡∂Ω‡∑ä ‡∂±‡∑í‡∑Ä‡∑É(‡∑É‡∂∏‡∑ä‡∂¥‡∑ñ‡∂ª‡∑ä‡∂´‡∂∏ ‡∂ú‡∂©‡∑ú‡∂Ω‡∑ä) ‡∂¥‡∂ª‡∑ä‡∂†‡∑É‡∑ä 10 , ‡∂Ö‡∂©‡∑í 20 ‡∂¥‡∑è‡∂ª‡∂ö‡∑è‡∂∏‡∂ª 3, ‡∑Ä‡∑ú‡∑Ç‡∑ä ‡∂ª‡∑ñ‡∂∏‡∑ä 2 (‡∑Ñ‡∑ú‡∂ß‡∑ä ‡∑Ä‡∑ù‡∂ß‡∂ª‡∑ä)‡∂¢‡∂±‡∑ô‡∂Ω‡∑ä ‡∑Ü‡∑ä‚Äç‡∂ª‡∑ö‡∂∏‡∑ä ‡∂≠‡∑ö‡∂ö‡∑ä‡∂ö‡∑Ü‡∑í‡∂±‡∑í‡∑Ç‡∑í‡∂±‡∑ä ‡∑Ä‡∑Ñ‡∂Ω‡∂∫‡∂ª‡∑ô‡∂©‡∑ä ‡∂∂‡∂Ω‡∑Ä‡∑ä, ‡∂¢‡∂±‡∑ô‡∂Ω‡∑ä ‡∂©‡∑ä‚Äç‡∂ª‡∑í‡∂Ω‡∑ä ‡∂Ω‡∑ë‡∂∏‡∑ä‡∂¥‡∑ä ‡∑Å‡∑ô‡∂©‡∑ä, ‡∂¥‡∑ê‡∂±‡∑ä‡∂ß‡∑ä‚Äç‡∂ª‡∑í ‡∂ö‡∂∂‡∂©‡∑ä, ‡∂ö‡∑î‡∂ö‡∂ª‡∑ä ‡∑Ñ‡∑î‡∂©‡∑ä 2 x 2 ‡∂ú‡∑ä‡∂Ω‡∑è‡∑É‡∑ä ‡∂ß‡∂∫‡∑í‡∂Ω‡∑ä‡∂ª‡∑í‡∂∏‡∑ù‡∂ß‡∑ä ‡∂ª‡∑ù‡∂Ω‡∂ª‡∑ä ‡∂©‡∑ù‡∂ª‡∑ä‡∂ë‡∂Ω‡∑ä ‡∂ö‡∑è‡∂©‡∑ù‡∂ª‡∑ä‡∑Ä‡∑ö‡∂∫‡∂±‡∑ä‡∂ß ‡∂ß‡∑ä‚Äç‡∂ª‡∑ì‡∂ß‡∑ä‡∂∏‡∂±‡∑ä‡∂ß‡∑ä ‡∂ö‡∂ª ‡∂á‡∂≠.‡∑Ñ‡∂∫‡∑í‡∑Ä‡∑ö ‡∂ë‡∂±‡∑ä‡∂ß‡∑ä‚Äç‡∂ª‡∂±‡∑ä‡∑É‡∑ä ‡∑Ä‡∑í‡∂±‡∑è‡∂©‡∑í 2‡∂≠‡∂±‡∑í ‡∂∂‡∑É‡∂∫‡∑ô‡∂±‡∑ä ‡∂ö‡∑ú‡∑Ö‡∂π‡∂ß 138 ‡∂∂‡∑É‡∑ä ‡∂ë‡∂ö ‡∂±‡∑í‡∑Ä‡∑É ‡∂â‡∂Ø‡∑í‡∂ª‡∑í‡∂¥‡∑í‡∂ß‡∑í‡∂±‡∑ä‡∂¥‡∂Ø‡∑í‡∂Ç‡∂†‡∑í ‡∑Ä‡∑ì ‡∂±‡∑ú‡∂∏‡∑ê‡∂≠‡∑í ‡∂±‡∑Ä ‡∂â‡∂Ø‡∑í‡∂ö‡∑í‡∂ª‡∑ì‡∂∏‡∂ö‡∑ä ‡∑Ä‡∂±‡∂Ö‡∂ú‡∂±‡∑è ‡∂±‡∑í‡∑Ä‡∑É ‡∂¥‡∑ä‚Äç‡∂ª‡∂∞‡∑è‡∂± ‡∂¥‡∑è‡∂ª‡∂ö‡∂ß ‡∂∏‡∑è‡∂∫‡∑í‡∂∏‡∑ä‡∑Ä ‡∂á‡∂≠.‡∂Ω‡∂ö‡∑ä‡∑Ç 126 ‡∑Ñ‡∑ù ‡∑É‡∑è‡∂∞‡∑è‡∂ª‡∂´ ‡∂∏‡∑î‡∂Ø‡∂Ω‡∂ö‡∂ß ‡∂∂‡∑ë‡∂±‡∑ä‡∂ö‡∑ä ‡∂Ω‡∑ù‡∂±‡∑ä ‡∑É‡∑ê‡∂Ω‡∂ö‡∑ö ‡∂±‡∑í‡∂ª‡∑Ä‡∑î‡∂Ω‡∑ä ‡∑É‡∑í‡∂∫‡∑Ö‡∑î ‡∂Ω‡∑í‡∂∫‡∂ö‡∑í‡∑Ä‡∑í‡∂Ω‡∑í ‡∂Ω‡∑ë‡∑É‡∑ä‡∂≠‡∑í‡∂∫‡∑í‡∂Ø‡∑î‡∂ª‡∑ä‡∂Ω‡∂∑ ‡∂Ö‡∑Ä‡∑É‡∑ä‡∂Æ‡∑è‡∑Ä‡∂ö‡∑í.‡∂ú‡∂©‡∑ú‡∂Ω‡∑ä ‡∂±‡∑í‡∑Ä‡∑É‡∂ö ‡∂¥‡∑î‡∂Ø‡∑î‡∂∏ ‡∑Ä‡∑ô‡∂±‡∑É ‡∂Ö‡∂≠‡∑ä‡∑Ä‡∑í‡∂≥‡∑í‡∂±‡∑ä‡∂± ","Mattegoda, Kottawa",3,2,"1,600.0 sqft",10.0 perches
2,"['Brand New House For Sale in Kottawa', '14 Jun  3:38 pm', 'Kottawa, Colombo', '12,600,000', '‡∂ö‡∑ú‡∂ß‡∑ä‡∂ß‡∑è‡∑Ä, ‡∂∏‡∂≠‡∑ä‡∂≠‡∑ô‡∂ú‡∑ú‡∂© ‡∑É‡∑î‡∂õ‡∑ù‡∂¥‡∂∑‡∑ù‡∂ú‡∑ì ‡∂±‡∑Ä‡∑ì‡∂± ‡∂Ø‡∑ô‡∂∏‡∑Ñ‡∂Ω‡∑ä ‡∂±‡∑í‡∑Ä‡∑É(‡∑É‡∂∏‡∑ä‡∂¥‡∑ñ‡∂ª‡∑ä‡∂´‡∂∏ ‡∂ú‡∂©‡∑ú‡∂Ω‡∑ä) ‡∂¥‡∂ª‡∑ä‡∂†‡∑É‡∑ä 10 , ‡∂Ö‡∂©‡∑í 20 ‡∂¥‡∑è‡∂ª‡∂ö‡∑è‡∂∏‡∂ª 3, ‡∑Ä‡∑ú‡∑Ç‡∑ä ‡∂ª‡∑ñ‡∂∏‡∑ä 2 (‡∑Ñ‡∑ú‡∂ß‡∑ä ‡∑Ä‡∑ù‡∂ß‡∂ª‡∑ä)‡∂¢‡∂±‡∑ô‡∂Ω‡∑ä ‡∑Ü‡∑ä\u200d‡∂ª‡∑ö‡∂∏‡∑ä ‡∂≠‡∑ö‡∂ö‡∑ä‡∂ö‡∑Ü‡∑í‡∂±‡∑í‡∑Ç‡∑í‡∂±‡∑ä ‡∑Ä‡∑Ñ‡∂Ω‡∂∫‡∂ª‡∑ô‡∂©‡∑ä ‡∂∂‡∂Ω‡∑Ä‡∑ä, ‡∂¢‡∂±‡∑ô‡∂Ω‡∑ä ‡∂©‡∑ä\u200d‡∂ª‡∑í‡∂Ω‡∑ä ‡∂Ω‡∑ë‡∂∏‡∑ä‡∂¥‡∑ä ‡∑Å‡∑ô‡∂©‡∑ä, ‡∂¥‡∑ê‡∂±‡∑ä‡∂ß‡∑ä\u200d‡∂ª‡∑í ‡∂ö‡∂∂‡∂©‡∑ä, ‡∂ö‡∑î‡∂ö‡∂ª‡∑ä ‡∑Ñ‡∑î‡∂©‡∑ä 2 x 2 ‡∂ú‡∑ä‡∂Ω‡∑è‡∑É‡∑ä ‡∂ß‡∂∫‡∑í‡∂Ω‡∑ä‡∂ª‡∑í‡∂∏‡∑ù‡∂ß‡∑ä ‡∂ª‡∑ù‡∂Ω‡∂ª‡∑ä ‡∂©‡∑ù‡∂ª‡∑ä‡∂ë‡∂Ω‡∑ä ‡∂ö‡∑è‡∂©‡∑ù‡∂ª‡∑ä‡∑Ä‡∑ö‡∂∫‡∂±‡∑ä‡∂ß ‡∂ß‡∑ä\u200d‡∂ª‡∑ì‡∂ß‡∑ä‡∂∏‡∂±‡∑ä‡∂ß‡∑ä ‡∂ö‡∂ª ‡∂á‡∂≠.‡∑Ñ‡∂∫‡∑í‡∑Ä‡∑ö ‡∂ë‡∂±‡∑ä‡∂ß‡∑ä\u200d‡∂ª‡∂±‡∑ä‡∑É‡∑ä ‡∑Ä‡∑í‡∂±‡∑è‡∂©‡∑í 2‡∂≠‡∂±‡∑í ‡∂∂‡∑É‡∂∫‡∑ô‡∂±‡∑ä ‡∂ö‡∑ú‡∑Ö‡∂π‡∂ß 138 ‡∂∂‡∑É‡∑ä ‡∂ë‡∂ö ‡∂±‡∑í‡∑Ä‡∑É ‡∂â‡∂Ø‡∑í‡∂ª‡∑í‡∂¥‡∑í‡∂ß‡∑í‡∂±‡∑ä‡∂¥‡∂Ø‡∑í‡∂Ç‡∂†‡∑í ‡∑Ä‡∑ì ‡∂±‡∑ú‡∂∏‡∑ê‡∂≠‡∑í ‡∂±‡∑Ä ‡∂â‡∂Ø‡∑í‡∂ö‡∑í‡∂ª‡∑ì‡∂∏‡∂ö‡∑ä ‡∑Ä‡∂±‡∂Ö‡∂ú‡∂±‡∑è ‡∂±‡∑í‡∑Ä‡∑É ‡∂¥‡∑ä\u200d‡∂ª‡∂∞‡∑è‡∂± ‡∂¥‡∑è‡∂ª‡∂ö‡∂ß ‡∂∏‡∑è‡∂∫‡∑í‡∂∏‡∑ä‡∑Ä ‡∂á‡∂≠.‡∂Ω‡∂ö‡∑ä‡∑Ç 126 ‡∑Ñ‡∑ù ‡∑É‡∑è‡∂∞‡∑è‡∂ª‡∂´ ‡∂∏‡∑î‡∂Ø‡∂Ω‡∂ö‡∂ß ‡∂∂‡∑ë‡∂±‡∑ä‡∂ö‡∑ä ‡∂Ω‡∑ù‡∂±‡∑ä ‡∑É‡∑ê‡∂Ω‡∂ö‡∑ö ‡∂±‡∑í‡∂ª‡∑Ä‡∑î‡∂Ω‡∑ä ‡∑É‡∑í‡∂∫‡∑Ö‡∑î ‡∂Ω‡∑í‡∂∫‡∂ö‡∑í‡∑Ä‡∑í‡∂Ω‡∑í ‡∂Ω‡∑ë‡∑É‡∑ä‡∂≠‡∑í‡∂∫‡∑í‡∂Ø‡∑î‡∂ª‡∑ä‡∂Ω‡∂∑ ‡∂Ö‡∑Ä‡∑É‡∑ä‡∂Æ‡∑è‡∑Ä‡∂ö‡∑í.‡∂ú‡∂©‡∑ú‡∂Ω‡∑ä ‡∂±‡∑í‡∑Ä‡∑É‡∂ö ‡∂¥‡∑î‡∂Ø‡∑î‡∂∏ ‡∑Ä‡∑ô‡∂±‡∑É ‡∂Ö‡∂≠‡∑ä‡∑Ä‡∑í‡∂≥‡∑í‡∂±‡∑ä‡∂± ', 'Mattegoda, Kottawa', '3', '2', '1,600.0 sqft', '10.0 perches']","['title', 'posted date', 'location', 'price', 'description', 'Address:', 'Beds:', 'Baths:', 'House size:', 'Land size:']",,,,,,,,
3,New House For Sale In Kottawa,15 Jul 12:06 pm,"Kottawa, Colombo","13,000,000",New modern house for sale between three towns Maharagama- kottawa- pilliyandala With all furnitures also can buy IMMEDIATE SALE for migrateNot more than one year oldRoller gate -  Roof topKottawa 4km - Pilliyandala 3km - Maharagama 4kmTotal squar feet‚Äôs 2700Kottawa highway 6km - kahathuduwa highway 5kmCan negotiate,2,1,"2,700.0 sqft",7.0 perches,
4,Kottawa House for sale,21 Jul  4:14 pm,"Kottawa, Colombo","487,000","House at Siddamulla, 3km to Kottawa junction, 450meters to 255 bus route. An ideal place for residential purpose, investment purpose or even to carry out a hotel, spa or an elders home. fully tiled. staircase to upstairs is from outside. Presently rented as 3 units. 3 sitting halls, 3 kitchens with pantry tops, large balconies, large varendah, dining area and the monthly rent income is Rs.70,000- . 6 vehicles can park in front of the house. Buildable land space available behind the house. Land can not divide. Jak, coconut and mangoostine trees available in the rectangular shape land ending at the paddy field. no water filling or floods even for the heaviest rains. Sold at a bargain price due to urgency. Rs.19million or the best offer.","Kottawa, Siddamulla",8,5,"3,600.0 sqft",39.0 perches
5,Good House In Kottawa,21 Jul  3:59 pm,"Kottawa, Colombo","31,000,000",1.5 Km TO KOTTAWA ROAD50 m TO KOTTAWA MT LAVENIA ROADROOF TOP2 A/C ROOM2 PANTRY95% COMPLETE4 VEHICLE PARKING SPACEBOUNDARY  WALL WITH ROLLER GATE,HOUSE IN KOTTAWA,6,4,"3,600.0 sqft",15.0 perches
6,Kottawa mattegoda under contraction house for sale..,21 Jul  2:01 pm,"Kottawa, Colombo","11,500,000","‡∂ö‡∑ú‡∂ß‡∑ä‡∂ß‡∑è‡∑Ä, ‡∂∏‡∂≠‡∑ä‡∂≠‡∑ô‡∂ú‡∑ú‡∂© ‡∑É‡∑î‡∂õ‡∑ù‡∂¥‡∂∑‡∑ù‡∂ú‡∑ì ‡∂±‡∑Ä‡∑ì‡∂± ‡∂Ø‡∑ô‡∂∏‡∑Ñ‡∂Ω‡∑ä ‡∂±‡∑í‡∑Ä‡∑É(‡∑É‡∂∏‡∑ä‡∂¥‡∑ñ‡∂ª‡∑ä‡∂´‡∂∏ ‡∂ú‡∂©‡∑ú‡∂Ω‡∑ä) ‡∂¥‡∂ª‡∑ä‡∂†‡∑É‡∑ä 7 , ‡∂Ö‡∂©‡∑í 30 ‡∂¥‡∑è‡∂ª‡∑Ä‡∂ª‡∑ä‡∂ú ‡∂Ö‡∂©‡∑í 2750‡∂ö‡∑è‡∂∏‡∂ª 4‡∑Ä‡∑ú‡∑Å‡∑ä ‡∂ª‡∑î‡∂∏‡∑ä 2 ‡∑É‡∑è‡∂Ω‡∂∫Tv ‡∂ö‡∑è‡∂∏‡∂ª‡∂∫‡∂ö‡∑ë‡∂∏ ‡∂ö‡∑è‡∂∏‡∂ª‡∂∫Roof top (600sqft)‡∂¢‡∂±‡∑ô‡∂Ω‡∑ä ‡∑Ü‡∑ä‚Äç‡∂ª‡∑ö‡∂∏‡∑ä (‡∂ö‡∑ú‡∑É‡∑ä)‡∑Ü‡∑í‡∂±‡∑í‡∑Ç‡∑í‡∂±‡∑ä ‡∑Ä‡∑Ñ‡∂Ω‡∂∫‡∑Ñ‡∂∫‡∑í‡∑Ä‡∑ö ‡∂ë‡∂±‡∑ä‡∂ß‡∑ä‚Äç‡∂ª‡∂±‡∑ä‡∑É‡∑ä ‡∑Ä‡∑í‡∂±‡∑è‡∂©‡∑í 5‡∂≠‡∂±‡∑í ‡∂∂‡∑É‡∂∫‡∑ô‡∂±‡∑ä ‡∂ö‡∑ú‡∑Ö‡∂π‡∂ß 138 ‡∂∂‡∑É‡∑ä ‡∂ë‡∂ö‡∂ß 30m‡∂∫‡∑í ‡∂±‡∑Ä ‡∂â‡∂Ø‡∑í‡∂ö‡∑í‡∂ª‡∑ì‡∂∏‡∂ö‡∑ä ‡∑Ä‡∂± ‡∂Ö‡∂ú‡∂±‡∑è ‡∂±‡∑í‡∑Ä‡∑É 75% ‡∑Ä‡∑ê‡∂© ‡∂Ö‡∑Ä‡∑É‡∂±‡∑ä.‡∂Ω‡∂ö‡∑ä‡∑Ç 30‡∂ö ‡∂ã‡∂¥‡∂ª‡∑í‡∂∏ ‡∂∏‡∑î‡∂Ø‡∂Ω‡∂ö‡∑í‡∂±‡∑ä ‡∑É‡∑í‡∂∫‡∂Ω‡∑î ‡∑Ä‡∑ê‡∂© ‡∂±‡∑í‡∂∏ ‡∂ö‡∂Ω ‡∑Ñ‡∑ê‡∂ö.‡∂Ω‡∂ö‡∑ä‡∑Ç 115 ‡∑Ñ‡∑ù ‡∑É‡∑è‡∂∞‡∑è‡∂ª‡∂´ ‡∂∏‡∑î‡∂Ø‡∂Ω‡∂ö‡∂ß ‡∂±‡∑í‡∂ª‡∑Ä‡∑î‡∂Ω‡∑ä ‡∑É‡∑í‡∂∫‡∑Ö‡∑î ‡∂Ω‡∑í‡∂∫‡∂ö‡∑í‡∑Ä‡∑í‡∂Ω‡∑í ‡∑Ä‡∑í‡∂ö‡∑í‡∂±‡∑í‡∂∏ ‡∑É‡∂Ø‡∑Ñ‡∑è ‡∂ö‡∂Ω ‡∂â‡∂Ø‡∑í‡∂ö‡∑í‡∂ª‡∑ì‡∂∏‡∂ö‡∑ä ‡∂±‡∑ú‡∑Ä‡∑ô‡∂∫‡∑í ‡∂∏‡∑î‡∂Ø‡∂Ω‡∑ä ‡∂Ö‡∑Ä‡∑Å‡∑ä‚Äç‡∂∫‡∂≠‡∑è‡∑Ä‡∂ö‡∑ä ‡∑É‡∂Ø‡∑Ñ‡∑è ‡∑Ä‡∑í‡∂ö‡∑î‡∂´‡∂± ‡∂Ω‡∑ê‡∂∂‡∑ö",4,2,"2,750.0 sqft",7.0 perches,
7,Brand New House for Sale - Kottawa, 2 Jul  8:21 pm,"Kottawa, Colombo","13,000,000","Brand new house for sale kottawa 296 piliyandala Road 3Bedroom, 3bathroom hot water, pantry, 100m to kottawa piliyandala Road, 3km to kottawa Town, 3km to Piliyandala town, 3km to pannipitiya Town, Two vehicle parking space, roller gate, resident area",kottawa 296 piliyandala Road,3,3,"1,580.0 sqft",9.0 perches
8,House for Sale in Kottawa,12 Jul  8:41 pm,"Kottawa, Colombo","35,000,000",House for sale in kottawa===================,5,5,"6,500.0 sqft",12.0 perches,
9,17 P & Modern Two Story House Sale for Maththegoda,21 Jul  8:48 am,"Kottawa, Colombo","18,500,000",17P & Modern Two Story House Sale For Maththegoda ,"Polgasowita Road, Maththegoda",4,3,"2,750.0 sqft",17.0 perches
10,Brand New Modern Luxury House In Kottawa,20 Jul 10:34 pm,"Kottawa, Colombo","26,000,000",#  300m  kottawa   piliyandala  (296) bus route #  2‚Ä¢5 km  kottawa #  3km   pannipitiya   darmapala   maha vidyala #  4‚Ä¢ 5km  piliyandala # 5km  maharagama #  4  bedrooms #  4  bathrooms #  large living area and dining area #  fully complete pantry  with gas cooker #  large  TV  lobby #  fully tiled # large   roof terrace #  balcony #  Ac#  Cctv # hot water #  surrounding wall and roller gate #  very   beautiful    garden # 4  vehicle parking area #  10  perched #  3600  sqpt #  better environment #  no brokers please #  only genuine buyers,4,4,"3,600.0 sqft",10.0 perches,
11,B / New Two Storied House in Malabe,20 Jul  1:40 pm,"Kottawa, Colombo","19,000,000","Brand New Two Story House For Sale In Wanaguru Mw, Hokandara.10 Perches , Landscaped garden area","Horahena Rd, Malabe",3,3,"2,400.0 sqft",10.0 perches
12,Urban community - Luxury houses in Kottawa,19 Jul  5:40 pm,"Kottawa, Colombo","18,900,000",Located in a fast developing suburb between Kottawa and Thalawathugoda. urban artistry houses offer the owner the opportunity of a lifetime at an unbelievable price. ,3,2,"1,383.0 sqft",6.25 perches,
13,Two Storied House Near the High Level Road kottawa,19 Jul  2:54 pm,"Kottawa, Colombo","27,500,000","#  30m  high level road #  1km  kottawa southern high way entrance #  1‚Ä¢5km  kottawa new  high way bus  stand # 1‚Ä¢5km  kottawa   railway station # 1km  homagama city #  4  bedrooms #  4  bathrooms #  large living area  and dining area ,#  2  pantry #  tv  lobby # tiled   and  ceiling #  brick wall #  Ac#  surrounding wall and   remote   gate # 4  vehicle parking area #  20 feet road #  20‚Ä¢8  perches #  nearby   to  all super  market   and   bank #  servant room and bathroom #  no brokers please #  only genuine buyers",4,4,"3,000.0 sqft",20.8 perches,
14,Luxury Houses For Sale - Kottawa,19 Jul  2:15 pm,"Kottawa, Colombo","18,800,000",Located in a fast developing suburb between Kottawa and Thalawathugoda. urban artistry houses offer the owner the opportunity of a lifetime at an unbelievable price. ,3,2,"1,197.0 sqft",7.5 perches,
15,B / New 2 Storied House || Kottawa,19 Jul 10:38 am,"Kottawa, Colombo","27,000,000",Brand New Two Storied Luxury Modern House in Kottawa10 Perches with Landscaped garden area.,"Kurulu Uyana, PolKotuwa, Kottawa",4,4,"2,900.0 sqft",10.0 perches
16,2 Storey Luxury House for Sale in Kottawa,19 Jul  7:55 am,"Kottawa, Colombo","20,000,000",2Storey  new Super Luxury House for Sale in kottawa ,kottawa,4,4,"2,700.0 sqft",10.9 perches
17,Modern House for Sale in Kottawa,19 Jul  7:53 am,"Kottawa, Colombo","9,800,000","Single storey house in kottawa 3bed rooms, 2 bath rooms pantry cub board 8 .5 perched full tile makubura junction 500 meters more details call dinesh.immediate sale.",kottawa makubura junctions,3,2,"1,500.0 sqft",8.5 perches
18,Modern House for Sale in Kottawa,19 Jul  7:51 am,"Kottawa, Colombo","11,000,000",2Storey  mordern House for Sale in kottawa ,kottawa,5,3,"2,200.0 sqft",10.0 perches
19,Brand New Two Story House in Pannipitiya,19 Jul  7:50 am,"Kottawa, Colombo","27,000,000",2Storey Brand new Super Luxury House for Sale in pannipitiya ,pannipitiya,4,4,"3,700.0 sqft",10.0 perches
20,Luxury 03 store House for Sale in Kottawa - Siddamulla,20 Jul 10:52 am,"Kottawa, Colombo","45,000,000",Luxury 03 store house for sale in Kottawa - Siddamulla======================================,6,3,"4,500.0 sqft",20.65 perches,
21,House for Sale - Kottawa,18 Jul 11:27 am,"Kottawa, Colombo","4,000,000",255 ‡∂ö‡∑ú‡∂ß‡∑ä‡∂ß‡∑è‡∑Ä ‡∂ú‡∂Ω‡∑ä‡∂ö‡∑í‡∑É‡∑ä‡∑É ‡∂∂‡∑É‡∑ä ‡∂∏‡∑è‡∂ª‡∑ä‡∂ú‡∂∫‡∂ß 1‡∂ö‡∑í.‡∂∏‡∑í‡∂ö‡∑í‡∂ß‡∑ä‡∂ß‡∑è‡∑Ä ‡∂¥‡∑í‡∑Ö‡∑í‡∂∫‡∂±‡∑ä‡∂Ø‡∂Ω ‡∂∂‡∑É‡∑ä ‡∂∏‡∑è‡∂ª‡∑ä‡∂ú‡∂∫‡∂ß ‡∂∏‡∑ì‡∂ß‡∂ª‡∑ä 650‡∂±‡∂Ω ‡∂¢‡∂Ω‡∂∫‡∂ë‡∑É‡∑ì ‡∂ö‡∂ª‡∂± ‡∂Ω‡∂Ø ‡∂ö‡∑è‡∂∏‡∂ª‡∂ö‡∑ä ‡∂Ø ‡∑É‡∑í‡∑É‡∑í‡∂ß‡∑í‡∑Ä‡∑í ‡∑É‡∑Ä‡∑í‡∂ö‡∂ª ‡∂á‡∂≠.‡∂ß‡∂∫‡∑í‡∂Ω‡∑ä ‡∂ö‡∂ª‡∂± ‡∂Ω‡∂Ø ‡∑É‡∂∏‡∑ä‡∂¥‡∑ñ‡∂ª‡∑ä‡∂´ ‡∂±‡∑í‡∑Ä‡∑É.,"kudamaduqa road , kottawa",1,1,850.0 sqft,3.08 perches
22,B New 2 Storied House for Sale in Kottawa,18 Jul 11:02 am,"Kottawa, Colombo","27,000,000",Brand New Two Storied Luxury Modern House in Kottawa10 Perches with Landscaped garden area.,"Kurulu Uyana, PolKotuwa, Kottawa",4,4,"2,900.0 sqft",10.0 perches
23,House for Sale - Pannipitiya,18 Jul 10:28 am,"Kottawa, Colombo","15,500,000","Single story house for sale200 M for Kottawa to Piliyandala Buss route from the location03.5 Km to Kottawa,Kesbawa,Piliyandala,Maharagama.18.5 perches.950 sqft.03 Bedrooms01 Bathrooms01 Kitchen01 Store area (12 X 5 ft )Roofed Parking for 02 vehicles Peaceful Decent Highly Residential area,Well waterScenic Paddy Field ViewSurrounded by fense and GateImmediate sale.Rs.15500000. (15.5 million) Negotiable.Call for appointments.GENUINE BUYERS ONLY","Puwakgaswattha road,Palanwattha,Pannipitiya,Kottawa.",3,1,"1,950.0 sqft",18.5 perches
24,House For Sale In Kottawa,17 Jul  4:53 pm,"Kottawa, Colombo","18,500,000","Good Residential Property in KottawaLocated on Horahena Road, Rukmale","Horahena Road, Rukmale Road",3,2,"1,600.0 sqft",13.16 perches
25,Two Story House for Sale Kottawa,17 Jul  3:30 pm,"Kottawa, Colombo","19,800,000","Two storey house for sale kottawa malabe road.4 bedrooms ,3 bathrooms hot water ,balcony ,t.v lobby ,4 vehicles parking space ,200m to malabe road ,800m to station,1km to kottawa highlevel road ,1km to highway entrance ,25ft road ,resident area.",kottawa malabe road,4,3,"2,880.0 sqft",10.0 perches
26,10 Perches Land with a House only for Value at Mattegoda,17 Jul 11:53 am,"Kottawa, Colombo","5,500,000","10 Perch LandClose to Mattegoda Town250 Metres to 138 Bus Route200 Metres to 280 Bus RoteNear Kottawa, Salgas Handiya, Diyagama, Kirigampamunuwa3+ Km to Kottawa and Makumbura Multi Nodel Transport centreNear Mattegoda Hosuing SchemePrice Only Land ValueFully TiledClose to  Shops, Towns, Supermarkets, Buses20 Feet  Road  Private RoadLand is mostly square in shape, walls built in all 4 sidesSelling Urgently, Loan also okSelling Less than market valueClear Bimsaviya computerised DeedsSelling due to relocationEnough Parking spaceNice Garden areaMany usefulTreesNo Brokers Pls",Mattegoda Kootawa Diyagama,2,1,"1,000.0 sqft",10.0 perches
27,House for Sale Kottawa,17 Jul 12:02 pm,"Kottawa, Colombo","24,800,000","Three Story House Include Basement Anex With A Finishing Roof (imported wooden) Top Near Mattegoda                                                             - 7 bedrooms, 3 bathrooms- lobby, 2 living rooms, 2 dining           rooms with 2 pantry- 2nd floor two balconies and         1st floor large one balcony - 3 bathrooms  - servant room- pipe born water with overhead water tank- solidly built house with double brick walls- upstair and basement 2 vehicle parks- surrounding walls- better and quiet invironment- 11.0 perch land and total floor area of 2500 Sq.ft","matthegoda, kottawa",7,3,"2,500.0 sqft",11.0 perches
28,House For Sale - Kottawa,17 Jul 10:28 am,"Kottawa, Colombo","13,500,000","House for sale in Kottawa12 perch LAND with house3 Bedroom 1 Bathroom living room and kitchen12 ft wide road Enters200, metres from main road Rukmalee Colombo2 Kms Kottawa Twon2.5 Kms Darmapala College Pannipitiya3 Kms Experswey KottawaTotal Price Rs 13.5 MillionClear DeedsTo inspect the Land - Please inform 1 hours before",Balikaniwasa road Kottawa,3,1,"1,315.0 sqft",12.0 perches
29,Valuable House for Sale Kottawa,11 Jul  3:12 pm,"Kottawa, Colombo","13,500,000",BRAND NEW SINGLE STORY MORDEN HOUSE FOR SALE KOTTAWA... ,Horana road kottawa,3,3,"2,600.0 sqft",8.5 perches
30,House for Sale - Pannipitiya,18 Jul 10:28 am,"Kottawa, Colombo","15,500,000","Single story house for sale200 M for Kottawa to Piliyandala Buss route from the location03.5 Km to Kottawa,Kesbawa,Piliyandala,Maharagama.18.5 perches.950 sqft.03 Bedrooms01 Bathrooms01 Kitchen01 Store area (12 X 5 ft )Roofed Parking for 02 vehicles Peaceful Decent Highly Residential area,Well waterScenic Paddy Field ViewSurrounded by fense and GateImmediate sale.Rs.15500000. (15.5 million) Negotiable.Call for appointments.GENUINE BUYERS ONLY","Puwakgaswattha road,Palanwattha,Pannipitiya,Kottawa.",3,1,"1,950.0 sqft",18.5 perches
31,B / New Single Storied House For Sale in Mattegoda,15 Jul  3:51 pm,"Kottawa, Colombo","14,000,000","A Beautifull Single Story house for sale in Mattegoda Salgas Junction,Cargills food city (walking distance)","Mattegoda Salgas, Junction,",3,2,"1,288.0 sqft",8.0 perches
32,03 Story House & 10 P Sale at Kottawa,15 Jul  3:36 pm,"Kottawa, Colombo","37,500,000",Rs¬†37500000.00Negotiable,20 METERS TO MATHEGODA ROAD KOTTAWA,6,4,"4,000.0 sqft",10.0 perches
33,Brand New 2 Storied House for Sale in Kottawa,15 Jul  2:16 pm,"Kottawa, Colombo","27,000,000",Brand New Two Storied Luxury Modern House in Kottawa10 Perches with Landscaped garden area.,"Kurulu Uyana, PolKotuwa, Kottawa",4,4,"2,900.0 sqft",10.0 perches
34,House for Sale in - Pannipitiya,15 Jul  2:12 pm,"Kottawa, Colombo","19,000,000",Siddamulla 225 Bus margayata Asannawa 1 wenipatumaga idma sahitha niwa vikuinimata,46/ 1st lane Siddamulla Pannipitiya,3,1,"2,902.0 sqft",80.0 perches
35,Two Story House for Sale in - Mattegoda,15 Jul 12:00 pm,"Kottawa, Colombo","5,500,000",Two story house for sale Mattegoda============================,2,1,817.0 sqft,3.0 perches,
36,House for Sale - Pannipitiya,19 Jul 10:29 pm,"Kottawa, Colombo","11,000,000","Malabe rd ekata lagaii, athurugiriyata lagaii,Nivasee wada sampunayenma nima kara natha...Janel sha tail pamanaii dameemata aththe.. Kamarayaii,kussiyai,toilet ekaii sampurnayenma sada atha...Broker warun anawashyaiibed room 3k thynwa 2k hadala naa uda thattuwe...","131/1/15 horahena rd,rukmale,pannipitiya",1,1,"1,200.0 sqft",8.75 perches
37,Brand New House For Sale Kottawa,15 Jul 10:03 am,"Kottawa, Colombo","11,500,000","Brand New Modern House for sale in Mattegoda. 7.5Perch House. Located in Highly residential area. Very convenience location. Close to Kottawa. Close to Bus Stop, , Food City and Etc.. - 3 Bedrooms- 2 Bathroom with hot water- Large Living Area- Dining Area- Pantry Area- Roller Shutter Gate- 02 Car Parking Space- Modern Lighting- Finishing Roof- Fully Rocell Tiled",3,2,"1,300.0 sqft",7.5 perches,
38,Almost B/N 3 Storied Split Level House Close to Kottawa Town,14 Jul 11:11 pm,"Kottawa, Colombo","32,000,000","Architecturally designed almost brand new 3 storied split level house with Roof terrace This House can be used as 2 or 3 separate unitsSpacious 2 living areas5 bed rooms with 4 bathrooms2 rooms having A/CModern fitted 3 pantries ( one is not completed)TV lobbyRoof terrace2 roller shutter gates with 4 vehicle parking Landscaped garden1.2 km to Kottawa townOwner migrating, expecting quick saleBank Valuation Rs. 40 Mn Selling at Rs. 32 Mn",Kottawa - Piliyandala Road,5,4,"4,000.0 sqft",15.5 perches
39,House for Sale - Kottawa,17 Jul  5:42 pm,"Kottawa, Colombo","70,000,000",*Kottava horana 280 bus parata muhunala.,5,3,"9,000.0 sqft",72.0 perches,
40,New Single Story House for Sale in Kottawa - Horana Road.,14 Jul  4:35 pm,"Kottawa, Colombo","8,500,000",New Single Story House For Sale in kottawa -Horana Road.-------------------------*Its a New Single story house on 6perches and is 940 sq ft.,1km to kottawa town,2,1,940.0 sqft,6.0 perches
41,Brand New II Two Storied House for Sale Kottawa,17 Jul 12:49 pm,"Kottawa, Colombo","19,000,000","Brand New Two Storied House For Sale In Athurugiriya.08 Perches , Landscaped garden area.‚Ä¢ - 20 Ft Roads‚Ä¢ - 2600 Sq. Ft.","Kottawa Road, Pemananda Mw, Athurugiriya.",4,4,"2,400.0 sqft",8.0 perches
42,Affordable Brand-New House in Kottawa for Sale-House No.8,14 Jul 11:35 am,"Kottawa, Colombo","15,400,000","This brand-new house is located in ‚ÄúWINSOR PARK‚Äù housing complex, Siddamulla.The gated community is facing Kottawa-Piliyandala-Mount lavinia main road (255 bus route) with 24 hours security. Nearly 2.5km to both Kottawa ,Piliyandala towns, Quick access to Kottawa expressway interchange, Highlevel road,120 Horana road ,Galle road ,Kandy road,Piliyandala town,Kottawa town,Maharagama town and other amenities. Wide access roads and plenty of extra parking space. Privileged, tranquil, safe living.","Winsor park,siddamulla",3,3,"1,650.0 sqft",7.0 perches
43,House in Kottawa Pinhena Junction,14 Jul  8:46 am,"Kottawa, Colombo","11,700,000","House in Kottawa Pinhena Junction, Kottawa Piliyandala Rd is for sale.Land Extent - 10 p Facing to a paddy field, nice calm and quiet residential area with scenic beauty.3 bedrooms ground floor with two bathrooms ( one with a bathtub/ Fully equipped) kitchen and living/DiningFirst floor with 2 rooms, 1 bathroom and kitchen, living.Used as Two units with two meters and has been rented out for more than Rs 45,000/= for past few years. Only 250 m to Kottawa - Piliyandala Rd and 1 km to Kottawa. Walking distance to Arpico super center.20 feet rd access to 15 feet concrete rd access.2 vehicle parking facility.House can be renovated to its original plan with a SWIMMING POOL ON first floor where the structure is already completed at the moment and second story concrete slabs are being laid.Asking price is more or less the land value. 17m (negotiable)",Kottawa Pinhena Junction,5,3,"2,000.0 sqft",10.0 perches
44,New House at Kottawa for Sale,14 Jul  8:09 am,"Kottawa, Colombo","13,500,000","This brand-new house is located in ‚ÄúWINSOR PARK‚Äù housing complex, Siddamulla.The gated community is facing Kottawa-Piliyandala-Mount lavinia main road (255 bus route) with 24 hours security. Nearly 2.5km to both Kottawa ,Piliyandala towns, Quick access to Kottawa expressway interchange, Highlevel road,120 Horana road ,Galle road ,Kandy road,Piliyandala town,Kottawa town,Maharagama town and other amenities. Wide access roads and plenty of extra parking space. Privileged, tranquil, safe living.","Winsor park,siddamulla",3,3,"1,150.0 sqft",9.5 perches
45,Brand New House in Kottawa for Sale,14 Jul  8:07 am,"Kottawa, Colombo","20,000,000","This brand-new house is located in ‚ÄúWINSOR PARK‚Äù housing complex, Siddamulla.The gated community is facing Kottawa-Piliyandala-Mount lavinia main road (255 bus route) with 24 hours security. Nearly 2.5km to both Kottawa ,Piliyandala towns, Quick access to Kottawa expressway interchange, Highlevel road,120 Horana road ,Galle road ,Kandy road,Piliyandala town,Kottawa town,Maharagama town and other amenities. Wide access roads and plenty of extra parking space. Privileged, tranquil, safe living.","Winsor park,siddamulla",4,4,"2,100.0 sqft",10.0 perches
46,‡∂Ö‡∂≠‡∑ö ‡∂á‡∂≠‡∑í ‡∂∏‡∑î‡∂Ø‡∂Ω‡∂ß ‡∂ö‡∑ú‡∂ß‡∑ä‡∂ß‡∑è‡∑Ä‡∑ô‡∂±‡∑ä ‡∂±‡∑í‡∑Ä‡∑É‡∂ö‡∑ä,14 Jul  5:49 am,"Kottawa, Colombo","9,295,000",‡∂ß‡∑ä‡∂ª‡∑è‡∂±‡∑ä‡∑É‡∑ä‡∂¥‡∑ù‡∂ß‡∑ä ‡∑Ñ‡∂∂‡∑ä ‡∂ë‡∂ö‡∑ô‡∂±‡∑ä ‡∂¥‡∑É‡∑ä‡∑É‡∑ö ‡∂ö‡∑ú‡∂ß‡∑ä‡∂ß‡∑è‡∑Ä‡∑ö ‡∂∏‡∑í‡∂Ω ‡∂â‡∑Ñ‡∂Ω ‡∂∫‡∂±‡∑ä‡∂± ‡∂â‡∑É‡∑ä‡∑É‡∑ô‡∂Ω‡∑ä‡∂Ω ‡∂Ø‡∑ê‡∂±‡∑ä‡∂∏ ‡∂ú‡∂±‡∑ä‡∂±,2,2,"1,230.0 sqft",7.5 perches,
47,Best House in Kottawa,14 Jul  5:10 am,"Kottawa, Colombo","6,300,000",We have cheapest 3 types of houses in Kottawa with bank loans,"Kudamaduwa road, Kottawa",2,1,652.0 sqft,7.5 perches
48,House for Sale Kottawa,13 Jul  3:00 pm,"Kottawa, Colombo","14,900,000",‡∂ö‡∑ô‡∑è‡∂ß‡∑ä‡∂ß‡∑è‡∑Ä ‡∂¥‡∑í‡∂Ω‡∑í‡∂∫‡∂±‡∑ä‡∂Ø‡∂Ω 255 ‡∂∂‡∑É‡∑ä ‡∂∏‡∑è‡∂ª‡∑ä‡∂ú‡∂∫‡∂ß ‡∂∏‡∑ì 150 ‡∂Ø‡∑î‡∂ª‡∑í‡∂±‡∑ä ‡∑É‡∑í‡∂Ø‡∑ä‡∂Ø‡∂∏‡∑î‡∂Ω‡∑ä‡∂Ω‡∑ô‡∑ä ‡∂ú‡∑ä‚Äç‡∂ª‡∑è‡∂∏‡∂∫‡∑ô‡∑ä - ‡∑Ä‡∂ß ‡∂¥‡∑í‡∂ß‡∑è‡∑Ä ‡∂±‡∑í‡∑É‡∑ä‡∂ö‡∂Ω‡∂Ç‡∂ö ‡∂ú‡∑ê‡∂∏‡∑í ‡∂¥‡∂ª‡∑í‡∑É‡∂ª‡∂∫‡∂ö‡∑í‡∂±‡∑ä ‡∂∫‡∑î‡∂≠‡∑ä‡∂ö‡∂∫‡∂∂‡∑í‡∂∏‡∑ä ‡∂∏‡∑Ñ‡∂Ω ‡∑É‡∂∏‡∑ä‡∂¥‡∑ñ‡∂ª‡∑ä‡∂´‡∂∫‡∑ô‡∂±‡∑ä‡∂∏ ‡∑Ä‡∑ê‡∂© ‡∂±‡∑í‡∂∏ ‡∂ö‡∂Ω (‡∑Ä‡∑Ñ‡∂Ω‡∂ß ‡∑É‡∑ä‡∂Ω‡∑ê‡∂∂‡∑ä ‡∂í‡∂ö ‡∂Ø‡∑ê‡∂∏‡∑ñ) ‡∂±‡∑í‡∑Ä‡∑É ‡∑Ä‡∑í‡∂ö‡∑í‡∂´‡∑ì‡∂∏‡∂ß‡∂â‡∂©‡∂∏‡∑ô‡∑ä ‡∂∂‡∑ë‡∑Ä‡∑î‡∂∏‡∑ä ‡∑Ñ‡∑ê‡∂©‡∂∫‡∂ß ‡∂Ö‡∂Ç‡∂ö‡∑è‡∂Ω‡∂ª‡∑Ä ‡∂≠‡∂ß‡∑ä‡∂ß‡∑î 3‡∂ö‡∂ß ‡∂±‡∑í‡∑Ä‡∑É ‡∑É‡∑è‡∂Ø‡∑è ‡∂≠‡∑í‡∂∂‡∑ô‡∑ä Attached Barth Rooms - 2‡∑Ä‡∑è‡∑Ñ‡∂± 5 ‡∂¥‡∂∏‡∂´ ‡∂±‡∑ê‡∑Ä‡∂≠‡∑ì‡∂∏‡∑ô‡∑ä ‡∑Ñ‡∑ê‡∂ö‡∑í‡∂∫‡∑è‡∑Ä ‡∂≠‡∑í‡∂∂‡∑ô‡∑ä‡∑É‡∂∏‡∑ä‡∂¥‡∑ñ‡∂ª‡∑ä‡∂´ ‡∂â‡∂©‡∂∏ ‡∑Ä‡∂ß‡∑ô‡∂ß‡∂∏ ‡∂≠‡∑è‡∂¥‡∑ä‡∂¥ ‡∂∂‡∑ê‡∂Ø ‡∂ú‡∑ô‡∑ä‡∂ß‡∑ä‡∂ß‡∑î ‡∂Ø‡∂∏‡∑è ‡∂≠‡∑í‡∂∂‡∑ô‡∑ä‡∂∏‡∑î‡∂Ω‡∑î ‡∂±‡∑í‡∑Ä‡∑É‡∂∏ ‡∂ß‡∂∫‡∑í‡∂Ω‡∑ä ‡∂Ö‡∂Ω‡∑ä‡∂Ω‡∑è ‡∂≠‡∑í‡∂∂‡∑ô‡∑ä‡∂ú‡∂©‡∑ô‡∑è‡∂Ω‡∑ä ‡∂∂‡∑í‡∂≠‡∑ä‡∂≠‡∑í,"Siddamulla, Kottawa",3,2,"2,000.0 sqft",20.0 perches
49,Brand New Two Story House in Kottawa,15 Jul  9:43 am,"Kottawa, Colombo","16,000,000",2Storey  new Super Luxury House for Sale in kottawa ,kottawa maththegoda,4,4,"2,200.0 sqft",8.0 perches
50,Two Storied House For Sale in - Kottawa,13 Jul 11:40 am,"Kottawa, Colombo","17,000,000","Two Storied House For Sale, Horahena Road, Vilsan Park, Kottawa.Perches ,6.2  Landscaped garden area.","Vilsan Park , Horahena Kottawa",4,3,"2,100.0 sqft",6.2 perches
51,New Two Storied House For Sale in - Kottawa,13 Jul 11:36 am,"Kottawa, Colombo","22,500,000","Brand New Two storied house @ Kottawa Road, Vidyala Junction.09 Perches with Landscaped garden area.","Kottawa Road, Vidyala Junction",4,3,"2,500.0 sqft",9.0 perches
52,Barnd New Singleh Story House For Sale Kottawa -Malabe Road,13 Jul 12:59 am,"Kottawa, Colombo","9,800,000","Barnd New Singleh Story House For Sale in Kottawa -Malabe Road-------------------------*Its a New Single story house on 8perches and is 1,250 sq ft.03 BedRooms 01 Attach Bathrooms 01Common Bathrooms Servant Bath Roomliving rooms kitchen/Pantrygarage with parking space for 02vehicles.Access Road 15 feet roadClear Titles.","Old Kottawa Road ,2km to kottawa town",3,2,"1,250.0 sqft",8.0 perches
53,House for Sale - Maththegoda,15 Jul 12:53 pm,"Kottawa, Colombo","19,500,000","Bedrooms - 5Bathrooms - 5Land size 10.5 perchesHouse size - 3000 sqftPrice 19,500,000 /= price can be (negotiable)Location in Maththegoda  Army Camp NearFull complete houseA two story houseRoller door GateElectricity AvailableWater AvailableYou can get to Kottawa in fifteen minutes",Maththegoda,5,3,"3,000.0 sqft",10.5 perches
54,Luxury House For Sale - Pannipitiya,12 Jul  2:45 pm,"Kottawa, Colombo","42,000,000",Luxury House For Sale in Kottawa - Pannipitiya ,"Mahawatta Rd, pelenwatta, Pannipitiya .",4,3,"4,500.0 sqft",14.5 perches
55,B/ New Two Story House - Kottawa,12 Jul  2:40 pm,"Kottawa, Colombo","25,000,000","Brand New Two storied  House @ Pannipitiya Road, Vidyala Junction.07 Perches with Landscaped garden area.","Vidyala Junction, Pannipitiya",4,4,"2,700.0 sqft",7.0 perches
56,New House For Sale In Kottawa,15 Jul 12:06 pm,"Kottawa, Colombo","13,000,000",New modern house for sale between three towns Maharagama- kottawa- pilliyandala With all furnitures also can buy IMMEDIATE SALE for migrateNot more than one year oldRoller gate -  Roof topKottawa 4km - Pilliyandala 3km - Maharagama 4kmTotal squar feet‚Äôs 2700Kottawa highway 6km - kahathuduwa highway 5kmCan negotiate,2,1,"2,700.0 sqft",7.0 perches,
57,Valuable House for Sale Kottawa,11 Jul  3:12 pm,"Kottawa, Colombo","13,500,000",BRAND NEW SINGLE STORY MORDEN HOUSE FOR SALE KOTTAWA... ,Horana road kottawa,3,3,"2,600.0 sqft",8.5 perches
58,New House For Sale In Kottawa,15 Jul 12:06 pm,"Kottawa, Colombo","13,000,000",New modern house for sale between three towns Maharagama- kottawa- pilliyandala With all furnitures also can buy IMMEDIATE SALE for migrateNot more than one year oldRoller gate -  Roof topKottawa 4km - Pilliyandala 3km - Maharagama 4kmTotal squar feet‚Äôs 2700Kottawa highway 6km - kahathuduwa highway 5kmCan negotiate,2,1,"2,700.0 sqft",7.0 perches,
59,Valuable House for Sale Kottawa,11 Jul  3:12 pm,"Kottawa, Colombo","13,500,000",BRAND NEW SINGLE STORY MORDEN HOUSE FOR SALE KOTTAWA... ,Horana road kottawa,3,3,"2,600.0 sqft",8.5 perches
60,Brand New Two Storied 5 BED 4 BAR Terrace House for Sale Kottawa,11 Jul  1:44 pm,"Kottawa, Colombo","27,000,000","Brand New Two Storied House With Terrace Architect Designed,Spacious Modern type  House Situated in Kottawa","Rukmalagama Road, Thaldiyawala.",5,4,"5,408.0 sqft",12.8 perches
61,B / New Two Storied House For Sale in - Kottawa,11 Jul 12:01 pm,"Kottawa, Colombo","19,000,000","Brand New Two Storied House For Sale In Horahena Rd, Kottawa10 Perches , Landscaped garden area","Horahena Rd,Kottawa",3,3,"2,400.0 sqft",10.0 perches
62,Brand New Single Story House for Sale in Kottawa,12 Jul  7:43 pm,"Kottawa, Colombo","14,000,000",üè°Niroshana Constructionüè°,3,2,"1,288.0 sqft",8.0 perches,
63,Brand new house at kottawa 255 bus route,11 Jul  8:49 am,"Kottawa, Colombo","9,600,000",Brand new house near the Piliyandala-Kottawa main road for sale.,255 bus route,2,1,700.0 sqft,7.0 perches
64,House For Sale In Kottawa,11 Jul  5:54 am,"Kottawa, Colombo","18,500,000",roller gatetwo entrance vehicle garaj5km to kottawa town1km to polgasowita,4,3,"2,500.0 sqft",17.0 perches,
65,2 Story House for Sale - Kottawa,11 Jul  9:13 am,"Kottawa, Colombo","18,500,000","-2 floors, each with 3 bedrooms One room on each floor with air conditioning -bathrooms with hotwater - kitchen equipped with pantry and dinings available -Large roof top-parking space enough for 3 vehicles",6,3,"2,000.0 sqft",10.24 perches,
66,House available for Sale in Kottawa,10 Jul  3:13 pm,"Kottawa, Colombo","33,000,000","Single storey house with basic amenities, bordering a paddy field with view, 3 bedroom, 1 bathroom, garden area, clear documents,, 1km from Kottawa town, 500m from Vidyala junction, available for Sale.Capital TRUST Properties - FS2065PRINCIPALS ONLY!",off malabe road,3,1,"2,100.0 sqft",26.0 perches
67,House|| in Kottawa,10 Jul  2:38 pm,"Kottawa, Colombo","16,500,000",2 story house4 bed rooms 4 bath rooms Living/pantry/Tv lobbyVehicle parking spaceParapet wall with Roller Gate Pipe born water & electricity20 feet road300m to kottawa/malabe road2km to pannipitiya junction3.5km to thalawathugodaResidential area with good neighborhoodClear deeds,Kottawa,4,4,"2,800.0 sqft",10.0 perches
68,House for Sale in Kottawa,10 Jul  1:10 pm,"Kottawa, Colombo","9,800,000",2.7 km to kottawa 4.4 km to maharagama9.7 km to malabeBRAN NEW HOUSE.TELEPHON LINE.HOT WATER LINE.ROLLER GATE.SECURITY SYSTEM.WATER SUPLYE.CLEAR DOCUMENT.CAN BANK LOAN OPTION.,hatharaman handiya  kottawa,3,2,"1,250.0 sqft",9.5 perches
69,A Brand New House in Kottawa Mattegoda,10 Jul 12:52 pm,"Kottawa, Colombo","14,500,000",#  600m   pettah   mattegoda  bus route # 4‚Ä¢5km  kottawa city #  4  bedrooms # 3  bathrooms #  living area and dining area #  Tv  lobby #  large balcony #  fully complete pantry with gas cooker  and  cooker   head#  fully tiled #  finishing roof #  20 feet road # surrounding wall and roller gate #  better environment # 2200  sqpt #  6‚Ä¢9  perches #  no brokers please #  only genuine buyers,4,3,"2,200.0 sqft",6.9 perches,
70,Brand New 2 Storey House for Sale - Kottawa, 9 Jul 11:36 pm,"Kottawa, Colombo","14,500,000",Brand New 2Storey House For Sale Kottawa -------------------------Located just 600 meters to 296 Kottawa- Piliyandala  route to highly residential area Palenwatta.,600 meters to 296 Kottawa- Piliyandala  route to,3,3,"1,850.0 sqft",6.5 perches
71,House for Sale Mattegoda, 9 Jul  5:16 pm,"Kottawa, Colombo","13,000,000","Garage With Roller Doors, 3 Rooms 2 A/C Rooms. Two Car parks,Small Garden. Close to Maththegoda Town.","Madara Uyana, Mattegoda",3,2,"1,500.0 sqft",10.0 perches
72,Brand New Two Storied House - Kottawa, 9 Jul 11:58 am,"Kottawa, Colombo","22,500,000","Brand New Two storied house @ Kottawa Road, Vidyala Junction.09 Perches with Landscaped garden area.","Kottawa Road, Vidyala Junction",4,3,"2,500.0 sqft",9.0 perches
73,Super House for Sale - Kottawa, 8 Jul  4:06 pm,"Kottawa, Colombo","16,500,000",500m to kottawa malabe Rd 1km to highleval Rd near Dharmapala college 20ft carpet Rd facing superb house 5beds 5baths Ac rooms modern pantry large garden architecture design modern house highly residential area Roller gates 3 vehicles parking area price 16500000,kottawa wasalawatta Rd,5,4,"3,800.0 sqft",10.0 perches
74,Two Storied House - Kottawa, 8 Jul 10:33 am,"Kottawa, Colombo","17,000,000","Brand New Two Storied House For Sale, Horahena Road, Vilsan Park, Kottawa.Perches , Landscaped garden area.","Vilsan Park , Horahena Kottawa",4,3,"2,100.0 sqft",6.2 perches
75,House for Sale in Mattegoda, 7 Jul 11:25 pm,"Kottawa, Colombo","14,000,000",A Beautiful Two-story house located in a peaceful environment in Mattegoda is up for sale.,4,2,"2,000.0 sqft",11.5 perches,
76,Brand New Two Story House for Sale, 7 Jul  7:49 pm,"Kottawa, Colombo","21,000,000",Brand new two storey house for sale in Kottawa 296 piliyandala road.100m to main road .,kottawa 296piliyandala road,4,4,"2,880.0 sqft",8.0 perches
77,3Storey Super Luxury House for Sale in Kottawa maththegoda,15 Jul  9:36 am,"Kottawa, Colombo","37,500,000",3Storey Super Luxury House for Sale in Kottawa maththegoda ,"Kottawa,maththegoda",7,4,"5,800.0 sqft",10.0 perches
78,2 Story Band New House with Separate Annex for Sale -- Kottawa, 6 Jul 10:15 pm,"Kottawa, Colombo","25,000,000",2 Storey Band New House & Separate  anex For Sale in Kottawa Kottawa -Malabe Bus Route .,2km to Kottawa town.20meters to kottawa- malabe Bus route .,7,5,"3,850.0 sqft",15.25 perches
79,Two Storied House in Kottawa, 6 Jul 12:52 pm,"Kottawa, Colombo","26,000,000","Valuable plot of land with two storied house ( Separate access to upper floor and can be rented as a separate unit )Land and house facing railway avenue, Maharagama road run parallel to high level road with paddy field view. Highly residential and peaceful area, conveniently located.Clear deeds.Electricity,water and Telephone ( Telecom ) available.Ground floor with 3 BR + 1 Bath and Upstairs with 1BR + 1 Bath and covered car park.2 KM to Maharagama and 2 Km to Pannipitiya.   26 Million or highest offer.",4,2,"2,500.0 sqft",16.0 perches,
80,Brand New Two Storied House For sale in Kottawa, 6 Jul 10:52 am,"Kottawa, Colombo","24,800,000","Brand New Two story house @ Kottawa Road, Vidyala Junction.07 Perches with Landscaped garden area.","Vidyala Junction, Pannipitiya",4,4,"2,700.0 sqft",7.0 perches
81,Luxury Brand New Two Story House Pilyandala, 5 Jul  9:43 pm,"Kottawa, Colombo","27,000,000",Luxury brand new house for sale kottawa 296 piliyandala road 4bedroom 4bathroom tv lobby rooftop balcony 3vehical parking space 200m to mainroad 2.5km highlevel road piliyandala town 3km kottawa dharmapala viddiyalaya 1km,kottawa 296 pilyandala road,4,4,"3,680.0 sqft",10.0 perches
82,Brand New Luxury House for Sale - Kottawa, 5 Jul  2:08 pm,"Kottawa, Colombo","18,500,000","3 bedroom 3 bathroom,two living room,wood pantry,cctv,hot water,AC room,two ponds,car porch,remote gate ,box gate, balcony,nice garden,store room,servant toilet,tv lobby,new light system this house was in nice location.good neighbors ,30 feet board road,house behind paddy field,distance main city about 2-3km,and super market,food city,warking parth,gym, 500m-650m hope quick sale",1A/246 housing scheme rukmalgama kottawa,3,3,"2,350.0 sqft",9.0 perches
83,Luxury 03 store House for Sale in Kottawa - Siddamulla,20 Jul 10:52 am,"Kottawa, Colombo","45,000,000",Luxury 03 store house for sale in Kottawa - Siddamulla======================================,6,3,"4,500.0 sqft",20.65 perches,
84,Brand New Single Story House for Sale in Kottawa,12 Jul  7:43 pm,"Kottawa, Colombo","14,000,000",üè°Niroshana Constructionüè°,3,2,"1,288.0 sqft",8.0 perches,
85,Brand New Luxury House for Sale - Kottawa, 5 Jul  2:08 pm,"Kottawa, Colombo","18,500,000","3 bedroom 3 bathroom,two living room,wood pantry,cctv,hot water,AC room,two ponds,car porch,remote gate ,box gate, balcony,nice garden,store room,servant toilet,tv lobby,new light system this house was in nice location.good neighbors ,30 feet board road,house behind paddy field,distance main city about 2-3km,and super market,food city,warking parth,gym, 500m-650m hope quick sale",1A/246 housing scheme rukmalgama kottawa,3,3,"2,350.0 sqft",9.0 perches
86,Two Storied House For Sale in Kottawa, 5 Jul 11:11 am,"Kottawa, Colombo","17,000,000","Brand New Two Storied  House For Sale, Horahena Road, Vilsan Park, Kottawa.Perches , Landscaped garden area.","Vilsan Park , Horahena Kottawa.",4,3,"2,100.0 sqft",6.2 perches
87,B /New Two Storied House For Sale in Kottawa, 5 Jul 10:57 am,"Kottawa, Colombo","20,000,000","Brand New Two Storied House For Sale In Aturugiriya Road, Kottawa.08 Perches Landscaped garden area.","Palannawatta Road, Kottawa.",4,4,"2,500.0 sqft",8.0 perches
88,Brand New House in Pannipitiya, 5 Jul  7:50 am,"Kottawa, Colombo","29,000,000","have a Architect designed  specious 3 storied Brand new luxury house for special offer‚Ä¶‚Ä¶ 10 perch land, please contact - only 29 million - negotiableThis located at well develop housing area very close to 255 bus road & kottawa town.3900 square feet house, 5 bed room 4 bath rooms with wide feet road. You don't find a house with this feature s & neatness at this area for this value. Perfect plan.. 2 vehicles can park.Cctv, AC, Roller gate, fully equip pantry cupboards. Fine hard wood used for doors & windows.Beautiful lighting & uncommon fittings, peaceful well secured residential area located at 255 bus road, 1.5 KM to kottawa town, 3 km to pannipitiyaVery convenience to Keels/ Cargills /Laughs supermakets and the banks. selling at urgently..Just one month before completed","pannipitiya road, kottawa (296 road)",5,5,"3,750.0 sqft",9.0 perches
89,House for sale in Kottawa, 4 Jul  2:13 pm,"Kottawa, Colombo","6,000,000","‚Ä¢	House for sale in Kottawa‚Ä¢	12 Feet wide road ‚Ä¢	9.31 Perches‚Ä¢	2 km to Kottawa town‚Ä¢	1.2 km to Athurugiriya town‚Ä¢	Only the value of the land is set‚Ä¢	The total value of the land is Rs.6000000‚Ä¢	Close to supermarket, school, hospital and all banks‚Ä¢	All documents are clear‚Ä¢	Don‚Äôt miss this opportunity ‚Ä¢	Genuine buyers only ","Kottawa road,  Suwa mawatha",3,2,"1,100.0 sqft",9.31 perches
90,New Two Storied House Malabe, 4 Jul 11:23 am,"Kottawa, Colombo","19,000,000","Brand New Two Storied House For Sale In Wanaguru Mw, Hokandara.10 Perches , Landscaped garden area","Horahena Road, Malabe",3,3,"2,400.0 sqft",10.0 perches
91,Brand New Two Storied House for In Kottawa, 4 Jul 11:14 am,"Kottawa, Colombo","20,000,000","Brand New Two Story House For Sale In Aturugiriya Road, Kottawa.08 Perches Landscaped garden area.","Palannawatta Road, Kottawa.",4,4,"2,500.0 sqft",8.0 perches
92,Luxury House for Sale - Siddamulla, 4 Jul  8:53 am,"Kottawa, Colombo","9,285,000",20 ft rdFacing Paddy450 to bus roadClear Deed,"255 rd, near Siddamulla",2,2,"1,258.0 sqft",7.0 perches
93,‡∂¥‡∂±‡∑ä‡∂±‡∑í‡∂¥‡∑í‡∂ß‡∑í‡∂∫ ‡∂±‡∑í‡∑Ä‡∑É ‡∑Ä‡∑í‡∂ö‡∑í‡∂´‡∑ì‡∂∏, 3 Jul 11:02 am,"Kottawa, Colombo","10,000,000","‡∂¥‡∂±‡∑ä‡∂±‡∑í‡∂¥‡∑í‡∂ß‡∑í‡∂∫ ‡∂¥‡∑ê‡∂Ω‡∑ê‡∂±‡∑ä‡∑Ä‡∂≠‡∑ä‡∂≠ ‡∂â‡∂±‡∑ä‡∂∞‡∂± ‡∂¥‡∑í‡∂ª‡∑Ä‡∑î‡∂∏‡∑ä‡∑Ñ‡∂Ω ‡∂â‡∂Ø‡∑í‡∂ª‡∑í‡∂¥‡∑í‡∂ß ‡∂ª‡∑î‡∑Ä‡∂±‡∑ä‡∂¥‡∑î‡∂ª ‡∂¥‡∑è‡∂ª‡∑ö 255 ‡∂¥‡∑ä‚Äç‡∂ª‡∂∞‡∑è‡∂± ‡∂∂‡∑É‡∑ä ‡∂¥‡∑è‡∂ª‡∂ß ‡∂¥‡∑ô‡∂±‡∑ô‡∂± ‡∂Ø‡∑î‡∂ª‡∑í‡∂±‡∑ä ‡∂¥‡∑Ñ‡∂≠ ‡∂∏‡∑è‡∂Ω‡∂∫ ‡∑É‡∂∏‡∑ä‡∂¥‡∑ñ‡∂ª‡∑ä‡∂´‡∂∫‡∑ô‡∂±‡∑ä ‡∂ß‡∂∫‡∑í‡∂Ω‡∑ä ‡∂ö‡∂ª ‡∂±‡∑í‡∂∏ ‡∂ö‡∂ª‡∂±  ‡∂Ω‡∂Ø ‡∑É‡∑í‡∂∫‡∑Ö‡∑î ‡∂¥‡∑Ñ‡∑É‡∑î‡∂ö‡∂∏‡∑ä ‡∑É‡∑Ñ‡∑í‡∂≠ ‡∂¥‡∂ª‡∑ä‡∂†‡∑É‡∑ä 7.87‡∂ö ‡∂±‡∑í‡∑Ä‡∑É ‡∂∏‡∑î‡∂Ø‡∂Ω‡∑ä ‡∑Ñ‡∂Ø‡∑í‡∑É‡∑í‡∂∫‡∂ö‡∂ß ‡∑Ä‡∑í‡∂ö‡∑î‡∂´‡∂∏‡∑í. ‡∂∏‡∑í‡∑Ö ‡∂ú‡∂´‡∂±‡∑ä ‡∑É‡∑è‡∂ö‡∂†‡∑ä‡∂°‡∑è ‡∂ö‡∂ª‡∂ú‡∂≠ ‡∑Ñ‡∑ê‡∂ö. ‡∂Ø‡∑î.‡∂á. ‡∑Ä‡∑í‡∑Å‡∑è‡∂Ω ‡∑É‡∑è‡∂Ω 01, ‡∂ö‡∑è‡∂∏‡∂ª 03, ‡∂∂‡∑è‡∂≠‡∑ä‡∂ª‡∑ñ‡∂∏‡∑ä 02, ‡∂ö‡∑ë‡∂∏ ‡∂ö‡∑è‡∂∏‡∂ª 01, ‡∂ú‡∂∂‡∂©‡∑è ‡∂ö‡∑è‡∂∏‡∂ª 01 ‡∑É‡∑Ñ ‡∂∏‡∑î‡∑Ö‡∑î‡∂≠‡∑ê‡∂±‡∑ä‡∂ú‡∑ô‡∂∫.","‡∂±‡∑ú, 139/18, ‡∂ª‡∑î‡∑Ä‡∂±‡∑ä‡∂¥‡∑î‡∂ª, ‡∂¥‡∑ê‡∂Ω‡∑ê‡∂±‡∑ä‡∑Ä‡∂≠‡∑ä‡∂≠, ‡∂¥‡∂±‡∑ä‡∂±‡∑í‡∂¥‡∑í‡∂ß‡∑í‡∂∫.",3,2,"2,146.62 sqft",7.87 perches
94,A Brand New House in Kottawa Horahena Road, 2 Jul  5:32 pm,"Kottawa, Colombo","16,500,000",*  4km  kottawa * 200m  horahena  road * 800m   336  kottawa   malabe   bus   route *  5km  malabe   city *  large   3  bedrooms * 2  bathrooms *  large   living   area   and dining   area *  TV  lobby *  pantry * balcony *  fully   tiled *  finishing   roof *  hot   water *  surrounding   wall *  roller   gate *  3  vehicle   parking *  nice   garden *better   environment,3,2,"2,800.0 sqft",8.75 perches,
95,House || in Kottawa,10 Jul 11:29 am,"Kottawa, Colombo","16,500,000",2 story house4 bed rooms 4 bath rooms Living/pantry/Tv lobbyVehicle parking spaceParapet wall with Roller Gate Pipe born water & electricity20 feet road300m to kottawa/malabe road2km to pannipitiya junction3.5km to thalawathugodaResidential area with good neighborhoodClear deeds,Kottawa,4,4,"2,800.0 sqft",10.0 perches
96,Brand New House in Kottawa, 2 Jul  9:26 am,"Kottawa, Colombo","22,500,000","Strongly design specious 3 storied Brand new luxury house for immediate sale‚Ä¶.contact price 22.5 million 5 rooms with 4 bath room including quality bath fittings, two Living rooms, Remote control roller gate8 perch with 20 feet wide road, more than 2500 square feet.Conveniently located in peaceful well secured residential area close to kesbawa &Kottawa towans.just 100 m to 342 bus roadThis house located at prestige housing scheme with New crowed at surroundingLuxury three storey modern house with all facilities. Very convenience to Keels/ Cargills /Arpico supermakets and some of the the banks. Selling at urgently. Just a month before completed.",342 bus road. kottawa,4,4,"3,200.0 sqft",8.5 perches
97,House for Sale - Maththegoda, 2 Jul 12:47 am,"Kottawa, Colombo","11,500,000","sundara parisarayaka pihiti anga sampoorna nawa niwsasabus paarata 100m  kottawa  high way entress ekata 3,5km,","jam gas handiya .maththegoda,",3,2,"1,300.0 sqft",10.0 perches
98,Brand New Luxury Two Storey House Piliyanadala, 2 Jul  8:33 am,"Kottawa, Colombo","29,500,000","Brand new luxury two storey house for sale in kottawa 255 piliyanadala Road near to the Kottawa Junction. 4 bedrooms and 4 bathrooms. Comply with hot water, solar system,AC,CCTV camera, TV lobby, balcony and roof. Servant room and a bathroom. Complete pantry with a hob. Double carpoch. 100m to 255 Road.",kottawa 255 piliyanadala Road,4,4,"3,510.0 sqft",9.0 perches
99,A Brand New Two Storied House in Kottawa, 1 Jul  3:07 pm,"Kottawa, Colombo","18,000,000",#  300m  138  rukmalgama pettah   main bus stand # 3‚Ä¢5km  kottawa # 3km  kottawa  railway station # 3‚Ä¢5km  kottawa southern high way entrance #  3km  athurugiriya city# 4‚Ä¢5km  talawatugoda #    3  bedrooms #  4  bathrooms #  living area and dining area #  pantry #  Tv  lobby #  balcony #  fully tiled #  finishing roof #  Cctv # hot water #  beautiful garden #  surrounding wall and roller gate #  30  feet road #  better environment #  facing very beautiful paddy field #  servant facility   room and bathroom #  no brokers please only genuine buyers,3,4,"2,350.0 sqft",8.9 perches,
100,Two Storied || House For Sale Kottawa, 1 Jul  3:03 pm,"Kottawa, Colombo","17,000,000","Brand New Two Story House For Sale, Horahena Road, Vilsan Park, Kottawa.Perches , Landscaped garden area.","Vilsan Park , Horahena Kottawa",4,3,"2,100.0 sqft",6.2 perches
101,Brand New Two Storied House for Sale in Kottawa, 1 Jul  2:49 pm,"Kottawa, Colombo","22,500,000","Brand New Two storied house @ Kottawa Road, Vidyala Junction.09 Perches with Landscaped garden area.","Kottawa Road, Vidyala Junction",4,3,"2,500.0 sqft",9.0 perches
102,B /new Two Storied House for Sale in Kottawa,18 Jul 11:03 am,"Kottawa, Colombo","20,000,000","Brand New Two Story House For Sale In Aturugiriya Road, Kottawa.08 Perches Landscaped garden area.","Palannawatta Road, Kottawa.",4,4,"2,500.0 sqft",8.0 perches
103,B/New Two Storied House For sale in Kottawa, 1 Jul 11:05 am,"Kottawa, Colombo","24,800,000","Brand New Two story house @Kottawa Road, Vidyala Junction.07 Perches with Landscaped garden area.","Vidyala Junction, Kottawa.",4,4,"2,700.0 sqft",7.0 perches
104,House in Near Kottawa, 8 Jul  9:25 am,"Kottawa, Colombo","21,000,000",2 story house 4 bedrooms3 bathrooms Sitting / living / dining Pantry with kitchenJack wood doors and windowsParapet wall with remote gateVehicle parking spaceElectricity and pipe born water1.5km to kottawa junctionResidential areaClear deed,Near kottawa,4,3,"2,400.0 sqft",10.0 perches
105,House for Sale Mattegoda,30 Jun 10:57 am,"Kottawa, Colombo","15,000,000",Going aboard,3c/137 national House scheme mattegoda,3,3,"2,200.0 sqft",8.5 perches
106,House in Kottawa for Sale 12P,11 Jul  4:00 pm,"Kottawa, Colombo","26,000,000","House In Kottawa, 12 p land extent, 3500 sqft, facing a 20 feet rd access, only 700 m to the High-Level Main rd, only 900 m to the Highway Kottawa entrance and HIGHWAY BUS STATION available for sale. House is solidly built with 9"" walls (Bricks) and can be rented out as two separate units with two electricity meters. All together 4 rooms, 4 Attached bathrooms, 2 pantry kitchens, two living areas etc. ( Each floor 2 rooms 2 bath Kitchen pantry living ) All the rooms are big 16'x18' average. Master Bedroom 20'x22'. Two (2 large vehicles can be parked inside and 20 feet rd front can be used to park other vehicles. House is located in a peaceful calm and quiet scheme of good people. Easy access to High Level rd from there to Colombo, Kottawa, Homagama, HIGHWAY BUS STATION etc. House has minor repairs that may not need immediate attention. Asking price in 26 m Negotiable after inspection",Kottawa Niyandagala Mw,4,4,"3,500.0 sqft",12.0 perches
107,Two Storied Modern House for Sale Kottawa,29 Jun  9:45 am,"Kottawa, Colombo","27,000,000",Brand New Two Storied Luxury Modern House For Sale  in Kottawa10 Perches with Landscaped garden area..‚Ä¢ - 3800 Sq. Ft.,4,4,"2,900.0 sqft",10.0 perches,
108,Single Story House For Sale In Polgasowita,28 Jun  3:48 pm,"Kottawa, Colombo","9,200,000",3 bed roomsKitchenNear the paddy FieldHave a Garden17.5 Purches,"89/17, Kirigampamunuwa, Polgasowita",3,1,"3,525.0 sqft",17.5 perches
109,New 2 Story House - Kottawa,28 Jun  1:33 pm,"Kottawa, Colombo","19,500,000","Brand New Two Story House For Sale In Wanaguru Mw, Hokandara.10 Perches , Landscaped garden area","Horahena Road, Kottawa",3,4,"2,400.0 sqft",10.0 perches
110,Luxury House for Sale - Siddamulla, 4 Jul  8:53 am,"Kottawa, Colombo","9,285,000",20 ft rdFacing Paddy450 to bus roadClear Deed,"255 rd, near Siddamulla",2,2,"1,258.0 sqft",7.0 perches
111,Luxury 03 store House for Sale in Kottawa - Siddamulla,20 Jul 10:52 am,"Kottawa, Colombo","45,000,000",Luxury 03 store house for sale in Kottawa - Siddamulla======================================,6,3,"4,500.0 sqft",20.65 perches,
112,Brand New Single Story House Mattegoda,28 Jun  1:23 pm,"Kottawa, Colombo","14,000,000","A Beautifull Single Story house for sale in Mattegoda Salgas Junction,Cargills food city (walking distance)","Mattegoda Salgas, Junction,",3,2,"1,288.0 sqft",8.0 perches
113,House For Sale in Mattegoda,28 Jun  9:14 am,"Kottawa, Colombo","6,250,000",‡∂∏‡∂≠‡∑ä‡∂≠‡∑ô‡∂ú‡∑ú‡∂© ‡∂±‡∑í‡∑Ä‡∑è‡∑É ‡∑É‡∂Ç‡∂ö‡∑ì‡∂ª‡∑ä‡∂´‡∂∫‡∑ö 9B ‡∑Ä‡∂ª‡∑ä‡∂ú‡∂∫‡∑ö ‡∑Ä‡∂ª‡∑ä‡∂ú ‡∂Ö‡∂©‡∑í 1000‡∂ö‡∑è‡∂∏‡∂ª 3‡∂∂‡∑è‡∂≠‡∑ä‡∂ª‡∑ñ‡∂∏‡∑ä 2‡∂Ö‡∂Ω‡∑î‡∂≠‡∑ô‡∂±‡∑ä ‡∂ß‡∂∫‡∑í‡∂Ω‡∑ä ‡∑Ñ‡∑è ‡∂±‡∑è‡∂± ‡∂ö‡∑è‡∂∏‡∂ª ‡∂ö‡∂ß‡∑ä‡∂ß‡∂Ω ‡∂Ö‡∂Ω‡∑ä‡∂Ω‡∑è ‡∂á‡∂≠.‡∂¥‡∑ä‚Äç‡∂ª‡∂∞‡∑è‡∂± ‡∂∂‡∑É‡∑ä ‡∂±‡∑ê‡∑Ä‡∂≠‡∑î‡∂∏‡∑ä‡∂¥‡∂Ω‡∂ß ‡∂∏‡∑ì‡∂ß‡∂ª‡∑ä 100‡∂á‡∂≠‡∑î‡∑Ö‡∑î‡∑Ä‡∑ì‡∂∏ ‡∂¥‡∑Ñ‡∑Ö‡∑í‡∂±‡∑ä ‡∂á‡∂≠‡∂∏‡∑ê‡∂Ø ‡∂ú‡∑ô‡∂∫‡∂ö‡∑í‡∂Ω‡∂ö‡∑ä‡∑Ç 62/50 ‡∑Ñ‡∑ù ‡∑Ä‡∑ê‡∂©‡∑í‡∂∏ ‡∂â‡∂Ω‡∑ä‡∂Ω‡∑î‡∂∏‡∂ß‡∂â‡∂ö‡∑ä‡∂∏‡∂´‡∑í‡∂±‡∑ä ‡∑Ä‡∑í‡∂ö‡∑í‡∂´‡∑ö,"Mattegoda, Kottawa",3,2,"1,000.0 sqft",5.5 perches
114,2 Story House for Sale in - Pannipitiya,28 Jun  9:01 am,"Kottawa, Colombo","15,000,000","10.3 perches/ 2600 sqft/ 3 Bed Rooms/ 2 Bathrooms/ 2 Living, 2 Dining Area/ 2 Kitchen one with  teak wood Pantry Cupboards/  Pipe born water with 2  over head water tanks,   2 Vehicle Parking Area with big balconies Facing  to 296 Kottawa - Piliyandala bus route. Very Good Environment.2 separated floors with separated electricity,water bills, Ground floor has already rented  for Rs.25,000 per month.Upper floor can be rented for Rs.35,000.00 per month.current land value - Rs,850,000 per perch",3,2,"2,600.0 sqft",10.3 perches,
115,House || in Kottawa, 8 Jul  9:25 am,"Kottawa, Colombo","24,000,000","2 story HouseFully furniture with4 bed rooms 4 bath rooms (3 attached) Sitting,dining,living areaCenter pantryDressing roomGarden areaHot water facilitiesServant room Pipe born water & ElectricityResidential area with good neighborhoodParapet wall with remote gate50m to kottawa/malabe roadClear deeds",Kottawa,4,4,"2,900.0 sqft",10.0 perches
116,Complete House for Sale in Mattegoda, 1 Jul  9:29 am,"Kottawa, Colombo","12,000,000","*Five KM to Matara Highway *Bank Loan Facilities,*Two Car park,*Right round wall. All windows with  Iron Grills,*Two Kitchen, Newly Built Pantry Cupboard With 4 Bunner Cooker & Cokker head,*All the Banks Reputed Super market,post Office,Main bus Stand,C.W.E Church,Temple Within,150-200 Meters. Not a Flooding Area.","194/71,Sadun Pura, Mattegoda.",4,3,"1,400.8 sqft",8.5 perches
117,Brand New Luxury Model House for Sale in Kottawa,15 Jul  9:36 am,"Kottawa, Colombo","28,000,000","Brand new 2Storey House For Sale in kurulu uyana, polkotuwa, kottawa. ","Kottawa, Piliyandala rd, Kurulu Uyana",4,4,"3,600.0 sqft",10.0 perches
118,Luxury Home In Kottawa,27 Jun  6:36 am,"Kottawa, Colombo","12,900,000",‡∑É‡∑î‡∂¥‡∑í‡∂ª‡∑í ‡∂±‡∑í‡∑Ä‡∑É‡∂ö‡∑ä ‡∑Ñ‡∑í‡∂∏‡∑í ‡∂ö‡∂ª ‡∂ú‡∑ê‡∂±‡∑ì‡∂∏‡∂ß ‡∂Ö‡∂±‡∂ú‡∑í ‡∂Ö‡∑Ä‡∑É‡∑ä‡∂Æ‡∑è‡∑Ä‡∂ö‡∑ä,"255 rd, Kottawa",4,2,"1,615.0 sqft",7.5 perches
119,Beautifull House in Kottawa,27 Jun  5:29 am,"Kottawa, Colombo","9,300,000",‡∑É‡∑î‡∂¥‡∑í‡∂ª‡∑í ‡∂±‡∑í‡∑Ä‡∑É‡∂ö‡∑ä ‡∑Ñ‡∑í‡∂∏‡∑í ‡∂ö‡∂ª ‡∂ú‡∑ê‡∂±‡∑ì‡∂∏‡∂ß ‡∂Ö‡∂±‡∂ú‡∑í ‡∂Ö‡∑Ä‡∑É‡∑ä‡∂Æ‡∑è‡∑Ä‡∂ö‡∑ä,"255 rd, Kottawa",2,2,"1,150.0 sqft",7.5 perches
120,A Architect Designed Two Storied Modern House in Kottawa,25 Jun  4:35 pm,"Kottawa, Colombo","22,500,000",#  50m  kottawa malabe (336) bus route #  3km  pannipitiya high level road #  400m    vidyala junction #  3‚Ä¢5km  kottawa #  4km  talawatugoda #  4km  malabe #  4 bedrooms  (2 bedrooms   with attached bathrooms )# living area and dining area #  Tv  lobby # fully complete pantry #  fully tiled # finishing roof # Ac# hot water #   all wood teak # surrounding wall and roller gate # 3  vehicle parking area # 8‚Ä¢5  perches #  2450 sqpt #  1000  liters water tank # no brokers please only genuine buyers,4,3,"2,450.0 sqft",8.9 perches,
121,Brand New Single Story House for Sale - Kottawa,12 Jul  8:56 am,"Kottawa, Colombo","11,500,000",Brand New Single Story House Sale For Kottawa ,"Jamgas Junction, Maththegoda",3,2,"1,400.0 sqft",10.0 perches
122,House for Sale - Kottawa,24 Jun 11:51 am,"Kottawa, Colombo","12,500,000",‡∂ö‡∑ú‡∂ß‡∑ä‡∂ß‡∑è‡∑Ä ‡∂¥‡∑ê‡∑Ö‡∑ê‡∂±‡∑ä‡∑Ä‡∂≠‡∑ä‡∂≠ ‡∂¥‡∑í‡∑Ñ‡∑í‡∂ß‡∑í ‡∂±‡∑í‡∑É‡∑ä‡∂ö‡∂Ω‡∂Ç‡∂ö ‡∑Ä‡∑ê‡∂Ø‡∂ú‡∂≠‡∑ä ‡∂¥‡∂ª‡∑í‡∑É‡∂ª‡∂∫‡∂ö ‡∂¥‡∂ª‡∑ä‡∂†‡∑É‡∑ä 12.5.‡∂ö‡∑è‡∂∏‡∂ª 3‡∂ö ‡∑É‡∑Ñ ‡∑Ä‡∂ß ‡∂≠‡∑è‡∂¥‡∑ä‡∂¥‡∂∫ ‡∑É‡∑Ñ‡∑í‡∂≠ ‡∂Ö‡∂Ç‡∂ú‡∑É‡∂∏‡∑ä‡∂¥‡∑ñ‡∂ª‡∑ä‡∂´ ‡∂±‡∑í‡∑Ä‡∑É ‡∑Ä‡∑í‡∂ö‡∑í‡∂´‡∑ì‡∂∏‡∂ß,3,1,"1,500.0 sqft",12.5 perches,
123,2 Story New House for Sale - Kottawa,13 Jul  2:03 pm,"Kottawa, Colombo","20,000,000","9.5 perches/ 2200 sqft/ 4 Bed Rooms/ 3 Bathrooms/ Hot water/ Living, Dining Area/ Kitchen with Modern Pantry Cupboards/ Double Height Finishing Timber Roof/ Brick Walls/ Pipe born water with over head water tank ( 1000 l Water Tank with pressure pump)/ 3 Vehicle Parking Area/ Remote & Roller Shutter & Wicket Gate/ Face to 20 feet Road/ 1km to Makumbura Highway/ 1.2 km to Kottawa Junction/ Highly Residential Area/ Very Good Environment.Immediate Sale, Call for Seen on appointments.",4,3,"2,200.0 sqft",9.5 perches,
124,Brand New Two Storey House for Sale Kottawa,24 Jun  9:15 pm,"Kottawa, Colombo","22,500,000","Kottawa Malabe Road, 4bedroom, 4 barthroom,hot water, TV lobby, balcony, Two vehicle parking space, roller gate, 50m to main road, 3km to kottawa, 3km to pannipitiya, 4km to thalawathugoda, resident area",kottawa Malabe Road,4,4,"2,780.0 sqft",8.0 perches
125,Small House with 5 Perch Land for Immediate Sale in Piliyandala,23 Jun  3:57 pm,"Kottawa, Colombo","3,000,000",House For Immediate Sale in Kottawa,"Elvitigala Mawatha, Siddhamulla, Piliyandala",2,1,"1,000.0 sqft",5.0 perches
126,B/ New Two Story House at Kottawa,23 Jun  3:29 pm,"Kottawa, Colombo","22,500,000","Brand New Two story house @ Kottawa Road, Vidyala Junction.09 Perches with Landscaped garden area.","Kottawa Road, Vidyala Junction",4,3,"2,500.0 sqft",9.0 perches
127,Luxury Modern House for Sale in Piliyandala,10 Jul 12:27 pm,"Kottawa, Colombo","27,000,000","‡∂ö‡∑ú‡∂ß‡∑ä‡∂ß‡∑è‡∑Ä‡∂ß ‡∂ö‡∑í‡∂Ω‡∑ù‡∂∏‡∑ì‡∂ß‡∂ª‡∑ä 2.5, ‡∂¥‡∑í‡∑Ö‡∑í‡∂∫‡∂±‡∑ä‡∂Ø‡∂Ω ‡∂ß ‡∂ö‡∑í‡∂Ω‡∑ù‡∂∏‡∑ì‡∂ß‡∂ª‡∑ä ‡∑Ñ‡∂≠‡∂ª‡∂∫‡∑í, ‡∂¥‡∂±‡∑ä‡∂±‡∑í‡∂¥‡∑í‡∂ß‡∑í‡∂∫2.5",‡∂ö‡∑ú‡∂ß‡∑ä‡∂ß‡∑è‡∑Ä 296 ‡∂¥‡∑í‡∑Ö‡∑í‡∂∫‡∂±‡∑ä‡∂Ø‡∂Ω ‡∂¥‡∑è‡∂ª,4,4,"3,600.0 sqft",10.0 perches
128,2 Storey New House For Sale in Honnanthara -Kottawa,22 Jun  9:06 pm,"Kottawa, Colombo","18,900,000",2 Storey New House For Sale in Honnanthara -Kottawa------------------------3 .5 km to Piliyandala Junction700 meters to Mavitthara junction,700 meters to Mavitthara junction,5,3,"2,650.0 sqft",8.2 perches
129,Two Story Modern Luxury House For Sale - Kottawa, 4 Jul  2:45 am,"Kottawa, Colombo","27,000,000",Brand New Two Storied Luxury Modern House in Kottawa10 Perches with Landscaped garden area.,"Kurulu Uyana, PolKotuwa, Kottawa",4,4,"2,900.0 sqft",10.0 perches
130,House New Tow Story for Sale Piliyandala,27 Jun  7:46 am,"Kottawa, Colombo","19,500,000",19.5 million Brand new tow story house Ac.. solar hot water... Balkony. . Garden ....,kottawa 296  piliyandala rd,4,3,"2,300.0 sqft",8.3 perches
131,Well maintained Two storied House - Kottawa,28 Jun  8:48 pm,"Kottawa, Colombo","21,000,000",¬ªWell maintained Two storied House with 12 perches in a highly residential clean area. ¬ªExtremely quiet neighborhood ¬ª20 Foot access road ¬ªOnly One Kilometer to Kottawa town¬ª02 minutes to Keels Super /  Kottawa   Nursing home and Dharmapala Vidyalaya ¬ªMaximum 5 minute drive and easy access   to Kottawa Highway entrance through 2   ways (Via Highlevel road and Horana   Dolekade junction )¬ªWalking distance to proposed Sri Jayawardenapura Engineering faculty site¬ªTotal Floor area 2700 Sq,"Gajaba mawatha, horana road, kottawa",5,3,"2,700.0 sqft",12.0 perches
132,A brand new house in kottawa,21 Jun  6:40 pm,"Kottawa, Colombo","22,000,000",#   50m  ( pettah  rukmalgama)  bus route # 1‚Ä¢5km    kottawa city #  1‚Ä¢5 km  kottawa   southern   high way entrance #   4  bedrooms #  3  bathrooms #  living area   and dining area #  fully complete pantry #  large   Tv  lobby # large balcony #  Ac#  cctv #  hot water #  surrounding wall and roller gate #  3  vehicle parking area #  nice garden #  10  perched #  2900  sqpt #  no brokers #  only genuine buyers,4,3,"2,900.0 sqft",10.0 perches,
133,Luxury House for sale in Mattegoda - Newly Renovated,16 Jul  3:32 pm,"Kottawa, Colombo","6,750,000","Newly Renovated Luxury Type House in Mattegoda SchemeModern apartment type house, facing the main road in Mattegoda.with a small gardenClose proximity (100 m) to bank, food city, bus stands, gym, etc.  Fully tiled, luxury wooden doors and luxury bathroom",2,1,850.0 sqft,5.0 perches,
134,B/New Modern House For Sale Kottawa,21 Jun 10:36 am,"Kottawa, Colombo","29,500,000","Kottawa, Sikuradapola JunctionBrand New (Not Occupied) Solidly BuiltTwo Storied Modern House For Sale9 Perch Land3500 sqft4 Bedrooms (2 Rooms A/C)3 Bathrooms with Hot WaterServant Room & Servant BathroomFully Clay Bricks Wall (9"")Hot WaterTeak PantryFinishing RoofDoor / Window Jak WoodRoof TerraceGarage (20' x 20') Space for 2 VehiclesRemote Gate with Surrounded Parapet WallPrice: 295 Lakhs","Sikuradapola Junction, Kottawa",4,3,"3,500.0 sqft",9.0 perches
135,B/New Two Story Modern Luxury House || Kottawa,21 Jun 10:13 am,"Kottawa, Colombo","27,000,000",Brand New Two Storied Luxury Modern House in Kottawa10 Perches with Landscaped garden area.,"Kurulu Uyana, PolKotuwa, Kottawa",4,4,"2,900.0 sqft",10.0 perches
136,3 Storied House for Sale - Kottawa,28 Jun 10:03 am,"Kottawa, Colombo","18,500,000","Newly built house for sale. 18.5 Million(Ideal for a Residential / Business ‚Äì Restaurant, Hotel, Office ect)Near Kottawa Highway entrance (1 Km),  and Kottawa new bus stop (1.5 Km), 800m from High Level road.Decent, calm, neighborhood. Wide and well maintained roads,Supermarkets, hospitals, Banks, ATMs, schools everything are in close distance.",6,6,"2,000.0 sqft",8.5 perches,
137,House for Sale - Pannipitiya,18 Jul 10:28 am,"Kottawa, Colombo","15,500,000","Single story house for sale200 M for Kottawa to Piliyandala Buss route from the location03.5 Km to Kottawa,Kesbawa,Piliyandala,Maharagama.18.5 perches.950 sqft.03 Bedrooms01 Bathrooms01 Kitchen01 Store area (12 X 5 ft )Roofed Parking for 02 vehicles Peaceful Decent Highly Residential area,Well waterScenic Paddy Field ViewSurrounded by fense and GateImmediate sale.Rs.15500000. (15.5 million) Negotiable.Call for appointments.GENUINE BUYERS ONLY","Puwakgaswattha road,Palanwattha,Pannipitiya,Kottawa.",3,1,"1,950.0 sqft",18.5 perches
138,Luxury House for Sale - Siddamulla, 4 Jul  8:53 am,"Kottawa, Colombo","9,285,000",20 ft rdFacing Paddy450 to bus roadClear Deed,"255 rd, near Siddamulla",2,2,"1,258.0 sqft",7.0 perches
139,Brand New Two Story Modern Luxury House Kottawa,19 Jun  5:53 pm,"Kottawa, Colombo","27,000,000",Brand New Two Storied Luxury Modern House in Kottawa10 Perches with Landscaped garden area.,"Kurulu Uyana, PolKotuwa, Kottawa",4,4,"2,900.0 sqft",10.0 perches
140,Brand New Two Story House at Kottawa,19 Jun  5:48 pm,"Kottawa, Colombo","20,000,000","Brand New Two Story House For Sale In Aturugiriya Road, Kottawa.08 Perches Landscaped garden area.","Palannawatta Road, Kottawa.",4,4,"2,500.0 sqft",8.0 perches
141,Luxury House for Sale in Kottawa,19 Jun  3:59 pm,"Kottawa, Colombo","10,750,000",700m to -(336 Malabe - Kottawa) bus rout3.5km to Kottawa townCOMMON FACILITIES24 hour SecurityGymnasiumSwimming Pool + Kids PoolVolley Ball CourtBadminton CourtKids Play AreaWater & Current Available .Payment can be done in installments.For More Information Please Call On....,Kottawa Malabe road,2,1,713.0 sqft,6.25 perches
142,Two/Story House For Sale in - Kottawa,19 Jun 12:04 pm,"Kottawa, Colombo","17,000,000","Brand New Two Story House For Sale, Horahena Road, Vilsan Park, Kottawa.Perches , Landscaped garden area.","Vilsan Park , Horahena Kottawa.",4,3,"2,100.0 sqft",6.2 perches
143,10 P & Two Story House Sale For Kottawa,12 Jul  8:56 am,"Kottawa, Colombo","25,000,000",10 P & Two Story House Sale For Kottawa ,"Maththegoda Road, Kottawa",3,2,"2,950.0 sqft",10.0 perches
144,Two story house for sale Kottawa,18 Jun  3:06 pm,"Kottawa, Colombo","15,500,000",Can be used for two unit20 feet road100m to Rukmala road1.5km to panapitiya main Road155 lakhs,Rukmala road,5,2,"1,600.0 sqft",12.0 perches
145,Brand New Modern House Sale in Mathegoda,15 Jul  9:43 am,"Kottawa, Colombo","9,500,000","Brand new modern house sale in maththegoda Bed3 ,bath26 perched Main road 50 metersFinishing roofMathegoda bus stand 1km30 feet roadFull tile house Car porches 2Rooler gateImediate saleGenuINE buyer callDream homes95lak negotiable",mathegoda kirigampamunuwa road,3,2,"1,200.0 sqft",6.0 perches
146,02 Story House & 10 P for Sale - Kottawa,18 Jun  8:39 am,"Kottawa, Colombo","17,000,000",Rs¬†17000000.00 LakhsTotal PriceNegotiable,700 METERS TO KOTTAWA JUNCTION KULASEVENA ROAD KOTTAWA,4,3,"3,000.0 sqft",10.0 perches
147,House for Sale - Kottawa,27 Jun 10:06 am,"Kottawa, Colombo","6,500,000",20 ft road,Kottawa,2,1,"1,150.0 sqft",7.5 perches
148,Two Story Modern Luxury House for Sale Kottawa,17 Jun  2:00 pm,"Kottawa, Colombo","27,000,000",Brand New Two Storied Luxury Modern House in Kottawa10 Perches with Landscaped garden area.,"Kurulu Uyana, PolKotuwa, Kottawa",4,4,"2,900.0 sqft",10.0 perches
149,Brand New Two Story House at || Kottawa,17 Jun  9:44 am,"Kottawa, Colombo","24,800,000","Brand New Two story house @ Pannipitiya Road, Vidyala Junction.07 Perches with Landscaped garden area.","Vidyala Junction, Pannipitiya",4,4,"2,700.0 sqft",7.0 perches
150,B/ New Two Story House at Kottawa,16 Jun 12:07 pm,"Kottawa, Colombo","24,800,000","Brand New Two story house @ Pannipitiya Road, Vidyala Junction.07 Perches with Landscaped garden area.","Vidyala Junction, Pannipitiya",4,4,"2,700.0 sqft",7.0 perches
151,Single House For Sale Kottawa -Piliyandala Road.,16 Jun  8:51 am,"Kottawa, Colombo","9,500,000",Single House For Sale Kottawa -Piliyandala Road.-------------------------Located just 200 meters to 296 Kottawa- Piliyandala  route to highly residential area.,200 meters to Kottawa Piliyandala Bus routes,3,2,"1,100.0 sqft",9.0 perches
152,"Two storied house with 14 perch, pinhena",28 Jun  8:48 pm,"Kottawa, Colombo","22,000,000","Good conditioned two storied house for immediate sale near pinhena junction , kottawaWith 14 perch valuable land face to 20 feet roadHonorable recidential neibourhoodWalking distance to kottawa town.5 minutes drive to highway interchangeClear titlesCovered with parapet wallsFull tilled and finishing roofInspections trough appointments only","horana road, Pinhena , kottawa",4,2,"2,100.0 sqft",14.0 perches
153,B /New Single Story House || Mattegoda,15 Jun  3:40 pm,"Kottawa, Colombo","14,000,000","A Beautifull Single Story house for sale in Mattegoda Salgas Junction,Cargills food city (walking distance)","Mattegoda Salgas, Junction,",3,2,"1,288.0 sqft",8.0 perches
154,House for Sale Kottawa,25 Jun  1:47 pm,"Kottawa, Colombo","7,600,000","Rukmalgama Housing Scheme, Good Neighborhood - All Facilities AvailableContact on",Rukmalgama Housing Scheme,2,1,650.0 sqft,7.0 perches
155,Two Story House For Sale in Kottawa,15 Jun 12:12 pm,"Kottawa, Colombo","17,000,000","Brand New Two Story House For Sale, Horahena Road, Vilsan Park, Kottawa.Perches , Landscaped garden area.","Vilsan Park , Horahena Kottawa.",4,3,"2,100.0 sqft",6.2 perches
156,Beautiful New House at Kottawa,15 Jun 11:51 am,"Kottawa, Colombo","35,000,000","This two story new house is located 100 m from Kottawa junction. The ground floor has a living, dining, kitchen, master bedroom with attached bathroom, common bathroom, front yard garden, small back yard garden. The first floor has a study area/loft, one bedroom with attached bathroom, 2 more bedrooms with a common bathroom. One parking space is available.Please note that the original 18.5 perch land got divided into two portions. This new house is built on the 6 perch portion while another house is built on the 12.5 perch portion which is also listed for sale.",4,3,"2,500.0 sqft",6.0 perches,
157,House for Sale Makubura,15 Jun 11:42 am,"Kottawa, Colombo","29,000,000",Kottawa makubura house for sale 3Bedroom 2bathroom perch28 cost for only land 700m to hilevel Road 800m hyway entrance,kottawa  makubura,3,2,"1,880.0 sqft",28.0 perches
158,House for Sale - Kottawa,15 Jun 11:34 am,"Kottawa, Colombo","55,000,000","This two story house is about 100 m from the Kottawa junction. Ground Floor has living, dining, kitchen, master bedroom with attached bathroom, guest room with attached bathroom, driver/maid room, common bathroom, big veranda in the back, front yard and back yard gardens. First floor has study area/loft, 2 bedrooms with 2 separate bathrooms.Please note that the original 18.5 perch land got divided into two portions. This property is built on 12.5 perch portion while another two story house is built on 6 perch portion which is also listed for sale.",4,4,"3,750.0 sqft",12.5 perches,
159,B/ New Two Story House at Vidyala junction,15 Jun 11:24 am,"Kottawa, Colombo","24,800,000","Brand New Two story house @ Pannipitiya Road, Vidyala Junction.07 Perches with Landscaped garden area.","Vidyala Junction, Pannipitiya",4,4,"2,700.0 sqft",7.0 perches
160,Brand New House for Sale Piliyandala,14 Jun 11:37 pm,"Kottawa, Colombo","12,000,000","Brand new house for sale in kottawa polgasowita Road, 3Bedroom, 3bathroom, hot water, complete pantry, 3 vehicle parking space, 150m to main road, 1.5km to horana Colombo Road,2 km to high way entrance, 4 km to kottawa Town, 1km to maththegoga town, residents area, 20th Road",kottawa 342 piliyandala Road,3,3,"1,580.0 sqft",10.0 perches
161,Brand New House for Sale in Kottawa,17 Jun 10:07 am,"Kottawa, Colombo","14,900,000","‡∂ö‡∑ú‡∂ß‡∑ä‡∂ß‡∑è‡∑Ä, ‡∂∏‡∂≠‡∑ä‡∂≠‡∑ô‡∂ú‡∑ú‡∂© ‡∑É‡∑î‡∂õ‡∑ù‡∂¥‡∂∑‡∑ù‡∂ú‡∑ì ‡∂±‡∑Ä‡∑ì‡∂± ‡∂Ø‡∑ô‡∂∏‡∑Ñ‡∂Ω‡∑ä ‡∂±‡∑í‡∑Ä‡∑É(‡∑É‡∂∏‡∑ä‡∂¥‡∑ñ‡∂ª‡∑ä‡∂´‡∂∏ ‡∂ú‡∂©‡∑ú‡∂Ω‡∑ä) ‡∂¥‡∂ª‡∑ä‡∂†‡∑É‡∑ä 8 , ‡∂Ö‡∂©‡∑í 20 ‡∂¥‡∑è‡∂ª‡∂∏‡∑è‡∂∫‡∑í‡∂∏‡∑ä ‡∂∂‡∑í‡∂≠‡∑ä‡∂≠‡∑í ‡∂±‡∑ê‡∂≠.‡∂ö‡∑è‡∂∏‡∂ª 4, ‡∑Ä‡∑ú‡∑Ç‡∑ä ‡∂ª‡∑ñ‡∂∏‡∑ä 3 (‡∑Ñ‡∑ú‡∂ß‡∑ä ‡∑Ä‡∑ù‡∂ß‡∂ª‡∑ä)‡∂¢‡∂±‡∑ô‡∂Ω‡∑ä ‡∑Ü‡∑ä‚Äç‡∂ª‡∑ö‡∂∏‡∑ä ‡∂≠‡∑ö‡∂ö‡∑ä‡∂ö‡∑Ü‡∑í‡∂±‡∑í‡∑Ç‡∑í‡∂±‡∑ä ‡∑Ä‡∑Ñ‡∂Ω‡∂∫‡∂ª‡∑ô‡∂©‡∑ä ‡∂∂‡∂Ω‡∑Ä‡∑ä, ‡∂¢‡∂±‡∑ô‡∂Ω‡∑ä ‡∂©‡∑ä‚Äç‡∂ª‡∑í‡∂Ω‡∑ä ‡∂Ω‡∑ë‡∂∏‡∑ä‡∂¥‡∑ä ‡∑Å‡∑ô‡∂©‡∑ä, ‡∂¥‡∑ê‡∂±‡∑ä‡∂ß‡∑ä‚Äç‡∂ª‡∑í ‡∂ö‡∂∂‡∂©‡∑ä ‡∑Ä‡∑í‡∂≠‡∑ä ‡∂ö‡∑î‡∂ö‡∂ª‡∑ä ‡∑Ñ‡∑î‡∂©‡∑ä 2 x 2 ‡∂ú‡∑ä‡∂Ω‡∑è‡∑É‡∑ä‡∂¥‡∑ú‡∂Ω‡∑í‡∑Ç‡∑ä ‡∂ß‡∂∫‡∑í‡∂Ω‡∑ä, ‡∂ª‡∑í‡∂∏‡∑ù‡∂ß‡∑ä ‡∂ª‡∑ù‡∂Ω‡∂ª‡∑ä ‡∂©‡∑ù‡∂ª‡∑ä‡∂ë‡∂Ω‡∑ä ‡∂ö‡∑è‡∂©‡∑ù‡∂ª‡∑ä‡∑Ä‡∑ö‡∂∫‡∂±‡∑ä‡∂ß ‡∂ß‡∑ä‚Äç‡∂ª‡∑ì‡∂ß‡∑ä‡∂∏‡∂±‡∑ä‡∂ß‡∑ä ‡∂ö‡∂ª ‡∂á‡∂≠.‡∑Ñ‡∂∫‡∑í‡∑Ä‡∑ö ‡∂ë‡∂±‡∑ä‡∂ß‡∑ä‚Äç‡∂ª‡∂±‡∑ä‡∑É‡∑ä ‡∑Ä‡∑í‡∂±‡∑è‡∂©‡∑í 5‡∂≠‡∂±‡∑í ‡∂∂‡∑É‡∂∫‡∑ô‡∂±‡∑ä ‡∂ö‡∑ú‡∑Ö‡∂π‡∂ß 138 ‡∂∂‡∑É‡∑ä ‡∂±‡∑ê‡∑Ä‡∂≠‡∑î‡∂∏‡∂ß 250m‡∂â‡∂≠‡∑è‡∂∏‡∂≠‡∑ä ‡∑Ä‡∑ê‡∂Ø‡∂ú‡∂≠‡∑ä ‡∂¥‡∂ª‡∑í‡∑É‡∂ª‡∂∫‡∂ö ‡∂¥‡∑í‡∑Ñ‡∑í‡∂ß‡∑í ‡∂∏‡∑ô‡∂∏ ‡∂±‡∑í‡∑Ä‡∑É ‡∂≠‡∑Ä ‡∂∏‡∑É‡∂ö‡∑í‡∂±‡∑ä ‡∑Ä‡∑ê‡∂© ‡∂Ö‡∑Ä‡∑É‡∂±‡∑ä ‡∑Ä‡∑ì‡∂∏‡∂ß ‡∂±‡∑í‡∂∫‡∂∏‡∑í‡∂≠‡∂∫‡∑í‡∂∏‡∑ô‡∂∏ ‡∂Ö‡∑Ä‡∑É‡∑ä‡∂Æ‡∑è‡∑Ä‡∑ö ‡∑É‡∑í‡∂∫‡∑Ö‡∑î ‡∂â‡∂Ø‡∑í‡∂ö‡∑í‡∂ª‡∑ì‡∂∏‡∑ä ‡∂î‡∂∂ ‡∂Ö‡∂∞‡∑ì‡∂ö‡∑ä‡∑Ç‡∂´‡∂∫ ‡∂ö‡∂ª‡∂ú‡∂±‡∑ä‡∂±‡∂¥‡∂Ø‡∑í‡∂Ç‡∂†‡∑í ‡∑Ä‡∑ì ‡∂±‡∑ú‡∂∏‡∑ê‡∂≠‡∑í ‡∂±‡∑Ä ‡∂â‡∂Ø‡∑í‡∂ö‡∑í‡∂ª‡∑ì‡∂∏‡∂ö‡∑ä ‡∑Ä‡∂±‡∂Ö‡∂ú‡∂±‡∑è ‡∂±‡∑í‡∑Ä‡∑É ‡∂Ω‡∂ö‡∑ä‡∑Ç 149 ‡∑Ñ‡∑ù ‡∑É‡∑è‡∂∞‡∑è‡∂ª‡∂´ ‡∂∏‡∑î‡∂Ø‡∂Ω‡∂ö‡∂ß ‡∂∂‡∑ë‡∂±‡∑ä‡∂ö‡∑ä ‡∂Ω‡∑ù‡∂±‡∑ä ‡∑É‡∑ê‡∂Ω‡∂ö‡∑ö ‡∂Ø‡∑î‡∂ª‡∑ä‡∂Ω‡∂∑ ‡∂Ö‡∑Ä‡∑É‡∑ä‡∂Æ‡∑è‡∑Ä‡∂ö‡∑í.‡∂ú‡∂©‡∑ú‡∂Ω‡∑ä ‡∂±‡∑í‡∑Ä‡∑É‡∂ö ‡∑Ä‡∑ô‡∂±‡∑É ‡∂Ö‡∂≠‡∑ä‡∑Ä‡∑í‡∂≥‡∑í‡∂±‡∑ä‡∂± ","Mattegoda, Kottawa",4,3,"2,250.0 sqft",8.0 perches
162,Brand New House For Sale in Kottawa,14 Jun  3:38 pm,"Kottawa, Colombo","12,600,000","‡∂ö‡∑ú‡∂ß‡∑ä‡∂ß‡∑è‡∑Ä, ‡∂∏‡∂≠‡∑ä‡∂≠‡∑ô‡∂ú‡∑ú‡∂© ‡∑É‡∑î‡∂õ‡∑ù‡∂¥‡∂∑‡∑ù‡∂ú‡∑ì ‡∂±‡∑Ä‡∑ì‡∂± ‡∂Ø‡∑ô‡∂∏‡∑Ñ‡∂Ω‡∑ä ‡∂±‡∑í‡∑Ä‡∑É(‡∑É‡∂∏‡∑ä‡∂¥‡∑ñ‡∂ª‡∑ä‡∂´‡∂∏ ‡∂ú‡∂©‡∑ú‡∂Ω‡∑ä) ‡∂¥‡∂ª‡∑ä‡∂†‡∑É‡∑ä 10 , ‡∂Ö‡∂©‡∑í 20 ‡∂¥‡∑è‡∂ª‡∂ö‡∑è‡∂∏‡∂ª 3, ‡∑Ä‡∑ú‡∑Ç‡∑ä ‡∂ª‡∑ñ‡∂∏‡∑ä 2 (‡∑Ñ‡∑ú‡∂ß‡∑ä ‡∑Ä‡∑ù‡∂ß‡∂ª‡∑ä)‡∂¢‡∂±‡∑ô‡∂Ω‡∑ä ‡∑Ü‡∑ä‚Äç‡∂ª‡∑ö‡∂∏‡∑ä ‡∂≠‡∑ö‡∂ö‡∑ä‡∂ö‡∑Ü‡∑í‡∂±‡∑í‡∑Ç‡∑í‡∂±‡∑ä ‡∑Ä‡∑Ñ‡∂Ω‡∂∫‡∂ª‡∑ô‡∂©‡∑ä ‡∂∂‡∂Ω‡∑Ä‡∑ä, ‡∂¢‡∂±‡∑ô‡∂Ω‡∑ä ‡∂©‡∑ä‚Äç‡∂ª‡∑í‡∂Ω‡∑ä ‡∂Ω‡∑ë‡∂∏‡∑ä‡∂¥‡∑ä ‡∑Å‡∑ô‡∂©‡∑ä, ‡∂¥‡∑ê‡∂±‡∑ä‡∂ß‡∑ä‚Äç‡∂ª‡∑í ‡∂ö‡∂∂‡∂©‡∑ä, ‡∂ö‡∑î‡∂ö‡∂ª‡∑ä ‡∑Ñ‡∑î‡∂©‡∑ä 2 x 2 ‡∂ú‡∑ä‡∂Ω‡∑è‡∑É‡∑ä ‡∂ß‡∂∫‡∑í‡∂Ω‡∑ä‡∂ª‡∑í‡∂∏‡∑ù‡∂ß‡∑ä ‡∂ª‡∑ù‡∂Ω‡∂ª‡∑ä ‡∂©‡∑ù‡∂ª‡∑ä‡∂ë‡∂Ω‡∑ä ‡∂ö‡∑è‡∂©‡∑ù‡∂ª‡∑ä‡∑Ä‡∑ö‡∂∫‡∂±‡∑ä‡∂ß ‡∂ß‡∑ä‚Äç‡∂ª‡∑ì‡∂ß‡∑ä‡∂∏‡∂±‡∑ä‡∂ß‡∑ä ‡∂ö‡∂ª ‡∂á‡∂≠.‡∑Ñ‡∂∫‡∑í‡∑Ä‡∑ö ‡∂ë‡∂±‡∑ä‡∂ß‡∑ä‚Äç‡∂ª‡∂±‡∑ä‡∑É‡∑ä ‡∑Ä‡∑í‡∂±‡∑è‡∂©‡∑í 2‡∂≠‡∂±‡∑í ‡∂∂‡∑É‡∂∫‡∑ô‡∂±‡∑ä ‡∂ö‡∑ú‡∑Ö‡∂π‡∂ß 138 ‡∂∂‡∑É‡∑ä ‡∂ë‡∂ö ‡∂±‡∑í‡∑Ä‡∑É ‡∂â‡∂Ø‡∑í‡∂ª‡∑í‡∂¥‡∑í‡∂ß‡∑í‡∂±‡∑ä‡∂¥‡∂Ø‡∑í‡∂Ç‡∂†‡∑í ‡∑Ä‡∑ì ‡∂±‡∑ú‡∂∏‡∑ê‡∂≠‡∑í ‡∂±‡∑Ä ‡∂â‡∂Ø‡∑í‡∂ö‡∑í‡∂ª‡∑ì‡∂∏‡∂ö‡∑ä ‡∑Ä‡∂±‡∂Ö‡∂ú‡∂±‡∑è ‡∂±‡∑í‡∑Ä‡∑É ‡∂¥‡∑ä‚Äç‡∂ª‡∂∞‡∑è‡∂± ‡∂¥‡∑è‡∂ª‡∂ö‡∂ß ‡∂∏‡∑è‡∂∫‡∑í‡∂∏‡∑ä‡∑Ä ‡∂á‡∂≠.‡∂Ω‡∂ö‡∑ä‡∑Ç 126 ‡∑Ñ‡∑ù ‡∑É‡∑è‡∂∞‡∑è‡∂ª‡∂´ ‡∂∏‡∑î‡∂Ø‡∂Ω‡∂ö‡∂ß ‡∂∂‡∑ë‡∂±‡∑ä‡∂ö‡∑ä ‡∂Ω‡∑ù‡∂±‡∑ä ‡∑É‡∑ê‡∂Ω‡∂ö‡∑ö ‡∂±‡∑í‡∂ª‡∑Ä‡∑î‡∂Ω‡∑ä ‡∑É‡∑í‡∂∫‡∑Ö‡∑î ‡∂Ω‡∑í‡∂∫‡∂ö‡∑í‡∑Ä‡∑í‡∂Ω‡∑í ‡∂Ω‡∑ë‡∑É‡∑ä‡∂≠‡∑í‡∂∫‡∑í‡∂Ø‡∑î‡∂ª‡∑ä‡∂Ω‡∂∑ ‡∂Ö‡∑Ä‡∑É‡∑ä‡∂Æ‡∑è‡∑Ä‡∂ö‡∑í.‡∂ú‡∂©‡∑ú‡∂Ω‡∑ä ‡∂±‡∑í‡∑Ä‡∑É‡∂ö ‡∂¥‡∑î‡∂Ø‡∑î‡∂∏ ‡∑Ä‡∑ô‡∂±‡∑É ‡∂Ö‡∂≠‡∑ä‡∑Ä‡∑í‡∂≥‡∑í‡∂±‡∑ä‡∂± ","Mattegoda, Kottawa",3,2,"1,600.0 sqft",10.0 perches
163,B New | Two Story House in Kottawa,14 Jun  3:30 pm,"Kottawa, Colombo","19,500,000","Brand New Two Story House For Sale In Wanaguru Mw, kottawa10 Perches , Landscaped garden area‚Ä¢ - 20 Ft Roads","Horahena Road, kottawa",3,4,"2,400.0 sqft",10.0 perches
164,Brand New Single Story House for Sale in Kottawa,12 Jul  7:43 pm,"Kottawa, Colombo","14,000,000",üè°Niroshana Constructionüè°,3,2,"1,288.0 sqft",8.0 perches,
165,Two Storied Modern House for Sale Kottawa,29 Jun  9:45 am,"Kottawa, Colombo","27,000,000",Brand New Two Storied Luxury Modern House For Sale  in Kottawa10 Perches with Landscaped garden area..‚Ä¢ - 3800 Sq. Ft.,4,4,"2,900.0 sqft",10.0 perches,
166,New Two Story Modern Luxury House for Sale Kottawa,14 Jun 11:25 am,"Kottawa, Colombo","27,000,000",Brand New Two Storied Luxury Modern House in Kottawa10 Perches with Landscaped garden area.,"Kurulu Uyana, PolKotuwa, Kottawa",4,4,"2,900.0 sqft",10.0 perches
167,Brand New Single Story House || Mattegoda,13 Jun 11:52 am,"Kottawa, Colombo","14,000,000","A Beautifull Single Story house for sale in Mattegoda Salgas Junction,Cargills food city (walking distance)","Mattegoda Salgas, Junction,",3,2,"1,288.0 sqft",8.0 perches
168,House for Sale Kottawa,13 Jun  9:54 am,"Kottawa, Colombo","13,500,000",‡∂±‡∑í‡∂Ø‡∂± ‡∂ö‡∑è‡∂∏‡∂ª 4‡∂±‡∑è‡∂± ‡∂ö‡∑è‡∂∏‡∂ª 2 ‡∂¥‡∑í‡∂ß‡∂≠ ‡∂±‡∑è‡∂± ‡∂ö‡∑è‡∂∏‡∂ª ‡∑É‡∑Ñ‡∑í‡∂≠‡∑è‡∂∫‡∑í‡∂ö‡∑ë‡∂∏ ‡∂ö‡∑è‡∂∏‡∂ª‡∂¥‡∑Ñ‡∂Ω ‡∑É‡∑è‡∂Ω‡∂∫ ‡∑Ñ‡∑è ‡∂â‡∑Ñ‡∂Ω ‡∂∏‡∑è‡∑Ñ‡∂Ω‡∑ô ‡∑É‡∑è‡∂Ω‡∂∫‡∂∏‡∑í‡∂Ø‡∑î‡∂Ω‡∑ô ‡∑Ä‡∑è‡∑Ñ‡∂± 3‡∂ö‡∑ä ‡∂¥‡∂∏‡∂± ‡∂±‡∑Ä‡∂≠‡∑è‡∂Ω‡∑í‡∂∫ ‡∑Ñ‡∑ê‡∂ö. ‡∂Ö‡∂Ø‡∑í‡∑Ä‡∑ö‡∂ú‡∑í ‡∂¥‡∑í‡∑Ä‡∑í‡∑É‡∑î‡∂∏‡∂ß ‡∂ö‡∑í.‡∂∏‡∑í.1280 ‡∑Ñ‡∑ú‡∂ª‡∂´ ‡∂∂‡∑É‡∑ä ‡∂∏‡∑è‡∂ª‡∑ä‡∂ú‡∂∫‡∂ß ‡∂∏‡∑í.500.‡∑Ä‡∑ê‡∂©‡∑í ‡∑Ä‡∑í‡∑É‡∑ä‡∂≠‡∂ª ‡∑É‡∂Ø‡∑Ñ‡∑è ‡∂Ö‡∂∏‡∂≠‡∂±‡∑ä‡∂±.,mabulgoda,4,2,"1,800.0 sqft",11.0 perches
169,4 Beds Bnew House Rukmalgama Kottawa,12 Jun 10:25 pm,"Kottawa, Colombo","19,000,000",# 4 Bed rooms# 1 Attached bathroom# 2 Common bathrooms# Open kitchen with pantry & Dinning area# Living area# 3 Vehicles parking space# Remote roller gate# 3 Phase electricity # Solar hot water# 1000L Over head tank# Clear documents # Negotiable after inspection,Rainbow Terrace School Lane Rukmalgama Kottawa,4,3,"1,880.0 sqft",7.0 perches
170,2 Storey House for Sale in Siddamulla -Kottawa,12 Jun  8:20 pm,"Kottawa, Colombo","11,700,000",2 Storey House for Sale in Siddamulla -kottawa-------------------------Located just 350meters to 255 Kottawa- M Laviniabus route to highly residential area,350 meters to Kottawa -M Laviniabus Bus Routes .Siddamulla,3,2,"1,550.0 sqft",8.7 perches
171,3 Beds House ( Commercial / Residence ) Walgama Kottawa,12 Jun  4:27 pm,"Kottawa, Colombo","9,700,000",# 3 Bed rooms# 2 Attached bathrooms# Living area# Dinning area# Kitchen with pantry# Small beautiful garden front & back# Provision for outside bathroom & store room#Pipe Born water & Well water with 500L over head tank#1 Covered Parking# Whole house tiled & Ceiling # Newly renovated #Facing to the Athurugiriya - Kottawa main rd#1 Bus to Colombo ( Athurugiriya - Colombo through Kottawa )#This property suitable for Residence & Commercial purpose# 4.5km to Kottawa town# 2km to Athurugiriya town# 3.5km to Athurugiriya Southern Highway Interchange # 5km to Makumbura Transport Hub# 3km to Homagama Hospital***Good Investment ******,Walgama Athurugiriya rd Kottawa,3,2,"1,100.0 sqft",7.4 perches
172,House for Sale Kottawa,28 Jun  2:52 pm,"Kottawa, Colombo","400,000,000","2 unit house modern house separate car park with garage.and also 2/3 car park with house.house in best condition.near garage bakers.gagana pharmacy.100 meter to high level road.house owner wanted to exchange.need house in Colombo area-kalubowila,nugegoda,kirulapona areas",pannipitiya kottawa,7,6,"3,500.0 sqft",10.0 perches
173,B/ New Single Story House Mattegoda,11 Jun  3:46 pm,"Kottawa, Colombo","14,000,000","A Beautifull Single Story house for sale in Mattegoda Salgas Junction,Cargills food city (walking distance)","Mattegoda Salgas, Junction,",3,2,"1,288.0 sqft",8.0 perches
174,18.5 P & Single Story House Sale For - Kottawa,12 Jul  8:54 am,"Kottawa, Colombo","10,000,000",Single Story House Sale For Kottawa ,"Brahkmanagama, Kottawa",5,2,"1,500.0 sqft",18.5 perches
175,Luxury Three Story House for Sale - Kottawa,10 Jun 10:31 am,"Kottawa, Colombo","62,500,000",Luxury Three Story House Sale For Kottawa Town,100 METERS TO KOTTAWA JUNCTION AWISSAWELLA ROAD KOTTAWA,6,4,"5,000.0 sqft",15.0 perches
176,Two Story House For Sale - Kottawa,10 Jun 10:31 am,"Kottawa, Colombo","17,000,000","Brand New Two Story House For Sale, Horahena Road, Vilsan Park, Kottawa.Perches , Landscaped garden area.","Vilsan Park , Horahena Kottawa.",4,3,"2,100.0 sqft",6.2 perches
177,Brand New Luxury Single Storied House in Kottawa,20 Jul  8:39 am,"Kottawa, Colombo","12,500,000",#  50m  kottawa  piliyandala   (296) bus route #  3km  kottawa #  3‚Ä¢5km pannipitiya darmapala maha vidyala #  4‚Ä¢5km piliyandala #  4‚Ä¢5km  maharagama #  3  bedrooms #  3  bathrooms #  large living area and dining area #  fully complete pantry #  fully tiled #  finishing roof #  hot water #  surrounding wall and roller gate #  20  feet road #  2  vehicle parking area #  8‚Ä¢5  perches #  no brokers please #  only genuine buyers,3,3,"1,650.0 sqft",8.5 perches,
178,Two Story House for sale in - Kottawa, 9 Jun  2:47 pm,"Kottawa, Colombo","12,700,000",Two Story House in KOTTAWA06 perch LAND4 Bathroom 3 Barthroom living room and kitchenGround floor 990 sqftUpper floor 104815ft wide Road EntersTwo Vehicles Parking400 meter From Main road Rukmalee2.5 Kms Kottawa Twon3 Kms from Darmapala College3 Kms Experswey KottawaTotal price Rs 12.7 Million,Balikaniwasa Road Kottawa Pannipitiya,4,3,"2,040.0 sqft",6.0 perches
179,House for Sale Kottawa, 9 Jun 11:48 am,"Kottawa, Colombo","9,500,000",Kottawa maththegoga polgasowita Road 3Bedroom 2bathroom garage to main road 700m kottawa Town 5km horana Colombo Road 1.5km kahathuduwa hyway entrance 2km,kottawa maththegoga polgasowita,3,2,"1,380.0 sqft",6.5 perches
180,Brand New Single House For Sale in Kottawa - Honnanthara, 8 Jun 10:09 pm,"Kottawa, Colombo","13,000,000","Brand New Single House For Sale Honnanthara , Mawavithara-------------------------Located just 250meters to 255 Kottawa- M Laviniabus route to highly residential area350meters to Mavitthara junction1.5km to Piliyandala800meters to Kesbewa*Its a Single story house on 8 perches and is 1,550 sq ft.04bedrooms 1 Bed Room A/C02common Bathrooms with Hot waterliving rooms CCTV Pantry & kitchen.Normal garage with parking space for 01vehicles.Access Road 18 feet roadClear Titles.*Close proximity to the Kesbewa, Piliyandala,Kottawa*Cargills Food Cit, keel super, Market and laugfs,Sunup super Market.Please call for Seen on appointment¬†more information and PriceGENUINE BUYERS ONLYNO BROKERS","250meters to 255Kottawa- M Lavinia Bus Route , Honnanthara,Mavitthara",4,2,"1,550.0 sqft",7.0 perches
181,Two Story House in Athurugiriya, 8 Jun  4:30 pm,"Kottawa, Colombo","19,800,000",TWO Story House in ATHURUGIRIYA4 Bedroom 4 Bathroom living room and kitchen Pentry Rolling Gart2 Vehicle parkingElectricity pipe bon woter20-15 ft wide Road Enters100 meter From Main road Homagama Athurugiriya500 meter From Main road Godagma Colombia3 Kms from Homagama Twon4.5 Kms From Kottawa Twon2 Kms Athurugiriya Twon4 Kms Experswey KottawaTotal price Rs 19.8 Million,Athurugiriya road Kottawa,4,4,"2,640.0 sqft",8.0 perches
182,Newly build House for Sale - Kottawa,12 Jul  3:14 pm,"Kottawa, Colombo","6,900,000","‡∂ö‡∑ú‡∂ß‡∑ä‡∂ß‡∑è‡∑Ä ‡∑Ñ‡∑ú‡∂ª‡∑Ñ‡∑ö‡∂± 336/1 ‡∂∂‡∑É‡∑ä ‡∂∏‡∑è‡∂ª‡∑ä‡∂ú‡∂∫‡∑ö 50m ‡∂Ø‡∑î‡∂ª‡∑í‡∂±‡∑ä ‡∂¥‡∑í‡∑Ñ‡∑í‡∂ß‡∑í ‡∂Ö‡∂Ç‡∂ú‡∑É‡∂∏‡∑ä‡∂¥‡∑ñ‡∂ª‡∑ä‡∂´ ‡∂±‡∑Ä ‡∂±‡∑í‡∑Ä‡∑É ‡∑Ä‡∑í‡∂ö‡∑í‡∂´‡∑ì‡∂∏‡∂ß. ‡∂ö‡∑è‡∂∏‡∂ª 2, ‡∑É‡∑è‡∂Ω‡∂∫, ‡∂ö‡∑ë‡∂∏ ‡∂ö‡∑è‡∂∏‡∂ª‡∂∫, ‡∂ö‡∑î‡∑É‡∑ä‡∑É‡∑í‡∂∫, bathroom 1. ‡∂Ö‡∂≠‡∑î‡∂ª‡∑î‡∂ú‡∑í‡∂ª‡∑í‡∂∫ ‡∂±‡∂ú‡∂ª‡∂∫‡∂ß 1km, ‡∂ö‡∑ú‡∂ß‡∑ä‡∂ß‡∑è‡∑Ä ‡∂±‡∂ú‡∂ª‡∂∫‡∂ß 3km,  ‡∑Ñ‡∑ù‡∂ö‡∂±‡∑ä‡∂Ø‡∂ª ‡∂±‡∂ú‡∂ª‡∂∫‡∂ß 1 1/2km. ‡∂Ö‡∂≠‡∑î‡∂ª‡∑î‡∂ú‡∑í‡∂ª‡∑í‡∂∫ ‡∂Ö‡∂∞‡∑í‡∑Ä‡∑ö‡∂ú‡∑ì ‡∂¥‡∑í‡∑Ä‡∑í‡∑É‡∑î‡∂∏‡∂ß 1km.  ‡∂Ö‡∂≠‡∑î‡∂ª‡∑î‡∂ú‡∑í‡∂ª‡∑í‡∂∫ ‡∂Ö‡∂∞‡∑í‡∑Ä‡∑ö‡∂ú‡∑ì ‡∂∏‡∑è‡∂ª‡∑ä‡∂ú‡∂∫‡∂ß ‡∂∏‡∑î‡∑Ñ‡∑î‡∂´‡∂Ω‡∑è ‡∂¥‡∑í‡∑Ñ‡∑í‡∂ß‡∑è ‡∂á‡∂≠. ‡∑É‡∑í‡∂∫‡∂Ω‡∑î  ‡∑É‡∑ê‡∂Ω‡∑É‡∑î‡∂∏‡∑ä ‡∂Ö‡∂±‡∑î‡∂∏‡∂≠‡∂∫‡∑í. ‡∂∂‡∑ê‡∂Ç‡∂ö‡∑î ‡∂´‡∂∫ ‡∂Ω‡∂∂‡∑è ‡∂ú‡∂≠ ‡∑Ñ‡∑ê‡∂ö .",2,1,"2,000.0 sqft",8.0 perches,
183,House for sale in Kottawa,18 Jun  8:54 am,"Kottawa, Colombo","21,000,000",3 storied house in Mattegoda. 0.3km distance to Pettah Mattegoda (138/2)  bus route.Ground floor and first floor fully completed. Fully tiled. The second floor under construction. It will suitable for rooftop or rent out.,"Salgas Mawatha ,Mattegoda",4,2,"3,100.0 sqft",7.1 perches
184,Brand New Two Story House Kottawa, 8 Jun  2:31 pm,"Kottawa, Colombo","19,500,000",Kottawa homagama Road mayamawatha to hilevel Road 300m and hyway entrance 350m and 4 bedrooms 4bathroom hot water TV lobby rooftop 2vehicle parking space roller gate 20ft Road resident aria,kottawa homagama Road,4,5,"2,780.0 sqft",7.2 perches
185,12.5 Perches & Single Story House Sale For Makubura,25 Jun 11:01 am,"Kottawa, Colombo","9,500,000",12.5 Perches & Single Story House Sale For Makubura,"Hiripitiya Road, Kottawa",3,3,"1,700.0 sqft",12.5 perches
186,Brand New Modern Two Story House Sale Kottawa,25 Jun 11:01 am,"Kottawa, Colombo","21,000,000",Brand New Modern Two Story House Sale For Kottawa ,"296 Rout Piliyandala Road, Kottawa",4,3,"2,493.0 sqft",8.0 perches
187,Brand New House for Sale in - Pelawatta,26 Jun  2:38 pm,"Kottawa, Colombo","29,900,000","2100 sqft 7 perch land3 large bedrooms with 3 attached bathrooms 2 storied housespacious TV lobby and study areaservant room / toilet Kitchen / pantry with hood , hob and oven double parking double roller door Air conditioned rooms fittings with warranty ",Pelawatta,3,3,"2,100.0 sqft",7.0 perches
188,Two Story House with 20P for Sale - Maththegoda,25 Jun 11:01 am,"Kottawa, Colombo","28,000,000",20 P & Two Story House Sale For Maththegoda ,"Kirigampamunuwa, Maththegoda",5,3,"2,532.0 sqft",20.0 perches
189,A Brand New House in Kottawa, 6 Jun  6:28 pm,"Kottawa, Colombo","19,800,000",#  200m  138  Athurugiriya pettah bus route #  100m   homagama   kaduwela  bus route #  300m  190   bus route #  1km   Athurugiriya #  4‚Ä¢5  kottawa #  3km  homagama #  4 bedroom#  3  bathrooms #  servant bathroom #  living and dining area #  modern pantry  [nadum]# tv  lobby # balcony #  fully tiled #  finishing roof #  hot water #  surrounding wall and roller gate #  2  vehicle parking area #  no boundaries #   20  feet road #  better environment,4,4,"2,700.0 sqft",8.5 perches,
190,House for Sale in - Mattegoda 6B block, 7 Jun  9:48 pm,"Kottawa, Colombo","5,500,000",House for Sale in Nhs Mattegoda (6 B Block)2 BedroomsBathroomLiving Kitchen with PantrySmall Garden,2,1,"3,800.0 sqft",3.0 perches,
191,House for Sale in Mattegoda Housing Scheme,18 Jul  9:44 am,"Kottawa, Colombo","6,200,000","MATTEGODA B TYPE CONER HOUSE , VERY GOOD CONDITION,4 BED ROOMS,2 Bath RoomsNEAR MAIN BUS STAND (peo tv,ADSL,Land line,wifi)Clear Documents.All the facilities (Super markets, Banks, Fair, Pharmacies, Hardwar stores, etc) less than 1 km.",Mattegoda Housing Scheme,4,2,"1,400.0 sqft",4.5 perches
192,House for Sale - Pannipitiya,18 Jul 10:28 am,"Kottawa, Colombo","15,500,000","Single story house for sale200 M for Kottawa to Piliyandala Buss route from the location03.5 Km to Kottawa,Kesbawa,Piliyandala,Maharagama.18.5 perches.950 sqft.03 Bedrooms01 Bathrooms01 Kitchen01 Store area (12 X 5 ft )Roofed Parking for 02 vehicles Peaceful Decent Highly Residential area,Well waterScenic Paddy Field ViewSurrounded by fense and GateImmediate sale.Rs.15500000. (15.5 million) Negotiable.Call for appointments.GENUINE BUYERS ONLY","Puwakgaswattha road,Palanwattha,Pannipitiya,Kottawa.",3,1,"1,950.0 sqft",18.5 perches
193,House for Sale in - Kottawa, 6 Jun  4:57 pm,"Kottawa, Colombo","17,000,000",- Hart of kottawa residential  town.- 500m to kottawa Town- Timber ceiling- Wide road / peaceful area / Respectable neighborhood - Living area / kitchen & Pantry / Dinning area / TV Lobby / Balcony/ Varandha- Car poach / CCTV / Full tile floor- Very close to highway entrance - Owner migrate Special price for the real buyers Less than the real Value.- PLEASE inquire genuine buyer only.- Make an appointment to visit the property.,"Kottawa, Athurugiriya Rd, Haritha Pedesa",3,2,"1,550.0 sqft",9.5 perches
194,New Two Story House for Sale - Kottawa,27 Jun  7:46 am,"Kottawa, Colombo","19,500,000",19.5 million nampamunuwa Brand new tow story house for sele AcSolar hot water Cct camera Garden Remote gete 300 miters 296 piliyandala kottawa bus rd,kottawa 296 piliyandala rd,4,3,"2,500.0 sqft",8.3 perches
195,3BR single House Sale In kottawa, 6 Jun  8:38 am,"Kottawa, Colombo","11,500,000",Brand New Single House For Sale Kottawa - Palenwatta -------------------------Located just 10 meters to 296 Kottawa- Piliyandala  route to highly residential area Palenwatta.,Mihindupura Pannipitiya kottawa,3,1,"1,200.0 sqft",7.5 perches
196,2 Story House Sale in Kottawa, 6 Jun  8:10 am,"Kottawa, Colombo","15,500,000",2Storey House For Sale in kottawa,rukmale RD pannipitiya,3,3,"1,850.0 sqft",16.0 perches
197,2 Story House for Sale - Kottawa, 5 Jun  2:44 pm,"Kottawa, Colombo","13,500,000","immediate sale due to money urgency, 20 feet wide road, 2 Km to kottawa highway interchange, decent neighborhood, clear deed,price can be negotiate after inspection.","248/1 Athurugiriya Road,Kottawa.",4,2,"1,000.0 sqft",12.0 perches
198,02 STORY HOUSE & 10.5 P KOTTAWA, 5 Jun  1:35 pm,"Kottawa, Colombo","21,500,000","Build in 20163 Bed Rooms3 Bath Rooms(2 Has Hot water),Pantry,DiningBig Living Room,Tv LobbyDouble Space Car PorchOpen External 0ffice RoomLandscaped Garden10.5 PerchesRoller Gate,Boundary WallTiledFinishing RoofSurrounded By Natural EnvironmentClose To Kottawa / HIGHWAY ENTRANCE maharagama towns.",LIYANAGODA ROAD KATUKURUNDA JUNCTION KOTTAWA -MALABE ROAD KOTTAWA,3,3,"3,000.0 sqft",10.5 perches
199,Brand New 2 Story House (with Roof Top ) for Sale - Kottawa, 5 Jun  3:06 pm,"Kottawa, Colombo","17,000,000","Brand New Two Story House For Sale In Mattegoda, Kottawa6.5 Perches , ","Isuru Uyana,, Kottawa Road, Mattegoda.",4,3,"2,704.0 sqft",6.5 perches
200,House for Sale in Kottawa, 4 Jun  2:34 pm,"Kottawa, Colombo","9,800,000",HOUSE FOR SALE IN KOTTAWA255 BUS ROAD20 FEET ROAD3 BED ROOM2 BATH ROOMSINGLE STORIEDROLLER GATEüí† Water & Power üí† Very Use Full for ResidentHighly residential area and very calm surrounding.   For Quickly Sell,H-KOTTAWA-03,3,2,"1,500.0 sqft",6.0 perches
201,Two Story House in Kottawa, 4 Jun  1:47 pm,"Kottawa, Colombo","19,800,000","Two Story House in Kottawa 4 Bed Rooms, 3 Bath Rooms Living Area and kitchen12 Perch LandEntrance from15 ft wide RoadGarden Extra 6 perch Land 400 meter to Main Road Rukmalee2.5 Kms to Kottawa Town3 Kms to Dharmapala College Pannipitiya3 Kms Experswey KottawaTotal price Rs 19.8 Million",Balikaniwasa Road Kottawa,4,3,"2,720.0 sqft",12.0 perches
202,New House For Sale In Kottawa, 4 Jun 12:22 pm,"Kottawa, Colombo","9,800,000",‚úìHouse For Sale In Kottawaüè†‚úìLand Size 7.5perches ‚úìHouse Size 1100sqft ,"Kottawa,‡∑Ñ‡∂≠‡∂ª ‡∂∏‡∂Ç ‡∑Ñ‡∂±‡∑ä‡∂Ø‡∑í‡∂∫",3,3,"2,100.0 sqft",7.5 perches
203,House || in Kottawa, 8 Jul  9:25 am,"Kottawa, Colombo","22,500,000","2 story House4 bed rooms 2 bath rooms Living/dining areaPantry with kitchenVeranda,balconyVehicle parking spacePipe born water & ElectricityResidential area with good neighborhood2.5km to kottawa high way entrance2.5km to kottawa junctionClear deeds",Hiripitiya,4,2,"2,100.0 sqft",39.0 perches
204,Separate Entrance Three Story House Sale for Kottawa,18 Jul  9:14 pm,"Kottawa, Colombo","24,000,000",Separate Entrance Three Story House Sale For Kottawa ,Mahalwarawa Road Kottawa,6,5,"4,000.0 sqft",10.0 perches
205,3 Story New House Sale with furniture in Mattegoda, 3 Jun  8:35 am,"Kottawa, Colombo","25,000,000",3Story New House Quick Sale with furniture Mattegoda.For the purpose of migration.House area -2850sqft with roof top,3Km to Kottawa junction to mattegoda,4,3,"2,850.0 sqft",10.8 perches
206,Brand New Single House For Sale Kottawa - Palenwatta, 2 Jun 10:56 pm,"Kottawa, Colombo","13,800,000",Brand New Single House For Sale Kottawa - Palenwatta -------------------------Located just 10 meters to 296 Kottawa- Piliyandala  route to highly residential area Palenwatta.,296 Kottawa - Piliyandala Bus Routes palenwatta,3,3,"1,750.0 sqft",10.0 perches
207,A Brand New House for Sale in Kottawa,25 Jun  8:02 am,"Kottawa, Colombo","14,200,000",#  300m   (296  kottawa piliyandala bus route )#  4‚Ä¢5km  kottawa city #  3km  piliyandala  city #   4‚Ä¢5KM  Maharagama #  3 Bedrooms #  3  Bathrooms #  Living  Area #  Pantry # Fully   Tiled #  Finishing   Roof #  Hot  Water #  Cctv #  3  Vehicle Parking  Area #  BEAUTIFUL   Garden #  Surrounding   Wall  And   Roller  Gate #  No   BOUNDARIES #  20  Feet  Road,3,3,"1,650.0 sqft",10.0 perches,
208,House for Sale in Mattegoda Housing Scheme,18 Jul  9:44 am,"Kottawa, Colombo","6,200,000","MATTEGODA B TYPE CONER HOUSE , VERY GOOD CONDITION,4 BED ROOMS,2 Bath RoomsNEAR MAIN BUS STAND (peo tv,ADSL,Land line,wifi)Clear Documents.All the facilities (Super markets, Banks, Fair, Pharmacies, Hardwar stores, etc) less than 1 km.",Mattegoda Housing Scheme,4,2,"1,400.0 sqft",4.5 perches
209,Brand New House for Sale in Kottawa Mattegoda,13 Jul 12:54 pm,"Kottawa, Colombo","8,900,000",Brand new house for sale in kottawa mattegoda06 perches1100 sqft3 bed rooms2 bathroomslivingkitchendiningfinishing rooffully tiled remote roller shutterVehicle parking,3,2,"1,100.0 sqft",6.0 perches,
210,Luxury House With Antique Furniture In - Kottawa, 4 Jul  3:51 am,"Kottawa, Colombo","25,000,000",Property for Immediate Sale!,4,4,"3,500.0 sqft",13.0 perches,
211,Brand New House for Sale kottawa, 6 Jun  5:17 am,"Kottawa, Colombo","14,500,000","Brand new house for sale in piliyandala Road. 3 bedrooms 4bathroom 10 prch, hot water, complete pantry, Two vehicle parking space. Roller gate. 200m to main road, 2km to piliyandala town.",kottawa 296 piliyandala Road,3,3,"1,580.0 sqft",10.0 perches
212,Luxury House for Sale in Kottawa,21 Jul 12:51 pm,"Kottawa, Colombo","18,900,000",24 Hour security. Gymnasium. Swimming pool. Volley ball court. Badminton court. ,between kottawa and Hokandara,3,3,"1,383.0 sqft",6.0 perches
213,House for Sale - Kottawa, 2 Jul  9:11 am,"Kottawa, Colombo","15,500,000","Popular architect designed modern luxury Four-story house For immediate sale in maththegoda. 85% completed.In front of  Huge Paddy Field. Very peaceful area.300m for the town.  Very close to All banks, all supermarkets, police station, public ground, walking path,  matthegoda petah bus stand.Good investment for money. sale due to owner migration.* 5  Bed rooms* 3  Bathrooms* Car park for 4 vehicles *  Two pantry arias",5,3,"4,800.0 sqft",9.0 perches,
214,New 3BR House For Sale in Maviththara, 1 Jun  3:04 pm,"Kottawa, Colombo","11,000,000","New Single House For Sale Ponnanthara,Maviththara",200 meters to Kottawa- M Laviniabus route to highly residential area,3,2,"1,250.0 sqft",7.0 perches
215,Brand New Luxury House Sale in Kottawa,15 Jul  9:36 am,"Kottawa, Colombo","19,000,000","Brand new luxury house with 4-bed rooms, 4-toilets,master bedroom with attached boardroom,  up stairs, italian marbel tiled roof (finishing with mahogany wood), imported timber ceiling, solar water , 3-place electric & 1000ml water storage,  water  main nation grid, rear & front  garden , kubuk timber stair case, three vehicles can be parked, paved stones .with electric auto roller shetter gate,6ft parapet  wall around the house,sitting & dinning, stat of the art pantry/kitchen  1885 sqft brand new luxury  moden design concept, with mahogany/kubuk wood ,land extend  7 - perch, Rs. 19 Million at kottawa,Rukmalgama ,School lane "" Rainbow terrace """,kottawa,4,3,"1,885.0 sqft",7.0 perches
216,15P & Three Story House Sale for Kottawa,25 Jun 11:01 am,"Kottawa, Colombo","31,500,000",Three Story House Sale For Kottawa Uncomplicated 2nd Floor & Roof Top ,"50 Meter to Piliyandala Road, Kottawa",6,5,"5,400.0 sqft",15.0 perches
217,Two Story House For Sale Kottawa,31 May  5:50 pm,"Kottawa, Colombo","17,000,000","Brand New Two Story House For Sale, Horahena Road, Vilsan Park, Kottawa.Perches , Landscaped garden area.*- 3 Km to Kottawa","ilsan Park , Horahena Kottawa.",4,3,"2,100.0 sqft",6.2 perches
218,House for Sale - Pannipitiya,18 Jul 10:28 am,"Kottawa, Colombo","15,500,000","Single story house for sale200 M for Kottawa to Piliyandala Buss route from the location03.5 Km to Kottawa,Kesbawa,Piliyandala,Maharagama.18.5 perches.950 sqft.03 Bedrooms01 Bathrooms01 Kitchen01 Store area (12 X 5 ft )Roofed Parking for 02 vehicles Peaceful Decent Highly Residential area,Well waterScenic Paddy Field ViewSurrounded by fense and GateImmediate sale.Rs.15500000. (15.5 million) Negotiable.Call for appointments.GENUINE BUYERS ONLY","Puwakgaswattha road,Palanwattha,Pannipitiya,Kottawa.",3,1,"1,950.0 sqft",18.5 perches
219,New House For Sale In Kottawa,15 Jul 12:06 pm,"Kottawa, Colombo","13,000,000",New modern house for sale between three towns Maharagama- kottawa- pilliyandala With all furnitures also can buy IMMEDIATE SALE for migrateNot more than one year oldRoller gate -  Roof topKottawa 4km - Pilliyandala 3km - Maharagama 4kmTotal squar feet‚Äôs 2700Kottawa highway 6km - kahathuduwa highway 5kmCan negotiate,2,1,"2,700.0 sqft",7.0 perches,
220,Two Story House For Sale Kottawa,31 May  5:50 pm,"Kottawa, Colombo","17,000,000","Brand New Two Story House For Sale, Horahena Road, Vilsan Park, Kottawa.Perches , Landscaped garden area.*- 3 Km to Kottawa","ilsan Park , Horahena Kottawa.",4,3,"2,100.0 sqft",6.2 perches
221,Three Storied House for Sale in Kottawa,30 Jun  9:40 am,"Kottawa, Colombo","42,500,000",Three Storied House for Sale in Kottawa===========================,"Galwaladeniya Road, Mattegoda, Kottawa",6,3,"4,000.0 sqft",12.0 perches
222,House Tow Story for Sale - Kottawa,27 Jun  7:46 am,"Kottawa, Colombo","22,000,000",22. million mathtegoda 4 vehikal parking space Garden Remote gete Balcony Roof top 50 miters 342 piliyandala kottawa bus rd,kottawa 342 rd mathtegoda,4,3,"3,000.0 sqft",10.6 perches
223,Brand New Two | Story House || Kottawa,31 May 11:21 am,"Kottawa, Colombo","24,800,000","Brand New Two story house @ kottawa Road, Vidyala Junction.07 Perches with Landscaped garden area.","Vidyala Junction, Kottawa.",4,4,"2,700.0 sqft",7.0 perches
224,Brand New 2 Story House For Sale in Kottawa - Palenwatta,30 May  8:55 pm,"Kottawa, Colombo","21,500,000",Brand New 2 Story  House For Sale in Kottawa - Palenwatta -------------------------Located just 300 meters to 296 Kottawa- Piliyandala route to highly residential area Palenwatta.4.5 km to Piliyandala2Km to kottawa twon,300 meters to kottawa - piliyandala  bus round.,4,3,"2,850.0 sqft",7.8 perches
225,2 Storey House for Sale With Furniture in Kottawa.,30 May 11:03 pm,"Kottawa, Colombo","27,000,000","2 Storey House for Sale With Furniture in Kottawa.Kottawa, Maththegoda Road, Sampath Uyana.","Kottawa, Maththegoda Road, Sampath Uyana.",3,2,"2,100.0 sqft",10.0 perches
226,B / New Two | Story House Kottawa, 3 Jun  7:15 am,"Kottawa, Colombo","24,800,000","Brand New Two story house @ kottawa Road, Vidyala Junction.07 Perches with Landscaped garden area.","Vidyala Junction, Kottawa.",4,4,"2,700.0 sqft",7.0 perches
227,A single storied house in kottawa,29 May  8:18 am,"Kottawa, Colombo","13,000,000",#  1‚Ä¢8km  high level road #  500m  280  maharagama   horana  bus route # 2‚Ä¢5km  kottawa city #  2‚Ä¢5KM  Kottawa   SOUTHERN   High way entrance #  3  bedrooms #  3  bathrooms #  living area #  pantry #  fully tiled #  finishing roof #  hot water #  Ac#  Cctv #  surrounding wall and roller gate # 25  feet road,3,3,"1,350.0 sqft",7.75 perches,
228,Hose for Sale - Kottawa,28 Jun  2:51 pm,"Kottawa, Colombo","10,000,000",Only for land value immediate sale,siddamulla junction kottawa dehiwala road,3,3,"5,000.0 sqft",10.0 perches
229,House for sale at Kottawa,28 May  1:53 pm,"Kottawa, Colombo","10,000,000",House for sale at Kottawa700m to 138 bus roadnear high way exit3 bed rooms1 bath rooms full tiled  üí† Very Use Full for ResidentHighly residential area and very calm surrounding.  For Quickly Sell‚òé Call for More Details...,H-KOTTAWA-02,3,1,"1,500.0 sqft",8.5 perches
230,Two || Story House For Sale Kottawa,28 May  1:26 pm,"Kottawa, Colombo","17,000,000","Brand New Two Story House For Sale, Horahena Road, Vilsan Park, Kottawa.Perches , Landscaped garden area.","Vilsan Park , Horahena Kottawa.",4,3,"2,100.0 sqft",6.2 perches
231,Partly Completed House with Garden Close to High Level Road Kottawa,28 May  1:01 pm,"Kottawa, Colombo","20,000,000","Architecturally designed partly completed new house at Kottawa- malambe Road, Pannipitiya500 meters to High Level Road","Kottawa - Malambe Road, Pannipitiya",4,3,"1,200.0 sqft",16.0 perches
232,New Two Story Modern Luxury House for Sale - Kottawa, 3 Jun 10:35 am,"Kottawa, Colombo","27,000,000",Brand New Two Storied Luxury Modern House in Kottawa10 Perches with Landscaped garden area.,"Kurulu Uyana, PolKotuwa, Kottawa",4,4,"2,900.0 sqft",10.0 perches
233,Brand New Two | Story House || Kottawa,28 May  9:47 am,"Kottawa, Colombo","24,800,000","Brand New Two story house @ kottawa Road, Vidyala Junction.07 Perches with Landscaped garden area.","Vidyala Junction, Kottawa.",4,4,"2,700.0 sqft",7.0 perches
234,House for Sale in Kottawa,27 Jun 12:53 pm,"Kottawa, Colombo","25,000,000",‡∂ö‡∑ú‡∂ß‡∑ä‡∂ß‡∑è‡∑Ä ‡∑Ñ‡∂±‡∑ä‡∂Ø‡∑í‡∂∫‡∂ß ‡∂∏‡∑ì‡∂ß‡∂ª‡∑ä 400 ‡∂Ø‡∑î‡∂ª‡∑í‡∂±‡∑ä‡∂ã‡∂©‡∑î‡∂∏‡∑Ñ‡∂Ω‡∂ß ‡∑Ñ‡∑è ‡∂∫‡∂ß‡∑í‡∂∏‡∑Ñ‡∂Ω‡∂ß ‡∑Ä‡∑ô‡∂± ‡∑Ä‡∑ô‡∂±‡∂∏ ‡∑Ä‡∑í‡∂Ø‡∑î‡∂Ω‡∑í‡∂∫ ‡∑Ñ‡∑è ‡∂¢‡∂Ω‡∂∫‡∂ú‡∂©‡∑ú‡∂Ω‡∑í‡∂±‡∑ä ‡∂≠‡∂±‡∑è ‡∂á‡∂≠.‡∑É‡∑ö‡∑Ä‡∂ö ‡∑Ä‡∑ê‡∑É‡∑í‡∂ö‡∑í‡∑Ö‡∑í ‡∑Ñ‡∑è ‡∂±‡∑è‡∂± ‡∂ö‡∑è‡∂∏‡∂ª‡∑Ä‡∑è‡∑Ñ‡∂± 3 ‡∂±‡∑ê‡∑Ä‡∑ê‡∂≠‡∑ä‡∑Ä‡∑ì‡∂∏‡∑ö ‡∂¥‡∑Ñ‡∑É‡∑î‡∂ö‡∂∏‡∑ä,‡∂Ø‡∑ô‡∂∏‡∑Ñ‡∂Ω‡∑ä ‡∂±‡∑í‡∑Ä‡∑É ‡∂ö‡∑ú‡∂ß‡∑ä‡∂ß‡∑è‡∑Ä,4,3,"3,500.0 sqft",10.0 perches
235,Brand | New Two Storied Luxury Modern House in || Kottawa,27 May 12:20 pm,"Kottawa, Colombo","54,000,000",Brand New Two Storied Luxury Modern House in Kottawa20 Perches with Landscaped garden area.,"Siddamulla Rd, Kottawa.",6,6,"5,600.0 sqft",20.0 perches
236,Brand New Two Story House - Kottawa,27 May 11:33 am,"Kottawa, Colombo","24,800,000","Brand New Two story house @ Arangala Road, Vidyala Junction.07 Perches with Landscaped garden area.","Vidyala Junction, Kottawa.",4,4,"2,700.0 sqft",7.0 perches
237,03 Story Modern House & 15 P Sale Kottawa,27 May  9:45 am,"Kottawa, Colombo","31,000,000",Land - 15 Purch,NEAR FRIDAY MARKET / 25 METERS TO 255 KOTTAWA -PILIYANDALA ROAD KOTTAWA,5,4,"5,000.0 sqft",15.0 perches
238,A Brand New Luxury Modern House in Kottawa,26 May  9:37 pm,"Kottawa, Colombo","29,500,000",#   1‚Ä¢8km   kottawa city # 100m  kottawa  piliyandala   255  bus route #  2km   kottawa southern high way entrance #  3km  pannipitiya darmapala maha vidyala #  200m  all   cargills  arpico  and   keels  super market #  4  bedrooms #  4 bathrooms #  large living area and dining area #  fully complete pantry with gas cooker  and  oven #  large  Tv  lobby #  roof terrace #  fully tiled #  wood ceiling #  solar hot water #  Ac#  Cctv #  servant room and bathroom #  all wood teak   and  jak # surrounding wall and roller gate # 20 feet road # no brokers please #  only genuine buyers,4,4,"3,600.0 sqft",9.8 perches,
239,A Brand New House in Kottawa, 4 Jul 10:32 pm,"Kottawa, Colombo","11,500,000",* 4oom   kottawa  piliyandala  342  bus route *  2km  120  bus route   polgasowita  junction *  4‚Ä¢5km   kottawa   city *  3  bedrooms *  3  bathrooms *  large living area and dining area *  pantry *  fully tiled *  finishing roof *  hot water *  surrounding wall and roller gate *  no boundaries *  3  vehicle parking area *  beautiful garden *   25  feet road *  1450  sqpt *  10   perched *  no brokers please *  only genuine buyers,3,3,"1,450.0 sqft",10.0 perches,
240,House for Sale in Kottawa 342 Road, 9 Jun 11:29 am,"Kottawa, Colombo","6,600,000","Highly Residential & Safe Area, In front of Army Camp,  & 3.8km to Kottawa. Very close proximity to High way.","37/B03 Pasal Watta, Mattegoda",3,1,"1,634.0 sqft",5.8 perches
241,B - New Two Storied Luxury Modern House in Kottawa,25 May 10:30 am,"Kottawa, Colombo","54,000,000",Brand New Two Storied Luxury Modern House in Kottawa20 Perches with Landscaped garden area.,"Siddamulla Rd, Kottawa.",6,6,"5,600.0 sqft",20.0 perches
242,Mattegoda B type coner house,29 May  7:30 am,"Kottawa, Colombo","5,500,000","MATTEGODA B TYPE CONER HOUSE , VERY GOOD CONDITION,3 BED ROOMS,2 VEHICAL PARKING NEAR MAIN BUS STAND ,",B type,3,1,"1,500.0 sqft",1.0 perches
243,House for Sale - Kottawa, 8 Jul  9:25 am,"Kottawa, Colombo","16,500,000",2 story houseResidential area4 Beds room 3 Bath roomsLiving areaPantry with kitchenPipe born water & electricityParapet wall with remote gate600m to 296 bus road3.5km to kottawa junction1.5km to 341 bus roadClear deeds,piliyandala road,4,3,"2,200.0 sqft",13.0 perches
244,Brand New Two Story House - Kottawa,29 May  2:02 pm,"Kottawa, Colombo","19,500,000","Brand New Two Story House For Sale In Wanaguru Mw, Hokandara.10 Perches , Landscaped garden area","Horahena Road, Kottawa.",3,3,"2,400.0 sqft",10.0 perches
245,Brand New Single Story House for Sale in Kottawa,12 Jul  7:43 pm,"Kottawa, Colombo","14,000,000",üè°Niroshana Constructionüè°,3,2,"1,288.0 sqft",8.0 perches,
246,New House For Sale In Kottawa,15 Jul 12:06 pm,"Kottawa, Colombo","13,000,000",New modern house for sale between three towns Maharagama- kottawa- pilliyandala With all furnitures also can buy IMMEDIATE SALE for migrateNot more than one year oldRoller gate -  Roof topKottawa 4km - Pilliyandala 3km - Maharagama 4kmTotal squar feet‚Äôs 2700Kottawa highway 6km - kahathuduwa highway 5kmCan negotiate,2,1,"2,700.0 sqft",7.0 perches,
247,Brand New Two Storied Luxury Modern House in Kottawa,24 May  3:56 pm,"Kottawa, Colombo","54,000,000",Brand New Two Storied Luxury Modern House in Kottawa20 Perches with Landscaped garden area.,"Siddamulla Rd, Kottawa.",6,6,"5,600.0 sqft",20.0 perches
248,House || in Mattegoda, 8 Jul  9:24 am,"Kottawa, Colombo","17,500,000","After the completion of the construction house4 bathrooms4 bath roomsServant roomLiving / dining / sitting areaPantry areaRoof top,Tv lobyDouble car porchwater & electricity100m to main roadResidential areaClear deed",Mattegoda junction,4,4,"2,500.0 sqft",7.0 perches
249,Under construction House in || Mattegoda, 8 Jul  9:25 am,"Kottawa, Colombo","13,500,000","2 story under construction house4 bathrooms4 bath roomsServant roomLiving / dining / sitting areaPantry areaRoof top,Tv lobyDouble car porchwater & electricity100m to main roadResidential areaClear deed",Mattegoda junction,4,4,"2,500.0 sqft",7.0 perches
250,House for Sale Kottawa,23 May  1:28 pm,"Kottawa, Colombo","6,200,000",Safe Environment 70m To Kottawa - Mt.Lavina main road1km to Dharmapala Vidyalaya PannipitiyaVery valuble for urban area workers.Very close to Kottawa and Pannipitiya.Price can be negotiable,"NO 52/1,DIGANA ROAD,PALAWATTA,PANNIPITIYA",6,1,"2,000.0 sqft",5.0 perches
251,Ground Floor Completed House - Siddamulla,23 May 11:44 am,"Kottawa, Colombo","8,200,000","2km from Kottawa, 75m to 255 bus route.Parapet wall, parking, slab roof, bricks wall, Ceiling fans, completed lighting",Siddamulla,2,2,950.0 sqft,8.42 perches
