,0,1,2,3,4,5,6,7,8,9
0,title,posted date,location,price,description,Address:,Beds:,Baths:,House size:,Land size:
1,House for Sale in Kadawatha,27 Jul  2:36 pm,"Kadawatha, Gampaha","10,500,000",‡∑Ä‡∑ê‡∂© ‡∂±‡∑í‡∂∏‡∑Ä‡∑ô‡∂∏‡∑í‡∂±‡∑ä ‡∂¥‡∑Ä‡∂≠‡∑í‡∂± ‡∂ö‡∂©‡∑Ä‡∂≠ ‡∑É‡∑ñ‡∂ª‡∑í‡∂∫‡∂¥‡∑è‡∑Ö‡∑î‡∑Ä ‡∂±‡∑Ä ‡∂±‡∑í‡∑Ä‡∑É ‡∂â‡∂ö‡∑ä‡∂∏‡∂±‡∑í‡∂±‡∑ä ‡∑Ä‡∑í‡∂ö‡∑í‡∂´‡∑ì‡∂∏‡∂ß   x ‡∂±‡∑í‡∂Ø‡∂± ‡∂ö‡∑è‡∂∏‡∂ª ‡∂≠‡∑î‡∂±‡∂ö‡∑ä  x ‡∂±‡∑è‡∂± ‡∂ö‡∑è‡∂∏‡∂ª ‡∂Ø‡∑ô‡∂ö‡∂ö‡∑í   x ‡∂ö‡∑î‡∑É‡∑ä‡∑É‡∑í‡∂∫   x ‡∂ö‡∑ë‡∂∏ ‡∂ö‡∑è‡∂∏‡∂ª‡∂∫   x ‡∑Ä‡∑í‡∑Å‡∑è‡∂Ω ‡∂∏‡∑ê‡∂Ø ‡∑É‡∑è‡∂Ω‡∂∫   x TV Lobby  x Roller Door ‡∑É‡∂∏‡∂ú ‡∑Ä‡∂ß ‡∂≠‡∑è‡∂¥‡∑ä‡∂¥,Sooriyapaluwa,3,2,"1,750.0 sqft",7.0 perches
2,"['House for Sale in Kadawatha', '27 Jul  2:36 pm', 'Kadawatha, Gampaha', '10,500,000', '‡∑Ä‡∑ê‡∂© ‡∂±‡∑í‡∂∏‡∑Ä‡∑ô‡∂∏‡∑í‡∂±‡∑ä ‡∂¥‡∑Ä‡∂≠‡∑í‡∂± ‡∂ö‡∂©‡∑Ä‡∂≠ ‡∑É‡∑ñ‡∂ª‡∑í‡∂∫‡∂¥‡∑è‡∑Ö‡∑î‡∑Ä ‡∂±‡∑Ä ‡∂±‡∑í‡∑Ä‡∑É ‡∂â‡∂ö‡∑ä‡∂∏‡∂±‡∑í‡∂±‡∑ä ‡∑Ä‡∑í‡∂ö‡∑í‡∂´‡∑ì‡∂∏‡∂ß   x ‡∂±‡∑í‡∂Ø‡∂± ‡∂ö‡∑è‡∂∏‡∂ª ‡∂≠‡∑î‡∂±‡∂ö‡∑ä  x ‡∂±‡∑è‡∂± ‡∂ö‡∑è‡∂∏‡∂ª ‡∂Ø‡∑ô‡∂ö‡∂ö‡∑í   x ‡∂ö‡∑î‡∑É‡∑ä‡∑É‡∑í‡∂∫   x ‡∂ö‡∑ë‡∂∏ ‡∂ö‡∑è‡∂∏‡∂ª‡∂∫   x ‡∑Ä‡∑í‡∑Å‡∑è‡∂Ω ‡∂∏‡∑ê‡∂Ø ‡∑É‡∑è‡∂Ω‡∂∫   x TV Lobby  x Roller Door ‡∑É‡∂∏‡∂ú ‡∑Ä‡∂ß ‡∂≠‡∑è‡∂¥‡∑ä‡∂¥', 'Sooriyapaluwa', '3', '2', '1,750.0 sqft', '7.0 perches']","['title', 'posted date', 'location', 'price', 'description', 'Address:', 'Beds:', 'Baths:', 'House size:', 'Land size:']",,,,,,,,
3,House for Sale in Kadawatha,25 Jul 12:53 pm,"Kadawatha, Gampaha","4,900,000","*‡∂â‡∂ö‡∑ä‡∂∏‡∂±‡∑ä ‡∂¥‡∂Ø‡∑í‡∂Ç‡∂†‡∑í ‡∑Ä‡∑ì‡∂∏‡∂ß ‡∑Ñ‡∑ê‡∂ö‡∑í ‡∑É‡∑í‡∂∫‡∂Ω‡∑î ‡∂¥‡∑Ñ‡∑É‡∑î‡∂ö‡∂∏‡∑ä ‡∑Ä‡∂Ω‡∑í‡∂±‡∑ä ‡∑É‡∂∏‡∂±‡∑ä‡∑Ä‡∑í‡∂≠ ‡∂ö‡∂©‡∑Ä‡∂≠ ‡∂±‡∂ú‡∂ª‡∂∫ ‡∑É‡∑Ñ ‡∂Ö‡∂∞‡∑í‡∑Ä‡∑ö‡∂ú‡∑ì ‡∑É‡∑í‡∑Ä‡∑ä‡∂∏‡∂±‡∑ä‡∑É‡∂Ω‡∂ß  ‡∂â‡∂≠‡∑è‡∂∏‡∂≠‡∑ä ‡∂Ü‡∑É‡∂±‡∑ä‡∂±‡∂∫‡∑ö ‡∂¥‡∑í‡∑Ñ‡∑í‡∂ß‡∑è ‡∂á‡∂≠ .* ‡∂ö‡∂©‡∑Ä‡∂≠ ‡∑É‡∑î‡∂ª‡∑í‡∂ú‡∂∏ ‡∑Ñ‡∂±‡∑ä‡∂Ø‡∑í‡∂∫‡∑ö ‡∑É‡∑í‡∂ß 450m  / ‡∂ú‡∑è‡∂∏‡∑í‡∂´‡∑í ‡∂∏‡∑è‡∑Ä‡∂≠ ‡∂Ø‡∑ô‡∑É‡∑í‡∂±‡∑ä ‡∑É‡∑î‡∂ª‡∑í‡∂ú‡∂∏ ‡∑Ñ‡∂±‡∑ä‡∂Ø‡∑í‡∂∫‡∂ß 600m  / ‡∂ú‡∑è‡∂∏‡∑í‡∂´‡∑í ‡∂∏‡∑è‡∑Ä‡∂≠  ‡∂Ø‡∑ô‡∑É‡∑í‡∂±‡∑ä ‡∂Ö‡∂Ω‡∑í‡∂∫‡∑è ‡∑Ä‡∂Ç‡∂ú‡∑î‡∑Ä‡∂ß 650m . (‡∂ö‡∂©‡∑Ä‡∂≠ ‡∑É‡∑í‡∂ß ‡∑É‡∑î‡∂ª‡∑í‡∂ú‡∂∏ ‡∑Ñ‡∂±‡∑ä‡∂Ø‡∑í‡∂∫‡∂ß 2 km) .  ‡∂ª‡∑è‡∂ú‡∂∏‡∂ß 3km ‡∂¥‡∂∏‡∂´  . ‡∂ú‡∑è‡∂∏‡∑í‡∂´‡∑ì ‡∂∏‡∑è‡∑Ä‡∂≠‡∂ß ‡∂∏‡∑î‡∑Ñ‡∑î‡∂´‡∂Ω‡∑è ‡∂¥‡∑í‡∑Ñ‡∑í‡∂ß‡∑í ‡∑Ä‡∂ß‡∑í‡∂±‡∑è ‡∂â‡∂©‡∂∏.* ‡∂Ö‡∂∫‡∑í‡∂≠‡∑í‡∂ö‡∂ª‡∑î ‡∑Ä‡∑í‡∂Ø‡∑ö‡∑Å ‡∂ú‡∂≠ ‡∑Ä‡∑ì‡∂∏‡∂ß ‡∂Ö‡∂¥‡∑ö‡∂ö‡∑ä‡∑Ç‡∑è ‡∂ö‡∂ª‡∂± ‡∂∂‡∑ê‡∑Ä‡∑í‡∂±‡∑ä ‡∂â‡∂≠‡∑è ‡∂â‡∂ö‡∑ä‡∂∏‡∂±‡∑ä ‡∑Ä‡∑í‡∂ö‡∑í‡∂´‡∑ì‡∂∏‡∂ß ‡∂â‡∑Ñ‡∂Ω‡∂∏ ‡∂â‡∂Ω‡∑ä‡∂Ω‡∑î‡∂∏‡∂ß.* ‡∂ú‡∑ö‡∂ß‡∑ä‡∂ß‡∑î, ‡∂±‡∑í‡∑Ä‡∑É ‡∑Ä‡∂ß‡∑ö‡∂∏ ‡∂≠‡∑è‡∂¥‡∑ä‡∂¥‡∂∫ , ‡∂±‡∂Ω ‡∂¢‡∂Ω‡∂∫, ‡∑Ä‡∑í‡∂Ø‡∑î‡∂Ω‡∑í‡∂∫ , ‡∑É‡∂ö‡∑É‡∑ä ‡∂ö‡∂ª‡∂± ‡∂Ω‡∂Ø ‡∂∏‡∑í‡∂Ø‡∑î‡∂Ω  , ‡∑É‡∑è‡∂∏‡∂ö‡∑è‡∂∏‡∑ì ‡∂±‡∑í‡∑É‡∑ä‡∂ö‡∂Ω‡∂Ç‡∂ö ‡∂¥‡∂ª‡∑í‡∑É‡∂ª‡∂∫ , ‡∑É‡∑î‡∑Ñ‡∂Ø ‡∑Å‡∑ì‡∂Ω‡∑ì ‡∑Ä‡∑ê‡∂Ø‡∂ú‡∂≠‡∑ä ‡∂Ö‡∑É‡∂Ω‡∑ä‡∑Ä‡∑ê‡∑É‡∑í‡∂∫‡∂±‡∑ä .‡∂±‡∑í‡∑Ä‡∑É‡∑ö ‡∑Ä‡∑í‡∑É‡∑ä‡∂≠‡∂ª : ‡∑É‡∑è‡∂Ω‡∂∫ , ‡∂ö‡∑î‡∂©‡∑è ‡∂ö‡∑è‡∂∏‡∂ª 2 , ‡∂∏‡∑î‡∑Ö‡∑î‡∂≠‡∑ê‡∂±‡∑ä ‡∂ú‡∑ô‡∂∫ , ‡∂±‡∑è‡∂± ‡∂ö‡∑è‡∂∏‡∂ª‡∂∫ , ‡∂ö‡∑ë‡∂∏ ‡∂ö‡∑è‡∂∏‡∂ª‡∂∫ , ‡∂±‡∑í‡∑Ä‡∑É‡∑í‡∂±‡∑ä ‡∂∂‡∑ê‡∑Ñ‡∑ê‡∂ª ‡∑É‡∑ö‡∑Ä‡∂ö ‡∑Ä‡∑ê‡∑É‡∑í‡∂ö‡∑í‡∂Ω‡∑í‡∂∫ , ‡∂∏‡∑î‡∑Ö‡∑î ‡∂±‡∑í‡∑Ä‡∑É‡∂∏ ‡∂ß‡∂∫‡∑í‡∂Ω‡∑ä ‡∂ö‡∂ª‡∂± ‡∂Ω‡∂Ø , ‡∂∏‡∑î‡∑Ö‡∑î ‡∂±‡∑í‡∑Ä‡∑É‡∂∏ ‡∑É‡∑í‡∑Ä‡∑í‡∂Ω‡∑í‡∂∏ ‡∂ú‡∑É‡∑è ‡∂á‡∂≠ .","156/C/1, MaharaNugegoda, Kadawatha",2,1,600.0 sqft,9.0 perches
4,The House for Sale Imbulgoda,29 Jul  2:46 pm,"Kadawatha, Gampaha","14,000,000","Good Area 12 Perches land, House Sqt 3750- Bed rooms, 3 Kitchen, Bath room- House is located in high security AreaNear  the Highway Road. PRICE (NEGOTIABLE ONLY AFTER INSPECTION)","164/1D, Amunugoda, Imbulgoda.",3,2,"3,784.0 sqft",12.0 perches
5,House for Sale - Kadawatha, 5 Jul  5:26 pm,"Kadawatha, Gampaha","9,150,000",‡∂ö‡∂©‡∑Ä‡∂≠  ‡∂ö‡∑í‡∂ª‡∑í‡∂Ω‡∑ä‡∂Ω‡∑Ä‡∂Ω  ‡∂±‡∑î‡∑Ä‡∂ª ‡∂¥‡∑è‡∂ª‡∑ö  ‡∑É‡∑í‡∂ß  1.3 km  ‡∂¢‡∂¥‡∂±‡∑ä  ‡∂¥‡∂±‡∑ä‡∑É‡∂Ω  ‡∂¥‡∑è‡∂ª‡∑ô‡∂±‡∑ä ‡∑É‡∑Ñ  ‡∂ö‡∑ú‡∂ö‡∑í‡∑É‡∑ä ‡∂ö‡∂©‡∑ö ‡∑Ñ‡∂±‡∑ä‡∂Ø‡∑í‡∂∫‡∑ô‡∂±‡∑ä  ‡∂¥‡∑í‡∑Ä‡∑í‡∑É‡∑í‡∂∫ ‡∑Ñ‡∑ê‡∂ö ,3,1,"1,400.0 sqft",12.7 perches,
6,House for Sale in Kadawatha,27 Jul  2:36 pm,"Kadawatha, Gampaha","10,500,000",‡∑Ä‡∑ê‡∂© ‡∂±‡∑í‡∂∏‡∑Ä‡∑ô‡∂∏‡∑í‡∂±‡∑ä ‡∂¥‡∑Ä‡∂≠‡∑í‡∂± ‡∂ö‡∂©‡∑Ä‡∂≠ ‡∑É‡∑ñ‡∂ª‡∑í‡∂∫‡∂¥‡∑è‡∑Ö‡∑î‡∑Ä ‡∂±‡∑Ä ‡∂±‡∑í‡∑Ä‡∑É ‡∂â‡∂ö‡∑ä‡∂∏‡∂±‡∑í‡∂±‡∑ä ‡∑Ä‡∑í‡∂ö‡∑í‡∂´‡∑ì‡∂∏‡∂ß   x ‡∂±‡∑í‡∂Ø‡∂± ‡∂ö‡∑è‡∂∏‡∂ª ‡∂≠‡∑î‡∂±‡∂ö‡∑ä  x ‡∂±‡∑è‡∂± ‡∂ö‡∑è‡∂∏‡∂ª ‡∂Ø‡∑ô‡∂ö‡∂ö‡∑í   x ‡∂ö‡∑î‡∑É‡∑ä‡∑É‡∑í‡∂∫   x ‡∂ö‡∑ë‡∂∏ ‡∂ö‡∑è‡∂∏‡∂ª‡∂∫   x ‡∑Ä‡∑í‡∑Å‡∑è‡∂Ω ‡∂∏‡∑ê‡∂Ø ‡∑É‡∑è‡∂Ω‡∂∫   x TV Lobby  x Roller Door ‡∑É‡∂∏‡∂ú ‡∑Ä‡∂ß ‡∂≠‡∑è‡∂¥‡∑ä‡∂¥,Sooriyapaluwa,3,2,"1,750.0 sqft",7.0 perches
7,"2 Storey House for Sale in Kadawatha, Ganemulla Rd",28 Jul  9:57 pm,"Kadawatha, Gampaha","13,500,000","2Storey House For Sale in kadawatha, Ganemulla rd, suriyapaluwa.","Kadawatha, Ganemulla rd, suriyapaluwa.",4,3,"2,850.0 sqft",19.0 perches
8,"House and Land For Sale at Gampaha, Kadawatha",29 Jul 10:33 am,"Kadawatha, Gampaha","23,000,000","Well developed residential area at Kirillawala. Close to Colombo Kandy Highway Kadawatha. 30 Perches of Land with house. Large living room with separate dining area, 4 bedrooms, 2 tiled bathrooms with one en-suite, kitchen, large utility room, 3 phase electricity, piped and well water, hot water, garage with driver quarters. House and land surrounded by parapet wall. 10 perches of land at the rear of the house ideal for further development.",4,2,"1,728.0 sqft",30.0 perches,
9,"Luxury Complete 2 Store House for Sale in Kirillawala , Kadawatha",27 Jul  3:02 pm,"Kadawatha, Gampaha","18,500,000","*****************************************************************************************************‚Ä¢ -2 Storey house for sale at Kirillawala Kadawatha, ‚Ä¢ -22 Perch‚Ä¢ -350 meters to Kirillawala Junction,‚Ä¢ -4km to high way entrance,‚Ä¢ -6 Bedrooms (1 servant bedroom)‚Ä¢ -2 bathroom,‚Ä¢ - 02 Servant facilities (toilets)‚Ä¢ -Large garden Area‚Ä¢ -Living Hall‚Ä¢ -Tv loby, ‚Ä¢ -Dining hall, ‚Ä¢ -Kitchen,‚Ä¢ - Remote & Roller Shutter & wicket gate‚Ä¢ - Pipe born water and well water with over head water tank‚Ä¢ -Natural place ‚Ä¢ -Varenda,‚Ä¢ -Ground Floor very beautiful ‚Ä¢ -Parking Spaces 6 vehicles. ‚Ä¢ -Electricity (3PH),‚Ä¢ -Close to the Cargils Food City, super Market, bank,any shopping facility's, MetroCity.‚Ä¢ -Call for more Details.‚Ä¢ -price can be negotiating after inspection‚Ä¢ -Immediate selling for Upgrade...‚Ä¢ -Fell free for contact us‚Ä¢ -Land value(15 million).. ‚Ä¢ -FULL AMOUNT  CAN BE ARRANGE AS LOAN.****************************************************************************************************",6,2,"3,200.0 sqft",22.0 perches,
10,Land with Small House in Kadawatha Kirillawala,10 Jul  8:10 am,"Kadawatha, Gampaha","5,500,000",‡∂ö‡∂©‡∑Ä‡∂≠ ‡∂ö‡∑í‡∂ª‡∑í‡∂Ω‡∑ä‡∂Ω‡∑Ä‡∂Ω ‡∂±‡∑î‡∑Ä‡∂ª ‡∂¥‡∑è‡∂ª‡∑ö ‡∑É‡∑í‡∂ß 2km ‡∂Ø‡∑î‡∂ª‡∑í‡∂±‡∑ä ‡∂¥‡∑í‡∑Ñ‡∑í‡∂ß‡∑è ‡∂á‡∂≠‡∑í ‡∂Ö‡∂ú‡∂±‡∑è ‡∂¥‡∂ª‡∑ä 15 ‡∂ö ‡∂ö‡∑î‡∂©‡∑è ‡∂ú‡∑ú‡∂©‡∂±‡∑ê‡∂ú‡∑í‡∂Ω‡∑ä‡∂Ω‡∂ö‡∑ä ‡∑É‡∑Ñ‡∑í‡∂≠ ‡∂â‡∂©‡∂∏ ‡∑Ä‡∑í‡∂ö‡∑í‡∂±‡∑ì‡∂∏‡∂ß ‡∂á‡∂≠. ‡∂ö‡∂©‡∑Ä‡∂≠ ‡∂Ö‡∂Ø‡∑í‡∑Ä‡∑ö‡∂ú‡∑ì ‡∂¥‡∑í‡∑Ä‡∑í‡∑É‡∑î‡∂∏‡∂ß ‡∂∏‡∑í‡∂±‡∑í‡∂≠‡∑ä‡∂≠‡∑î 15‡∂ö ‡∂Ø‡∑î‡∂ª. ,1,1,900.0 sqft,15.0 perches,
11,3 Storied House For Sale Kadawatha - Gampaha (Webada),28 Jul 10:38 pm,"Kadawatha, Gampaha","46,000,000","3 Storied House For Sale Kadawatha - Gampaha (WebadaLand Size - 81 purchaseBed Rooms 5 (master bed room with A/C)Bathroom 3Server room 1/ store room 1Spacious living and dining 1 (down stairs)Spacious living and lobby (upstairs)Fully  equipped kitchen (with wood finished pantry)Surrounding wall and roller shutter gate fully tiled house and wooden cellingCCTV, system/ security alarm systemI deal residential place / paddy view / calm environment1.5 km to Kandy road (wabada)",Webada - Kadawatha-Gampaha,5,3,"3,300.0 sqft",81.0 perches
12,"Single Story House for Sale In, Kandakapapu Junction, Chithra Mw",28 Jul  9:21 am,"Kadawatha, Gampaha","15,500,000","Single Storey House For Sale in  Kandakapapu junction, weliweriya rd kadawatha ","Kandakapapu Junction, weliweriya rd, kadawatha",3,2,"1,950.0 sqft",16.16 perches
13,2 Story House for Sale in Kadawatha,28 Jul  8:56 am,"Kadawatha, Gampaha","9,000,000","2story House For sale in kadawatha , eldeniya ",5,2,"2,000.0 sqft",10.0 perches,
14,"4B/R Single Storey House for Sale in Kadawatha, Mihindu Mawatha.",27 Jul 12:19 pm,"Kadawatha, Gampaha","17,500,000","Single Story House for sale in Kadawatha, Mihindu Mawatha.20 m to Main Road.","Kadawatha, Mihindu Mawatha.",4,1,"1,600.0 sqft",17.0 perches
15,House For Sale Mahara,27 Jul 10:44 am,"Kadawatha, Gampaha","35,000,000",‡∂ö‡∂©‡∑Ä‡∂≠ ‡∂∏‡∑Ñ‡∂ª ‡∑Ñ‡∂±‡∑ä‡∂Ø‡∑í‡∂∫‡∑ö ‡∑É‡∑í‡∂ß ‡∂∏‡∑ì‡∂ß‡∂ª 150 ‡∂±‡∑î‡∂Ø‡∑î‡∂ª‡∑í‡∂±‡∑ä‡∂¥‡∂ª‡∑ä. 20‡∂ö‡∂©‡∑Ä‡∂≠‡∂ß ‡∂ö‡∑í‡∂Ω‡∑ù‡∂∏‡∑í‡∂ß‡∂ª 1 ‡∂ö‡∑í‡∂ª‡∑í‡∂∂‡∂≠‡∑ä‡∂ú‡∑ú‡∂©‡∂ß ‡∂ö‡∑í‡∂Ω‡∑ù‡∂∏‡∑í‡∂ß‡∂ª 1‡∂Ö‡∂Ω‡∑î‡∂≠‡∑ä ‡∂±‡∑í‡∑Ä‡∑É‡∂ö‡∑è‡∂∏‡∂ª 5‡∑É‡∑î‡∂õ‡∑ù‡∂¥‡∂∑‡∑ù‡∂ú‡∑ì ‡∂≠‡∑ô‡∂∏‡∑Ñ‡∂Ω‡∑ä ‡∂±‡∑í‡∑Ä‡∑É‡∑É‡∑í‡∂∫‡∂Ω‡∑î ‡∂¥‡∑Ñ‡∑É‡∑î‡∂ö‡∂∏‡∑ä‡∂ª‡∑í‡∂∏‡∑ù‡∂ß‡∑ä ‡∂ú‡∑ö‡∂ß‡∑ä 2 ‡∑Ä.‡∂Ö‡∂©‡∑í 4000‡∂Ω‡∂ö‡∑ä‡∑Ç 350 ‡∂¥‡∂Ø‡∑í‡∂Ç‡∂†‡∑í‡∂∫‡∂ß ‡∑É‡∑î‡∂Ø‡∑î‡∑É‡∑î ‡∑É‡∑è‡∂∏‡∂ö‡∑è‡∂∏‡∑ì ‡∑Ä‡∑ê‡∂Ø‡∂ú‡∂≠‡∑ä ‡∂¥‡∂ª‡∑í‡∑É‡∂ª‡∂∫ ‡∂∏‡∑í‡∂Ω ‡∂ú‡∂´‡∂±‡∑ä ‡∑É‡∑è‡∂ö‡∂†‡∑ä‡∂°‡∑è ‡∂ö‡∂ª ‡∂ú‡∂≠ ‡∑Ñ‡∑ê‡∂ö‡∑í‡∂∫.,"Mahara, Kadawatha.",5,3,"4,000.0 sqft",20.0 perches
16,House for Sale Kadawata,26 Jul  2:54 pm,"Kadawatha, Gampaha","36,500,000",‡∂ö‡∂©‡∑Ä‡∂≠ ‡∂±‡∂ú‡∂ª‡∂∫‡∂ß ‡∂Ö‡∑è‡∑É‡∂±‡∑ä‡∂±‡∑Ä ‡∂±‡∑î‡∑Ä‡∂ª ‡∂¥‡∑è‡∂ª‡∂ß ‡∂∏‡∑í‡∂ß‡∂ª‡∑ä 150 ‡∂ö ‡∂Ø‡∑î‡∂ª‡∑í‡∂±‡∑ä ‡∂Ö‡∂Ç‡∂ú ‡∑É‡∂∏‡∑ä‡∂¥‡∑î‡∂ª‡∑ä‡∂´ ‡∂Ø‡∑ô‡∂∏‡∑Ñ‡∂Ω‡∑ä  ‡∂±‡∑í‡∑Ä‡∑É‡∂ö‡∑ä ‡∑Ä‡∑í‡∂ö‡∑í‡∂´‡∑ì‡∂∏‡∂ß ‡∂Ö‡∑ê‡∂≠. ‡∂â‡∂©‡∂∏ ‡∂¥‡∂ª‡∑ä‡∂†‡∑É‡∑ä 15.85‡∂∫‡∑í. ‡∂∏‡∑í‡∂Ω ‡∂Ω‡∂ö‡∑ä‡∑Ç 365 ‡∂∫‡∑í. ‡∂∏‡∑í‡∂Ω ‡∂ú‡∂´‡∂±‡∑ä ‡∑É‡∑è‡∂ö‡∂†‡∑ä‚Äç‡∂†‡∑è ‡∂ö‡∂ª ‡∂ú‡∂≠ ‡∑Ñ‡∑ê‡∂ö.,7,2,"3,200.0 sqft",15.85 perches,
17,House for sale - Kadawatha,26 Jul  2:44 pm,"Kadawatha, Gampaha","27,500,000",‡∂ö‡∂©‡∑Ä‡∂≠ ‡∂±‡∂ú‡∂ª‡∂∫‡∂ß ‡∂Ö‡∑è‡∑É‡∂±‡∑ä‡∂±‡∑Ä ‡∂±‡∑î‡∑Ä‡∂ª ‡∂¥‡∑è‡∂ª‡∂ß ‡∂∏‡∑í‡∂ß‡∂ª‡∑ä 150 ‡∂ö ‡∂Ø‡∑î‡∂ª‡∑í‡∂±‡∑ä ‡∂Ö‡∂Ç‡∂ú ‡∑É‡∂∏‡∑ä‡∂¥‡∑î‡∂ª‡∑ä‡∂´ ‡∂±‡∑í‡∑Ä‡∑É‡∂ö‡∑ä ‡∑Ä‡∑í‡∂ö‡∑í‡∂´‡∑ì‡∂∏‡∂ß ‡∂Ö‡∑ê‡∂≠. ‡∂â‡∂©‡∂∏ ‡∂¥‡∂ª‡∑ä‡∂†‡∑É‡∑ä 18‡∂∫‡∑í. ‡∂∏‡∑í‡∂Ω ‡∂Ω‡∂ö‡∑ä‡∑Ç 275 ‡∂∫‡∑í.,5,1,"2,800.0 sqft",18.0 perches,
18,House in Kadawatha,26 Jul 10:38 am,"Kadawatha, Gampaha","9,200,000","Only 12 Valuable houses available in 63 Housing units.24 hours security service.Swimming pool with kiddies pool.open gym with children play aria.Reservation = 500,000/-Down payment = 25%Balance can pay 12 month interest free / Bank loan or prime finance loan.","Wabada rd, Kadawatha.",2,1,817.0 sqft,7.0 perches
19,Completed Luxury Model House for Sale in Kadawatha,27 Jul  9:35 am,"Kadawatha, Gampaha","30,000,000","House is 80% completed with all facilities.located in a highly residential area, facing to a paddy field in a lovely environment.¬†Four storeyed with roof top (more than 6,000 fts),¬†5 Bed Rooms (3 completed), One major room with timber attic (under construction),¬†5 bathrooms (3 completed),Servant's room & bathroom,Large sitting area,Dinning area,Pantry & kitchen,100% wooden Stair case with 84 steps),¬†Garage with 2 Parking Slots, 4 Balconies, Glass Cubical Balcony (under construction),50 meters to Kandy - Colombo road and very close to Kadawatha highway network.Most developing area in the country due to centre point of highway network. Close proximity to supermarkets, restaurants, Schools, government and private hospitals.¬†Rs. 30 Million. Price can be negotiated.","Colombo Kandy rd, Kadawatha, kirillawala.",5,5,"6,000.0 sqft",21.0 perches
20,"3 B/R Single Story House for Sale in Kadawatha,Ganemulla Rd",25 Jul 12:39 pm,"Kadawatha, Gampaha","13,500,000","3Bed Rooms Single Storey House for Sale in Ragama near Thewatte Church, Keselwatte.","Kadawatha, Ganemulla Road, Pokuna Junction.",3,1,"1,550.0 sqft",40.0 perches
21,Full Complete New House Sale In Kadawatha Delgoda,26 Jul  2:35 am,"Kadawatha, Gampaha","16,500,000","With 34 parches, Full Finished Complete House, Have all in one..Call For more information..","New Kandy Road, Kadawatha, Delgoda",5,4,"4,428.0 sqft",34.0 perches
22,"Two Storied House for Sale in Ragama road, Kadawatha.",24 Jul  9:39 am,"Kadawatha, Gampaha","10,500,000","Complete Two storied House for Sale or Rent in Ragama road, Pahala Karagahamuna, Kadawatha. Built on 6 Perches House and approx 2,400 Sq.Ft floor area with 4 bedrooms, 2 bathrooms (1 attached bathroom + Hot Water) 2 Living Rooms, 1 TV Lobby, Kitchen, 2 Balconies & Rooftop, Servant Toilet, Car porch.","Ayurvedha Junction, Ragama road",4,2,"2,400.0 sqft",6.0 perches
23,House for Sale Rambukkana,23 Jul  4:38 pm,"Kadawatha, Gampaha","3,000,000","Newly build house with flat land.10Km to Rambukkana Located next to KeladamubllaBed Rooms: 2Bath rooms: 1Large living roomopen kitchen area Full value: Rs.3,000,000Calm & decent Environment. Clear DeedsAll Facilities available.",Kurunegala road kela dambulla,2,1,"1,698.0 sqft",10.0 perches
24,"2 Story Solid House for Sale in Kadawatha, Soorigama Junction.",23 Jul  3:38 pm,"Kadawatha, Gampaha","14,500,000","2 Storey Solid House Sale in Kadawatha, Soorigama, Jaya Mawatha.(Near Kadawatha Bus Depot)","Kadawatha, Soorigama, Jaya Mawatha.",4,2,"2,250.0 sqft",10.0 perches
25,House with Land for Sale in Kadawatha,23 Jul  9:22 am,"Kadawatha, Gampaha","8,800,000",House with Land for Sale in Kadawatha===============================,4,1,"1,700.0 sqft",19.0 perches,
26,New Modern House for Sale in - Kadawata,22 Jul  2:30 pm,"Kadawatha, Gampaha","16,000,000","20 feet road Access.1.5 Km to Highway Entrance,2 Km to Kadawatha city01.5 Km to Colombo Kandy Main Road.01 Km to Gonahena Junction.",Ranmuthugala,4,3,"3,300.0 sqft",10.0 perches
27,Brand New Single Storey House for Sale in Kadawatha,22 Jul 12:18 pm,"Kadawatha, Gampaha","17,000,000",BRAND NEWSingle Story House with Terrace at Kadawatha.,"Kadawatha, Ganemulla Road, Eksath Mawatha",3,3,"1,750.0 sqft",13.5 perches
28,Brand New House in the Middle of Kadawatha Town,20 Jul  4:45 pm,"Kadawatha, Gampaha","21,000,000","Brand new luxury 3 story house for sale in the middle of Kadawatha town (250m to Kandy road along 20 feet wide road) on 10 perch square land with 45 feet road facing.1)	Living room/function hall of size 850 ft2 (can accommodate 150 participants at functions). 2)	5 bed rooms with 2 master bed rooms.3)	3 bath rooms on three floors.4)	2 kitchens on ground and first floors.5)	Car park for two vehicles.6)	Store room7)	Swimming pool of size 30m38)	15 ft wide access road with interlock paving.9)	Beautiful garden.10)	All flooring with 24‚Äùx24‚Äù tiles11)	All bath rooms and some internal and external walls with wall tiles.12)	Aluminum doors and windows.13)	Stainless steel railings.14)	Full AC with 7 Panasonic split AC unis (2 - 24000 btu, 4 ‚Äì 12000 btu, 1 ‚Äì 9000btu)15)	All LED lights with fittings.16)	Security camera system with 4 external cameras.17)	Good natural lighting and ventilation.18)	Suspension type floors with clear view from main entrance.19)	10 perch square land with 45 feet road facing.20)	9 ‚Äì 15 ft tall boundary walls around the land.21)	2 layers (thick and sheer) curtains for all doors and windows.22)	Roof with timber ceiling and Mack foil insulation.23)	Free from mosquitoes24)	Panoramic view from upper hill.25)	Strong and cool sea winds.26)	No floods, no landslides, no earthquakes.27)	Many supermarkets, all banks, regional government offices and other daily needs located within walking distance.28)	Easy access to Southern express, Airport express, Central express, Colombo, Kandy, Ragama and Ganemulla roads.29)	Very soon travelling time on express roads to major cities will be as follows,Kaduwela, Wattala 5 minsColombo fort, Rajagiriya, Battaramulla, Airport 10-15 minsKurunagala 45 minsGalle, Kandy 75 mins30)	Building design and construction supervision by a well-qualified and well-experienced Engineer.31)	UDA building approval and Certificate of Compliance available32) Loan can be arranged at very low interest rates.",5,3,"3,400.0 sqft",10.0 perches,
29,House for Sale - Kadawatha,25 Jul  4:37 pm,"Kadawatha, Gampaha","12,500,000","Two story House available for sale in kadawata,Ganemulla road ,Jaya Mawata ,",4,1,"2,600.0 sqft",10.0 perches,
30,Brand New House in the Middle of Kadawatha Town,20 Jul  4:45 pm,"Kadawatha, Gampaha","21,000,000","Brand new luxury 3 story house for sale in the middle of Kadawatha town (250m to Kandy road along 20 feet wide road) on 10 perch square land with 45 feet road facing.1)	Living room/function hall of size 850 ft2 (can accommodate 150 participants at functions). 2)	5 bed rooms with 2 master bed rooms.3)	3 bath rooms on three floors.4)	2 kitchens on ground and first floors.5)	Car park for two vehicles.6)	Store room7)	Swimming pool of size 30m38)	15 ft wide access road with interlock paving.9)	Beautiful garden.10)	All flooring with 24‚Äùx24‚Äù tiles11)	All bath rooms and some internal and external walls with wall tiles.12)	Aluminum doors and windows.13)	Stainless steel railings.14)	Full AC with 7 Panasonic split AC unis (2 - 24000 btu, 4 ‚Äì 12000 btu, 1 ‚Äì 9000btu)15)	All LED lights with fittings.16)	Security camera system with 4 external cameras.17)	Good natural lighting and ventilation.18)	Suspension type floors with clear view from main entrance.19)	10 perch square land with 45 feet road facing.20)	9 ‚Äì 15 ft tall boundary walls around the land.21)	2 layers (thick and sheer) curtains for all doors and windows.22)	Roof with timber ceiling and Mack foil insulation.23)	Free from mosquitoes24)	Panoramic view from upper hill.25)	Strong and cool sea winds.26)	No floods, no landslides, no earthquakes.27)	Many supermarkets, all banks, regional government offices and other daily needs located within walking distance.28)	Easy access to Southern express, Airport express, Central express, Colombo, Kandy, Ragama and Ganemulla roads.29)	Very soon travelling time on express roads to major cities will be as follows,Kaduwela, Wattala 5 minsColombo fort, Rajagiriya, Battaramulla, Airport 10-15 minsKurunagala 45 minsGalle, Kandy 75 mins30)	Building design and construction supervision by a well-qualified and well-experienced Engineer.31)	UDA building approval and Certificate of Compliance available32) Loan can be arranged at very low interest rates.",5,3,"3,400.0 sqft",10.0 perches,
31,2 Story House For Sale In Kirillawala Kandakapapu Junction,27 Jul  9:36 am,"Kadawatha, Gampaha","17,000,000","Modern 2 story house Disingned recently constructed Residential property 4 Bedrooms, 2 bedrooms and servent toilet Imported fittings fully tiledSitting, TV lobby, dining, kechen Teek timber flooring modern stair case 2 vehicle parking space. 2 main gate, garage, land size 10percher Owner migrating quick sale 17 million Negotiable Kandy Road to 1km, 10 minutes","Renagala Road, Kanda Kapaapu Junction Kirillawala",4,2,"2,000.0 sqft",10.0 perches
32,Brand New Single Storey House for Sale in Kadawatha,20 Jul 11:44 am,"Kadawatha, Gampaha","8,700,000","Kadawatha Kirillawala Brand New Single Storey House for Quick Sale.* 3 Bedrooms * 1Bathroom* 1Servant Bathroom* Parapet Wall and Roller GateHave a Nice Garden Fully TiledI-Pannel Ceiling,Car Porch.Superb House.","Kadawatha, Kirillawala",3,2,"1,200.0 sqft",8.0 perches
33,2story House for Sale in Kadawatha Eldeniya,27 Jul  9:36 am,"Kadawatha, Gampaha","27,500,000",2Storey  House for Sale in kadawatha eldeniya ,"swarna place, eldeniya, kadawatha",4,2,"2,300.0 sqft",10.25 perches
34,House in Kadawatha,18 Jul  4:27 pm,"Kadawatha, Gampaha","8,500,000","24 hours security service.Swimming pool with kiddies pool.Open gym with children play aria.Few valuable houses are available in 63 units.Reservation = 500,000/-Down payment = 25%Balance can pay 12 month interest free / Bank loan or prime finance loan.","Wabada rd, Kadawatha.",2,1,775.0 sqft,6.5 perches
35,House for Sale in Kirillawala,18 Jul  4:11 pm,"Kadawatha, Gampaha","6,500,000","House available     for Sale in Embarauwa, kirillawala","Embarauwa, Kirillawala, Kadawatha",3,1,"1,500.0 sqft",9.0 perches
36,Land for sale in Kadawatha Kirillawala,18 Jul  3:02 pm,"Kadawatha, Gampaha","14,000,000",‡∂ö‡∑ú‡∂Ω‡∂π ‡∂±‡∑î‡∑Ä‡∂ª ‡∂¥‡∑è‡∂ª‡∑ö ‡∂ö‡∑í‡∂ª‡∑í‡∂Ω‡∑ä‡∂Ω‡∑Ä‡∂Ω ‡∂±‡∑î‡∑Ä‡∂ª ‡∂¥‡∑è‡∂ª‡∂ß ‡∂∏‡∑è‡∂∫‡∑í‡∂∏‡∑ä‡∑Ä ‡∂¥‡∑í‡∑Ñ‡∑í‡∂ß‡∑è ‡∂á‡∂≠‡∑í ‡∂Ö‡∂ú‡∂±‡∑è ‡∂±‡∑í‡∑Ä‡∑É ‡∑Ä‡∑í‡∂ö‡∑í‡∂±‡∑ì‡∂∏‡∂ß ‡∂á‡∂≠. ‡∂ö‡∑í‡∂ª‡∑í‡∂Ω‡∑ä‡∂Ω‡∑Ä‡∂Ω ‡∂¢‡∂∫‡∂±‡∑ä‡∂≠‡∑í ‡∂¥‡∑ô‡∂Ø‡∑ô‡∑É.‡∂ö‡∂©‡∑Ä‡∂≠ ‡∂Ö‡∂Ø‡∑í‡∑Ä‡∑ö‡∂ú‡∑ì ‡∂¥‡∑í‡∑Ä‡∑í‡∑É‡∑î‡∂∏‡∂ß ‡∂∏‡∑í‡∂±‡∑í‡∂≠‡∑ä‡∂≠‡∑î 3. ‡∑É‡∑í‡∂∫‡∂Ω‡∑î‡∂∏ ‡∂¥‡∑Ñ‡∑É‡∑î‡∂ö‡∂∏‡∑ä ‡∑É‡∑Ñ‡∑í‡∂≠‡∂∫‡∑í.,4,2,"1,400.0 sqft",6.2 perches,
37,House For Sale - Kadawatha,18 Jul  2:55 pm,"Kadawatha, Gampaha","12,100,000","‡∂±‡∑î‡∑Ä‡∂ª  ‡∂¥‡∑è‡∂ª‡∂ß 100m  ‡∂ö‡∑í‡∂ª‡∑í‡∂∂‡∂≠‡∑ä‡∂ú‡∑ú‡∂©‡∂ß  1 1/2km ,‡∂ö‡∂©‡∑Ä‡∂≠‡∂ß 1 1/2km ‡∂Ø‡∑î‡∂ª‡∑í‡∂±‡∑ä  ‡∂¥‡∑í‡∑Ñ‡∑í‡∂ß‡∑í ‡∂Ö‡∂±‡∂ª‡∑ä‡∂ú ‡∂â‡∂©‡∂∏  ‡∑Ä‡∑í‡∂ö‡∑í‡∂±‡∑ì‡∂∏‡∂ß  ‡∑É‡∑í‡∂∫‡∂Ω‡∑î‡∂∏  ‡∂¥‡∑Ñ‡∑É‡∑î‡∂ö‡∂∏‡∑ä  ‡∑É‡∑Ñ‡∑í‡∂≠‡∂∫‡∑í .‡∂¢‡∂±‡∑è‡∂∞‡∑í‡∂¥‡∂≠‡∑í  ‡∑Ä‡∑í‡∂Ø‡∑ä‚Äç‡∂∫‡∑è‡∂Ω‡∂∫ ,‡∑Ä‡∑í‡∑Ñ‡∑è‡∂ª ‡∂∏‡∑Ñ‡∑è‡∂Ø‡∑ö‡∑Ä‡∑í ‡∑Ä‡∑í‡∂Ø‡∑î‡∑Ñ‡∂Ω‡∂ß  ‡∂Ü‡∑É‡∂±‡∑ä‡∂±‡∑Ä ‡∂á‡∂≠ .‡∂¥‡∑í‡∂ª‡∑í‡∑É‡∑í‡∂Ø‡∑î  ‡∂î‡∂¥‡∑ä‡∂¥‡∑î  ‡∂¢‡∂±‡∑è‡∂∞‡∑í‡∂¥‡∂≠‡∑í  ‡∑Ä‡∑í‡∂Ø‡∑î‡∑Ñ‡∂Ω  ‡∂â‡∂Ø‡∑í‡∂ª‡∑í‡∂¥‡∑í‡∂ß",2,1,"1,200.0 sqft",11.0 perches,
38,"Two Storied House for Sale at Mahara, Kadawatha, facing Kandy Road.",23 Jul 10:06 am,"Kadawatha, Gampaha","55,000,000","Two Storied House for Sale in Mahara, Kadawatha, facing Kandy Road (near Sweet House). House built on 17.30 perches Land area. Fully Tiled House Consist 4 bedrooms, 2 Attach bathrooms, Hot water, Living, Dining Area, Pantry, kitchen, Veranda, Garage, Boundary Wall, Servant toilet and Room.Close proximity to Leading Banks, Super Markets, Kandy textile and Thilakawardana textile, Hospitals, Government & International schools.",Pahala Biyanwila,4,2,"2,000.0 sqft",17.3 perches
39,Single Story House and 2 for Sale in Mawaramandiya,27 Jul  9:36 am,"Kadawatha, Gampaha","31,000,000","Single Storey House and 2 story house Sale in Kadawatha, mawaramandiya Road","mawaramandiya Road, kadawatha",8,4,"3,000.0 sqft",43.0 perches
40,"New Morden 3 Story House For Sale In Kadawatha, Kirillawala",27 Jul  9:35 am,"Kadawatha, Gampaha","25,000,000","House is 80% completed with all facilities.located in a highly residential area, facing to a paddy field in a lovely environment.¬†Four storeyed with roof top (more than 6,000 fts),¬†5 Bed Rooms (3 completed), One major room with timber attic (under construction),¬†5 bathrooms (3 completed),Servant's room & bathroom,Large sitting area,Dinning area,Pantry & kitchen,100% wooden Stair case with 84 steps),¬†Garage with 2 Parking Slots, 4 Balconies, Glass Cubical Balcony (under construction),50 meters to Kandy - Colombo road and very close to Kadawatha highway network.Most developing area in the country due to centre point of highway network. Close proximity to supermarkets, restaurants, Schools, government and private hospitals.¬†Rs. 30 Million. Price can be negotiated.","Colombo Kandy rd,Kadawatha, kirillawala",5,5,"6,000.0 sqft",21.0 perches
41,House with Land for Sale in Kadawatha,27 Jul  6:17 pm,"Kadawatha, Gampaha","5,800,000",‡∂±‡∑í‡∑Ä‡∑É‡∂ö‡∑ä_‡∑É‡∂∏‡∂ü_‡∂â‡∂©‡∂∏‡∂ö‡∑ä_‡∑Ä‡∑í‡∂ö‡∑í‡∂´‡∑ì‡∂∏‡∂ß_‡∂á‡∂≠,"kadawatha, ragama",2,1,"1,200.0 sqft",16.2 perches
42,2 Storey House for Sale in Kadawatha.,14 Jul  7:27 am,"Kadawatha, Gampaha","18,500,000",2 Storey House For Sale Kadawatha...-----------------------700.meters to kandy Road,ranmuthugala kadawatha,5,2,"2,850.0 sqft",13.0 perches
43,"Two Story House for Sale in Ragama Road, Kadawatha.",23 Jul 10:06 am,"Kadawatha, Gampaha","18,000,000","Two Story House built on 10.5 perches land for sale in Ragama Road, Smack Junction, Kadawatha. 300 meters away from Smack Junction.  The house with approx. 2000 sq.ft with a pleasing and serene environment with excellent neighborhood. House consist 4 bedrooms, 2 bathrooms, living & dining rooms, pantry, Parapet wall right round, Servant Rooms Toilet etc.","Ragama Road, Jayasinghe Mw",4,2,"2,000.0 sqft",10.5 perches
44,Residential House for Sale - Kadawatha,12 Jul  4:09 pm,"Kadawatha, Gampaha","15,000,000",02 storyed  house in good residential area. [Situated in road opposite the  Saminro Reception Hall - Kadawatha Ganemulla road],4,2,"2,588.0 sqft",10.0 perches,
45,Houses for Sale in Kadawatha,23 Jul 12:13 pm,"Kadawatha, Gampaha","29,000,000","Land with 2 Houses - One Story House and 2 Story Annex 3 phase Electricity Pipe Waterline 100m for Cagils food city, Filling station, Pepols bank & Other banks ATM facility 2Km for Kadawatha town100m for 234 bus root (Delgoda - Pettah)10 minutes for Sothern High way entrance  Quite, peaceful environment & decent neighbors","Mankada Road, Kadawatha",4,1,"2,400.0 sqft",43.0 perches
46,House For Sale In Kadawatha,12 Jul  3:41 pm,"Kadawatha, Gampaha","9,000,000",#Colaba nuwara parata ithaamath ikmanin piwisiyaheki. #Niraul oppu sahetha perch 19.5ka idama#Angasampurna niwasakin samanwithai#adiweegi margayata 2.5km #Kadawatha nagarayata 2.5km ,"481/3, ‡∂â‡∑Ñ‡∂Ω ‡∂∂‡∑í‡∂∫‡∂±‡∑ä‡∑Ä‡∑í‡∂Ω,‡∂ö‡∂©‡∑Ä‡∂≠",3,1,"1,600.0 sqft",19.5 perches
47,House for Sale in Mahara,12 Jul 10:13 am,"Kadawatha, Gampaha","21,000,000",House for Sale in Mahara=================,"No.361/3, 5th Lane, Jinasena Mawatha, Mahara, Kadawatha",4,4,"3,000.0 sqft",19.9 perches
48,House for Sale - Kadawatha,25 Jul  9:01 pm,"Kadawatha, Gampaha","13,000,000",Only 11 Plots available with this house,"Orchid Villa Housing Project, Hettikanda Road , Parakandeniya , Kadawatha",3,3,"1,250.0 sqft",12.5 perches
49,2 Story House for Sale in Kadawatha,27 Jul  9:36 am,"Kadawatha, Gampaha","11,500,000",2 Storey House For Sale in kadawatha Ragama  Rd,"kadawatha, Ragama Road",6,2,"2,500.0 sqft",16.0 perches
50,Luxury house for sale in Kadawatha,11 Jul  1:15 pm,"Kadawatha, Gampaha","8,000,000",DETAILS ,Kadawatha Weboda Road,3,2,751.0 sqft,6.5 perches
51,House with Fully Completed Ground Floor and 20 Perches Land Ragama,11 Jul  8:54 am,"Kadawatha, Gampaha","11,500,000",‡∂ö‡∂©‡∑Ä‡∂≠ ‡∂ª‡∑è‡∂ú‡∂∏ ‡∂¥‡∑è‡∂ª‡∑ö ‡∂¥‡∂ª‡∑ä‡∂†‡∑É‡∑ä 20‡∂ö ‡∂â‡∂©‡∂∏‡∑ö ‡∂¥‡∑í‡∑Ñ‡∑í‡∂ß‡∑í ‡∂±‡∑Ä ‡∂±‡∑í‡∑Ä‡∑É ‡∑Ä‡∑í‡∂ö‡∑í‡∂´‡∑ì‡∂∏‡∂ß ‡∂á‡∂≠.,"Prison Road, Ragama",2,1,"2,000.0 sqft",20.0 perches
52,Fully Completed House for Sale - Kadawatha,24 Jul  5:11 pm,"Kadawatha, Gampaha","35,000,000",1Km from Kadawatha Town10 minutes for Highway Entrance4000 Sq Ft10 - 12 vehicle parking facilityFully Tiled / Hot Water 01 Attached Bathroom & 01 Common BathroomServants ToiletParapet wall around the premises,Ganemulla Road,5,2,"4,000.0 sqft",30.0 perches
53,House For Sale In Kadawatha,10 Jul  4:24 pm,"Kadawatha, Gampaha","18,500,000",House For Sale In Kadawatha=========================,"Ranmuthugala, Kadawatha",3,2,"2,380.0 sqft",12.0 perches
54,Single Story House for Sale in Mahara Kadawatha,27 Jul  9:36 am,"Kadawatha, Gampaha","30,000,000",Single  House for Sale in mahara kadawatha ,"mahara Junction, Aksath wm",3,2,"1,800.0 sqft",20.2 perches
55,Single Story House for Sale in Kadawatha Bangalawaththa Rd,27 Jul  9:36 am,"Kadawatha, Gampaha","7,000,000",single Storey  House for Sale in kadawatha Bandarawatta Rd,"Bandarawatta Road, karagahamuna",3,1,"1,200.0 sqft",9.0 perches
56,Brand New House in the Middle of Kadawatha Town,20 Jul  4:45 pm,"Kadawatha, Gampaha","21,000,000","Brand new luxury 3 story house for sale in the middle of Kadawatha town (250m to Kandy road along 20 feet wide road) on 10 perch square land with 45 feet road facing.1)	Living room/function hall of size 850 ft2 (can accommodate 150 participants at functions). 2)	5 bed rooms with 2 master bed rooms.3)	3 bath rooms on three floors.4)	2 kitchens on ground and first floors.5)	Car park for two vehicles.6)	Store room7)	Swimming pool of size 30m38)	15 ft wide access road with interlock paving.9)	Beautiful garden.10)	All flooring with 24‚Äùx24‚Äù tiles11)	All bath rooms and some internal and external walls with wall tiles.12)	Aluminum doors and windows.13)	Stainless steel railings.14)	Full AC with 7 Panasonic split AC unis (2 - 24000 btu, 4 ‚Äì 12000 btu, 1 ‚Äì 9000btu)15)	All LED lights with fittings.16)	Security camera system with 4 external cameras.17)	Good natural lighting and ventilation.18)	Suspension type floors with clear view from main entrance.19)	10 perch square land with 45 feet road facing.20)	9 ‚Äì 15 ft tall boundary walls around the land.21)	2 layers (thick and sheer) curtains for all doors and windows.22)	Roof with timber ceiling and Mack foil insulation.23)	Free from mosquitoes24)	Panoramic view from upper hill.25)	Strong and cool sea winds.26)	No floods, no landslides, no earthquakes.27)	Many supermarkets, all banks, regional government offices and other daily needs located within walking distance.28)	Easy access to Southern express, Airport express, Central express, Colombo, Kandy, Ragama and Ganemulla roads.29)	Very soon travelling time on express roads to major cities will be as follows,Kaduwela, Wattala 5 minsColombo fort, Rajagiriya, Battaramulla, Airport 10-15 minsKurunagala 45 minsGalle, Kandy 75 mins30)	Building design and construction supervision by a well-qualified and well-experienced Engineer.31)	UDA building approval and Certificate of Compliance available32) Loan can be arranged at very low interest rates.",5,3,"3,400.0 sqft",10.0 perches,
57,House for Sale in Kadawatha,25 Jul 12:53 pm,"Kadawatha, Gampaha","4,900,000","*‡∂â‡∂ö‡∑ä‡∂∏‡∂±‡∑ä ‡∂¥‡∂Ø‡∑í‡∂Ç‡∂†‡∑í ‡∑Ä‡∑ì‡∂∏‡∂ß ‡∑Ñ‡∑ê‡∂ö‡∑í ‡∑É‡∑í‡∂∫‡∂Ω‡∑î ‡∂¥‡∑Ñ‡∑É‡∑î‡∂ö‡∂∏‡∑ä ‡∑Ä‡∂Ω‡∑í‡∂±‡∑ä ‡∑É‡∂∏‡∂±‡∑ä‡∑Ä‡∑í‡∂≠ ‡∂ö‡∂©‡∑Ä‡∂≠ ‡∂±‡∂ú‡∂ª‡∂∫ ‡∑É‡∑Ñ ‡∂Ö‡∂∞‡∑í‡∑Ä‡∑ö‡∂ú‡∑ì ‡∑É‡∑í‡∑Ä‡∑ä‡∂∏‡∂±‡∑ä‡∑É‡∂Ω‡∂ß  ‡∂â‡∂≠‡∑è‡∂∏‡∂≠‡∑ä ‡∂Ü‡∑É‡∂±‡∑ä‡∂±‡∂∫‡∑ö ‡∂¥‡∑í‡∑Ñ‡∑í‡∂ß‡∑è ‡∂á‡∂≠ .* ‡∂ö‡∂©‡∑Ä‡∂≠ ‡∑É‡∑î‡∂ª‡∑í‡∂ú‡∂∏ ‡∑Ñ‡∂±‡∑ä‡∂Ø‡∑í‡∂∫‡∑ö ‡∑É‡∑í‡∂ß 450m  / ‡∂ú‡∑è‡∂∏‡∑í‡∂´‡∑í ‡∂∏‡∑è‡∑Ä‡∂≠ ‡∂Ø‡∑ô‡∑É‡∑í‡∂±‡∑ä ‡∑É‡∑î‡∂ª‡∑í‡∂ú‡∂∏ ‡∑Ñ‡∂±‡∑ä‡∂Ø‡∑í‡∂∫‡∂ß 600m  / ‡∂ú‡∑è‡∂∏‡∑í‡∂´‡∑í ‡∂∏‡∑è‡∑Ä‡∂≠  ‡∂Ø‡∑ô‡∑É‡∑í‡∂±‡∑ä ‡∂Ö‡∂Ω‡∑í‡∂∫‡∑è ‡∑Ä‡∂Ç‡∂ú‡∑î‡∑Ä‡∂ß 650m . (‡∂ö‡∂©‡∑Ä‡∂≠ ‡∑É‡∑í‡∂ß ‡∑É‡∑î‡∂ª‡∑í‡∂ú‡∂∏ ‡∑Ñ‡∂±‡∑ä‡∂Ø‡∑í‡∂∫‡∂ß 2 km) .  ‡∂ª‡∑è‡∂ú‡∂∏‡∂ß 3km ‡∂¥‡∂∏‡∂´  . ‡∂ú‡∑è‡∂∏‡∑í‡∂´‡∑ì ‡∂∏‡∑è‡∑Ä‡∂≠‡∂ß ‡∂∏‡∑î‡∑Ñ‡∑î‡∂´‡∂Ω‡∑è ‡∂¥‡∑í‡∑Ñ‡∑í‡∂ß‡∑í ‡∑Ä‡∂ß‡∑í‡∂±‡∑è ‡∂â‡∂©‡∂∏.* ‡∂Ö‡∂∫‡∑í‡∂≠‡∑í‡∂ö‡∂ª‡∑î ‡∑Ä‡∑í‡∂Ø‡∑ö‡∑Å ‡∂ú‡∂≠ ‡∑Ä‡∑ì‡∂∏‡∂ß ‡∂Ö‡∂¥‡∑ö‡∂ö‡∑ä‡∑Ç‡∑è ‡∂ö‡∂ª‡∂± ‡∂∂‡∑ê‡∑Ä‡∑í‡∂±‡∑ä ‡∂â‡∂≠‡∑è ‡∂â‡∂ö‡∑ä‡∂∏‡∂±‡∑ä ‡∑Ä‡∑í‡∂ö‡∑í‡∂´‡∑ì‡∂∏‡∂ß ‡∂â‡∑Ñ‡∂Ω‡∂∏ ‡∂â‡∂Ω‡∑ä‡∂Ω‡∑î‡∂∏‡∂ß.* ‡∂ú‡∑ö‡∂ß‡∑ä‡∂ß‡∑î, ‡∂±‡∑í‡∑Ä‡∑É ‡∑Ä‡∂ß‡∑ö‡∂∏ ‡∂≠‡∑è‡∂¥‡∑ä‡∂¥‡∂∫ , ‡∂±‡∂Ω ‡∂¢‡∂Ω‡∂∫, ‡∑Ä‡∑í‡∂Ø‡∑î‡∂Ω‡∑í‡∂∫ , ‡∑É‡∂ö‡∑É‡∑ä ‡∂ö‡∂ª‡∂± ‡∂Ω‡∂Ø ‡∂∏‡∑í‡∂Ø‡∑î‡∂Ω  , ‡∑É‡∑è‡∂∏‡∂ö‡∑è‡∂∏‡∑ì ‡∂±‡∑í‡∑É‡∑ä‡∂ö‡∂Ω‡∂Ç‡∂ö ‡∂¥‡∂ª‡∑í‡∑É‡∂ª‡∂∫ , ‡∑É‡∑î‡∑Ñ‡∂Ø ‡∑Å‡∑ì‡∂Ω‡∑ì ‡∑Ä‡∑ê‡∂Ø‡∂ú‡∂≠‡∑ä ‡∂Ö‡∑É‡∂Ω‡∑ä‡∑Ä‡∑ê‡∑É‡∑í‡∂∫‡∂±‡∑ä .‡∂±‡∑í‡∑Ä‡∑É‡∑ö ‡∑Ä‡∑í‡∑É‡∑ä‡∂≠‡∂ª : ‡∑É‡∑è‡∂Ω‡∂∫ , ‡∂ö‡∑î‡∂©‡∑è ‡∂ö‡∑è‡∂∏‡∂ª 2 , ‡∂∏‡∑î‡∑Ö‡∑î‡∂≠‡∑ê‡∂±‡∑ä ‡∂ú‡∑ô‡∂∫ , ‡∂±‡∑è‡∂± ‡∂ö‡∑è‡∂∏‡∂ª‡∂∫ , ‡∂ö‡∑ë‡∂∏ ‡∂ö‡∑è‡∂∏‡∂ª‡∂∫ , ‡∂±‡∑í‡∑Ä‡∑É‡∑í‡∂±‡∑ä ‡∂∂‡∑ê‡∑Ñ‡∑ê‡∂ª ‡∑É‡∑ö‡∑Ä‡∂ö ‡∑Ä‡∑ê‡∑É‡∑í‡∂ö‡∑í‡∂Ω‡∑í‡∂∫ , ‡∂∏‡∑î‡∑Ö‡∑î ‡∂±‡∑í‡∑Ä‡∑É‡∂∏ ‡∂ß‡∂∫‡∑í‡∂Ω‡∑ä ‡∂ö‡∂ª‡∂± ‡∂Ω‡∂Ø , ‡∂∏‡∑î‡∑Ö‡∑î ‡∂±‡∑í‡∑Ä‡∑É‡∂∏ ‡∑É‡∑í‡∑Ä‡∑í‡∂Ω‡∑í‡∂∏ ‡∂ú‡∑É‡∑è ‡∂á‡∂≠ .","156/C/1, MaharaNugegoda, Kadawatha",2,1,600.0 sqft,9.0 perches
58,Single Story House for Sale in Amunugoda,27 Jul  9:36 am,"Kadawatha, Gampaha","8,500,000","Single Story  House for Sale in Amunugoda Road kudumirisa, Ibulgoda ",Amunugoda Road kudumirisa Ibulgoda,2,1,"1,400.0 sqft",20.5 perches
59,House for Sale in Kadawatha,10 Jul 11:42 am,"Kadawatha, Gampaha","27,000,000",House for sale in Kadawatha=====================,4,2,"2,200.0 sqft",43.0 perches,
60,Single Story House for Sale in Kadawatha Hettikanda Road,27 Jul  9:36 am,"Kadawatha, Gampaha","13,500,000","1 Storey Brand new Luxury House for Sale in Kadawatha, hettikanda ","hettikanda, parakandeniya Ibulgoda",3,4,"1,250.0 sqft",12.5 perches
61,"2 Story House for Sale in Kadawatha Kirillawala, Suhada Mawatha",27 Jul  9:36 am,"Kadawatha, Gampaha","4,900,000",2 Storey House For Sale in Kirillawala suhada mawatha ,"Kirillawala, suhada mawatha",3,2,"1,200.0 sqft",5.75 perches
62,Brand New 2 Story House for Sale in Kadawatha, 9 Jul  5:44 pm,"Kadawatha, Gampaha","17,500,000","* Brand New 2 Story House in Living Conditions* Water , Electricity Facilities* vehicle Parking facility available * Surrounded by private wall & gate*  1.5 km to Colombo ‚Äì Kandy Main Road *  10 minute   Food City, keells, & Bank* 17500000 Laks‡∂ö‡∑ú‡∑Ö‡∂π ‡∂±‡∑î‡∑Ä‡∂ª ‡∂¥‡∑ä‚Äç‡∂ª‡∂∞‡∑è‡∂± ‡∂¥‡∑è‡∂ª‡∂ß 1.5km ‡∂Ø‡∑î‡∂ª‡∑í‡∂±‡∑ä ‡∑É‡∑í‡∂∫‡∑Ö‡∑î ‡∂¥‡∑Ñ‡∑É‡∑î‡∂ö‡∂∏‡∑ä ‡∑É‡∑Ñ‡∑í‡∂≠ ‡∂¥‡∂Ø‡∑í‡∂Ç‡∂†‡∑í‡∂∫‡∂ß ‡∑É‡∑î‡∂Ø‡∑î‡∑É‡∑î ‡∂Ö‡∂Ç‡∂ú ‡∑É‡∂∏‡∑ä‡∂¥‡∑ñ‡∂ª‡∑ä‡∂´ ‡∂Ø‡∑ô‡∂∏‡∑Ñ‡∂Ω‡∑ä ‡∂±‡∑í‡∑Ä‡∑É ‡∂Ω‡∂ö‡∑ä‡∑Ç 175 ‡∂ö‡∂ß, ‡∑Ä‡∑Ñ‡∑è‡∂∏ ‡∑Ä‡∑í‡∂ö‡∑í‡∂´‡∑ì‡∂∏‡∂ß. ‡∂¥‡∂ª‡∑ä‡∂†‡∑É‡∑ä 20 ‡∂ö ‡∂â‡∂©‡∂∏‡∑ö ‡∂â‡∂Ø‡∑í‡∂ö‡∂ª ‡∂á‡∂≠‡∑í ‡∂Ø‡∑ô‡∂∏‡∑Ñ‡∂Ω‡∑ä ‡∂±‡∑í‡∑Ä‡∑É ‡∂±‡∑í‡∂Ø‡∂± ‡∂ö‡∑è‡∂∏‡∂ª 03 ‡∂∫‡∑í, ‡∂±‡∑è‡∂± ‡∂ö‡∑è‡∂∏‡∂ª 02 ‡∂∫‡∑í, ‡∑Ä‡∑í‡∑É‡∑í‡∂≠‡∑ä‡∂≠ ‡∂ö‡∑è‡∂∏‡∂ª‡∂∫, ‡∂ö‡∑ë‡∂∏ ‡∂ö‡∑è‡∂∏‡∂ª‡∂∫ ‡∑Ñ‡∑è ‡∂ö‡∑î‡∑É‡∑ä‡∑É‡∑í‡∂∫ ‡∑É‡∑Ñ‡∑í‡∂≠‡∑Ä ‡∂±‡∑í‡∂∏‡∑Ä‡∑è ‡∂á‡∂≠.‡∑Ä‡∑í‡∂Ø‡∑î‡∂Ω‡∑í‡∂∫, ‡∂¢‡∂Ω‡∂∫, ‡∂Ø‡∑î‡∂ª‡∂ö‡∂Æ‡∂±,  ‡∑Ä‡∑è‡∑Ñ‡∂± ‡∂±‡∑ê‡∑Ä‡∑ê‡∂≠‡∑ä‡∑Ä‡∑ì‡∂∏‡∑ö ‡∂¥‡∑Ñ‡∑É‡∑î‡∂ö‡∂∏‡∑ä, ‡∂á‡∂≠‡∑î‡∂Ω‡∑î ‡∑É‡∑í‡∂∫‡∑Ö‡∑î ‡∂¥‡∑Ñ‡∑É‡∑î‡∂ö‡∂∏‡∑ä ‡∑É‡∑Ñ‡∑í‡∂≠‡∂∫‡∑í.‡∂∏‡∑í‡∂Ω ‡∂ú‡∂´‡∂±‡∑ä ‡∑É‡∑è‡∂ö‡∂†‡∑ä‡∂°‡∑è ‡∂ö‡∂ª ‡∂ú‡∂≠ ‡∑Ñ‡∑ê‡∂ö","Gonahena , Kadawatha",3,2,"1,200.0 sqft",20.0 perches
63,Brand New 3BR House for Sale in Kirillawala, 9 Jul  3:18 pm,"Kadawatha, Gampaha","4,500,000",Brand New 3BR House for Sale in Kirillawala3 Bedrooms1 BathroomKitchen10 Perches LandHouse Area: 9.5 Perches1km to Weliweriya Road2km from Kirillawala TownUrgent Sale Due to Owner MigrationNo BrokersLast Selling Price: Rs.45 LakhsCall for More Details,1km to Weliweriya Road,3,1,"1,800.0 sqft",10.0 perches
64,House for Sale - Kadawatha, 9 Jul  2:24 pm,"Kadawatha, Gampaha","4,700,000",‡∂Ø‡∑ô‡∂Ω‡∑ä‡∂ú‡∑ú‡∂©  ‡∂±‡∑î‡∑Ä‡∂ª  ‡∂¥‡∑è‡∂ª‡∂ß  20 M  ‡∂Ø‡∑î‡∂ª‡∑î‡∂±‡∑ä  ‡∑Ä‡∂ß  ‡∂≠‡∑è‡∂¥‡∑ä‡∂¥  ‡∑Ä‡∑è‡∑Ñ‡∂±  ‡∂±‡∑ê‡∑Ä‡∂≠‡∑ä  ‡∂≠‡∑ì‡∂∏‡∑ö  ‡∂¥‡∑Ñ‡∑É‡∑î‡∂ö‡∂∏‡∑ä  ‡∂±‡∑í‡∑Ä‡∑É  ‡∑Ä‡∑í‡∂ö‡∑í‡∂±‡∑ì‡∂∏‡∂ß,2,2,800.0 sqft,8.5 perches,
65,House for Sale - Kadawatha, 8 Jul  6:15 pm,"Kadawatha, Gampaha","32,500,000","‡∂ö‡∂©‡∑Ä‡∂≠ ‡∂±‡∂ú‡∂ª‡∂∫‡∑ö  ‡∑É‡∑í‡∂ß 1 1/2 km  ‡∂Ø‡∑î‡∂ª‡∑í‡∂±‡∑ä‡∂Ø  ‡∂ª‡∑è‡∂ú‡∂∏  ‡∂±‡∂ú‡∂ª‡∂∫‡∂ß 1/12km  ‡∂±‡∑ê‡∂Ω‡∑í‡∂ú‡∂∏  ‡∑Ñ‡∂±‡∑ä‡∂Ø‡∑í‡∂∫‡∑ö  4‡∂∏‡∑Ñ‡∂Ω ‡∂Ö‡∂Ç‡∂ú ‡∑É‡∂∏‡∑ä‡∂¥‡∑î‡∂ª‡∑ä‡∂´  ‡∂±‡∑í‡∑Ä‡∑É  ‡∂∂‡∑ê‡∂Ω‡∑ä‡∂ö‡∂±‡∑í ‡∂Ø‡∑ô‡∂ö‡∂ö‡∑ä‡∂Ø ,‡∂â‡∑Ñ‡∂Ω  ‡∂∏‡∑Ñ‡∂Ω‡∑ö  ‡∂ã‡∂≠‡∑ä‡∑É‡∑Ä  ‡∂Ö‡∑Ä‡∑É‡∑ä‡∂Æ‡∑è‡∑Ä‡∂ö‡∂ß  ‡∑É‡∂ª‡∑í‡∂Ω‡∂±  ‡∂¥‡∂ª‡∑í‡∂Ø‡∑í ‡∑É‡∂Ø‡∑è  ‡∂á‡∂≠ .‡∂∏‡∂±‡∂ª‡∂∏‡∑ä ‡∂ú‡∑ô‡∑Ä‡∂≠‡∑ä‡∂≠‡∂ö‡∑ä‡∂Ø  ‡∂ë‡∑Ñ‡∑í  ‡∑Ä‡∑è‡∑Ñ‡∂± 10‡∂ö‡∑ä  ‡∂¥‡∂∏‡∂´  ‡∂±‡∑Ä‡∂≠‡∑è  ‡∂≠‡∑ê‡∂∂‡∑í‡∂∫  ‡∑Ñ‡∑ê‡∂ö .A /C  ‡∂ö‡∂ª ‡∂Ω‡∂Ø  ‡∂±‡∑í‡∂Ø‡∂± ‡∂ö‡∑è‡∂∏‡∂ª‡∂∫‡∂ö‡∑ä ‡∑É‡∑Ñ ‡∂≠‡∑Ä‡∂≠‡∑ä ‡∂ö‡∑è‡∂∏‡∂ª 3‡∑É‡∑Ñ ‡∂±‡∑è‡∂± ‡∂ö‡∑è‡∂∏‡∂ª  ‡∂≠‡∑î‡∂±‡∂ö‡∑í‡∂±‡∑ä ‡∂∫‡∑î‡∂≠‡∑ä  ‡∂±‡∑í‡∑Ä‡∑É  ‡∑Ä‡∑í‡∂ö‡∑í‡∂±‡∑ì‡∂∏‡∂ß ‡∂á‡∂≠ .",330/A ‡∂±‡∑ê‡∂Ω‡∑í‡∂ú‡∂∏  ‡∂ª‡∑è‡∂ú‡∂∏ .,4,3,"2,750.0 sqft",17.5 perches
66,2 Story House for Sale in - Kadawatha,27 Jul  9:36 am,"Kadawatha, Gampaha","9,500,000",2 Storey House For Sale kadawatha ihalakaragahamuna Road ,ihalakaragahamuna Road kadawatha,5,2,"1,500.0 sqft",10.0 perches
67,House for Sale in Kadawatha, 8 Jul  1:20 pm,"Kadawatha, Gampaha","8,300,000","24 hours security service.Swimming pool with kiddies pool.Open gym with children play aria.Few Houses are available.Reservation = 500,000/-Down payment = 25%Balance can pay 12 month interest free / Bank loan or prime finance loan.","Wabada rd, Kadawatha.",2,1,775.0 sqft,6.5 perches
68,"4 B /R Single Storey House for Sale in Kadawatha,Ganemulla Road.", 8 Jul 12:35 pm,"Kadawatha, Gampaha","15,500,000","4 Bed Rooms House for Sale in Kadawatha,Ganemulla Road,eke(1)Kanuwa Junction(Only Land Value)","Kadawatha,Ganemulla Road.",4,4,"1,200.0 sqft",15.0 perches
69,Super Luxury Half 2 Story House for Sale - Eldeniya,27 Jul  9:36 am,"Kadawatha, Gampaha","39,000,000",New Morden Brand New 2 story House for Sale in kadawatha eldeniya ,kandy kadawatha Road..eldeniya,3,2,"2,800.0 sqft",23.0 perches
70,House For Sale In Kadawatha, 6 Jul 11:14 am,"Kadawatha, Gampaha","7,500,000",10 perches1400sqfBed room 03Bathroom 01DinningKitchenPantryElectricityWaterServant Toilet‡∂ö‡∂©‡∑Ä‡∂≠ ‡∂ö‡∑ú‡∑Ö‡∂î ‡∂±‡∑î‡∑Ä‡∂ª ‡∂¥‡∑è‡∂ª‡∂ß ‡∑Ä‡∑í‡∂±‡∑è‡∂©‡∑í 5 ‡∂Ω‡∂Ç‡∂ö‡∑è‡∑Ä‡∑ô‡∑í ‡∂ï‡∂±‡∑ë‡∂∏ ‡∂≠‡∑ê‡∂±‡∂ö‡∂ß ‡∂∫‡∑è ‡∑Ñ‡∑ê‡∂ö‡∑í ‡∑É‡∑í‡∂∫‡∂Ω‡∑î‡∂¥‡∑Ñ‡∑É‡∑î‡∂ö‡∂∏‡∑í ‡∂á‡∂≠‡∑í‡∑Ä ‡∑Ä‡∑è‡∑É‡∑ä‡∂≠‡∑î ‡∑Ä‡∑í‡∂Ø‡∑ä‚Äç‡∂∫‡∑è‡∑Ä‡∂ß ‡∂Ö‡∂±‡∑î‡∂ö‡∑î‡∂Ω‡∑Ä ‡∂â‡∂Ø‡∑í‡∂ö‡∂Ω ‡∂¥‡∂Ø‡∑í‡∂Ç‡∂†‡∑í ‡∂±‡∑ú‡∑Ä‡∑î ‡∂Ö‡∂Ω‡∑î‡∂≠‡∑ä‡∂∏ ‡∂±‡∑í‡∑Ä‡∑É ‡∂ö‡∂©‡∑Ä‡∂≠‡∂±‡∂ú‡∂ª‡∂∫‡∂ß ‡∂∏‡∑è‡∑Ä‡∂ª‡∂∏‡∂´‡∑ä‡∂©‡∑í‡∂∫‡∂ß ‡∂ö‡∑í‡∂ª‡∑í‡∂∂‡∂≠‡∑ä‡∂ú‡∑ú‡∂© ‡∂±‡∂ú‡∂ª‡∑Ä‡∂Ω‡∂ß ‡∂¥‡∑Ñ‡∑É‡∑î‡∑Ä‡∑ô‡∂±‡∑ä ‡∂Ω‡∂ú‡∑è‡∑Ä‡∑í‡∂∫ ‡∑Ñ‡∑ê‡∂ö ‡∂Ö‡∂©‡∑í 20‡∂¥‡∑î‡∑Ö‡∑î‡∂Ω‡∑ä ‡∂∏‡∑è‡∂ª‡∑ä‡∂ú‡∂∫‡∂ö‡∂ß ‡∂∏‡∑î‡∑Ñ‡∑î‡∂´‡∂Ω‡∑è ‡∑Ä‡∑ê‡∂Ø‡∂ú‡∂≠‡∑ä ‡∑Ä‡∂ß‡∂¥‡∑í‡∂ß‡∑è‡∑Ä‡∂ö‡∑ä ‡∂¥‡∑í‡∂ª‡∑í‡∑É‡∑í‡∂Ø‡∑î ‡∂î‡∂¥‡∑ä‡∂¥‡∑î ‡∑Ä‡∑è‡∑Ñ‡∂± ‡∂±‡∑ê‡∑Ä‡∂≠‡∑ì‡∂∏‡∑ö ‡∂¥‡∑Ñ‡∑É‡∑î‡∂ö‡∂∏‡∑í ‡∂á‡∂≠,kadawatha,3,1,"1,400.0 sqft",10.0 perches
71,House for Sale - Ragama, 6 Jul  9:46 am,"Kadawatha, Gampaha","3,500,000","House for sell , at Ragama , Ranawiru mawataha, 4 km from Ragama town with .electricity and water facilities.. (NO BROKERS PLS) my own property due to migrate to oversea within 2 months  selling urgently.","Ranawiru mawataha , mahanugegoda , Ragama.",2,1,680.0 sqft,7.07 perches
72,House for Sale in Imbulgoda, 5 Jul  4:53 pm,"Kadawatha, Gampaha","5,500,000",Negotiable  Three minutes to Colombo Kandy main road Peaceful surrounding Residential area with peaceful neighborhoods  Ten minutes to southern high way . Near to both kadawatha and gampaha town. 1st owner selling immediately for urgent personal matter.,3,1,"1,200.0 sqft",10.0 perches,
73,Two Houses with Land for Sale Kadawatha, 4 Jul  1:50 pm,"Kadawatha, Gampaha","45,000,000","Kadawatha Mankada road (Kandy textile road) 3/4 from the kadawatha town, 1.5km to kadawatha Highway inter exchangePeaceful Area, Near the Paddy Field,Sell for two houses single store storied and three storied house. Urgent Sale",7,4,"3,500.0 sqft",35.0 perches,
74,‡∂±‡∑í‡∑Ä‡∑É ‡∑É‡∂∏‡∂ú ‡∂¥‡∂ª‡∑ä‡∂†‡∑É‡∑ä 15 ‡∂ö‡∂©‡∑Ä‡∂≠, 4 Jul 12:07 pm,"Kadawatha, Gampaha","6,700,000",# ‡∂¥‡∂ª‡∑ä‡∂†‡∑É‡∑ä 15‡∂∫‡∑í # ‡∂ö‡∑è‡∂∏‡∂ª 3# ‡∑É‡∑è‡∂Ω‡∂∫ 1# ‡∂ö‡∑î‡∑É‡∑ä‡∑É‡∑í‡∂∫ 1# ‡∂∂‡∑è‡∂≠‡∑ä‡∂ª‡∑ñ‡∂∏‡∑ä 1# Car porch# Verenda# ‡∑Ä‡∂ª‡∑ä‡∂ú ‡∂Ö‡∂©‡∑í 1200‡∂∫‡∑í # ‡∂â‡∂©‡∂ö‡∂© ‡∑É‡∑Ñ‡∑í‡∂≠ ‡∂ú‡∑ô‡∂∏‡∑í‡∂Ø‡∑î‡∂Ω# ‡∑Ä‡∂ß ‡∂≠‡∑è‡∂¥‡∑ä‡∂¥ # ‡∂ú‡∑ö‡∂ß‡∑ä‡∂ß‡∑î# ‡∂∏‡∑î‡∂Ω‡∑î‡∂±‡∑í‡∑Ä‡∑É‡∂∏ ‡∂ß‡∂∫‡∑í‡∂Ω‡∑ä ‡∑É‡∑í‡∑Ä‡∑í‡∂Ω‡∑í‡∂Ç ‡∂ö‡∂ª ‡∂á‡∂≠# ‡∑Ö‡∑í‡∂Ç ‡∑Ä‡∂≠‡∑î‡∂ª # ‡∂±‡∂Ω ‡∂¢‡∂Ω‡∂∫ # ‡∑Ä‡∑í‡∂Ø‡∑î‡∂Ω‡∑í‡∂∫ # ‡∑É‡∑ä‡∑Ä‡∑è‡∂∑‡∑è‡∑Ä‡∑í‡∂ö ‡∑Ä‡∑í‡∂¥‡∂≠‡∑ä ‡∑Ä‡∂Ω‡∑í‡∂±‡∑ä ‡∂≠‡∑ú‡∂ª‡∂∫,Kirillawala,3,1,"1,300.0 sqft",15.0 perches
75,House for Sale - Kadawatha, 4 Jul  7:33 am,"Kadawatha, Gampaha","29,000,000","Kadawatha Mahara junction Sirimawo Bandaranayake road two stories house for sale.4 bedrooms, 3 washrooms, 15 perches, 2800 sqtf.Fully tiled.ceiling, attached bathrooms, modern pantry, 3 A/C Bedrooms, land escaping garden, parapet wall and gate.400 m to Kandy road.29 million.Price is negotiable.High residential area.Very convenient location to anywhere.Get your appointment before your visit.Genuine buyers only no brokers.",Kadawatha,4,3,"2,800.0 sqft",15.0 perches
76,House for sale Kadawata,25 Jul  4:37 pm,"Kadawatha, Gampaha","4,200,000","‡∂ö‡∂©‡∑Ä‡∂≠ ‡∑Ñ‡∑ô‡∂ß‡∑ä‡∂ß‡∑í‡∂ö‡∂±‡∑ä‡∂Ø ‡∂¥‡∑è‡∂ª , ‡∂±‡∑í‡∑Ä‡∑É‡∂ö‡∑ä ‡∑Ä‡∂ö‡∑í‡∂´‡∑í‡∂∏‡∂ß ‡∂Ö‡∑ê‡∂≠ ‡∂¥‡∂ª‡∑ä‡∂†‡∑É‡∑ä 10.7 ‡∂∫‡∑í. ‡∂Ω‡∂ö‡∑ä‡∑Ç 42 ‡∂∫‡∑í.",3,1,"1,500.0 sqft",10.7 perches,
77,Brand New 2 Storey House for Sale in Kadawatha, 3 Jul  2:31 pm,"Kadawatha, Gampaha","18,800,000","New two storied üè† for sale in KADAWATHA, WEBODA","Kadawatha, Weboda.",5,2,"2,800.0 sqft",25.0 perches
78,"Story House Immediately in Gampaha, Delgoda",24 Jul 12:48 pm,"Kadawatha, Gampaha","16,800,000","* 4Bedrooms & 3 bathrooms    House with 34 Perches# Car porch for three vehicles ,# Entry room ,# Living room ,# Dining room ,# Tv room ,# Fully fitted kitchen with   Granite worktop ,# 4Bedrooms ,# 3Bathrooms ,# Servant's toile, # Family living room ,# Dining room ,# Londry room,# Roof Garden # Well water # Quiet location ,# Fully tilled ,# Finishing roof with colorcon   tiles.With...  Plz call...","NEW KANDY ROAD, DELGODA",5,4,"6,623.0 sqft",34.0 perches
79,"Two Storied House for Sale in Ragama road, Kadawatha.",23 Jul 10:06 am,"Kadawatha, Gampaha","12,000,000","Solidly built Two storied House for Sale or Rent in Ragama road, Pahala Karagahamuna, Kadawatha. Built on 6 Perches House and approx 2,400 Sq.Ft floor area with 4 bedrooms, 2 bathrooms (1 attached bathroom + Hot Water) 2 Living Rooms, 1 TV Lobby, Kitchen, 2 Balconies & Roof-top, Servant Toilet, Car porch.",Ragama road,4,2,"2,400.0 sqft",6.0 perches
80,House in Kadawatha, 1 Jul  5:47 pm,"Kadawatha, Gampaha","8,300,000","Superb housing project with many facilities.24 Hours security service.Swimming pool with Kiddies pool.Open Gym with Children play aria.facing beautiful paddy field.Reservation = 500,000/-.Down payment = 25%.Balance can pay 12 month interest free / Bank loan or prime finance loan.","Wabada rd, Kadawatha.",2,1,775.0 sqft,6.5 perches
81,House for Sale - Kadawatha, 1 Jul  4:23 pm,"Kadawatha, Gampaha","8,500,000",Beautiful home,gonahena kadawatha,2,1,"2,500.0 sqft",10.0 perches
82,House for Sale - Kadawatha,20 Jul 11:23 am,"Kadawatha, Gampaha","6,000,000","‡∂ö‡∂©‡∑Ä‡∂≠ ‡∂ú‡∑ù‡∂±‡∑Ñ‡∑ö‡∂± ‡∂Ö‡∂∞‡∑í‡∑Ä‡∑ö‡∂ú‡∑ì ‡∂∏‡∑è‡∂ª‡∑ä‡∂ú‡∂∫‡∂ß 3 KM ‡∂Ø‡∑î‡∂ª‡∑í‡∂±‡∑ä ‡∂¥‡∂ª‡∑ä‡∂†‡∑É‡∑ä 10 ‡∂ö ‡∂±‡∑í‡∂Ø‡∂± ‡∂ö‡∑è‡∂∏‡∂ª ‡∂Ø‡∑ô‡∂ö‡∂ö‡∑ä ,‡∑É‡∑è‡∂Ω‡∂∫ ,‡∂ö‡∑î‡∑É‡∑ä‡∑É‡∑í‡∂∫, ‡∂±‡∑è‡∂± ‡∂ö‡∑è‡∂∏‡∂ª‡∂∫ ‡∑É‡∑Ñ‡∑í‡∂≠ ‡∂Ö‡∂©‡∂ö‡∑ä ‡∂±‡∑í‡∂∏‡∂ö‡∑Ö ‡∂±‡∑Ä‡∑ì‡∂± ‡∂Ø‡∑ô‡∂∏‡∑Ñ‡∂Ω‡∑ä ‡∂±‡∑í‡∑Ä‡∑É ‡∂â‡∂ö‡∂∏‡∂±‡∑í‡∂±‡∑ä ‡∑Ä‡∑í‡∂ö‡∑í‡∂±‡∑ì‡∂∏‡∂ß .",2,1,"1,700.0 sqft",10.0 perches,
83,House for Sale - Kadawatha,25 Jul  4:37 pm,"Kadawatha, Gampaha","12,500,000","Two story House available for sale in kadawata,Ganemulla road ,Jaya Mawata ,",4,1,"2,600.0 sqft",10.0 perches,
84,House for Sale in Kadawatha,27 Jul  2:36 pm,"Kadawatha, Gampaha","10,500,000",‡∑Ä‡∑ê‡∂© ‡∂±‡∑í‡∂∏‡∑Ä‡∑ô‡∂∏‡∑í‡∂±‡∑ä ‡∂¥‡∑Ä‡∂≠‡∑í‡∂± ‡∂ö‡∂©‡∑Ä‡∂≠ ‡∑É‡∑ñ‡∂ª‡∑í‡∂∫‡∂¥‡∑è‡∑Ö‡∑î‡∑Ä ‡∂±‡∑Ä ‡∂±‡∑í‡∑Ä‡∑É ‡∂â‡∂ö‡∑ä‡∂∏‡∂±‡∑í‡∂±‡∑ä ‡∑Ä‡∑í‡∂ö‡∑í‡∂´‡∑ì‡∂∏‡∂ß   x ‡∂±‡∑í‡∂Ø‡∂± ‡∂ö‡∑è‡∂∏‡∂ª ‡∂≠‡∑î‡∂±‡∂ö‡∑ä  x ‡∂±‡∑è‡∂± ‡∂ö‡∑è‡∂∏‡∂ª ‡∂Ø‡∑ô‡∂ö‡∂ö‡∑í   x ‡∂ö‡∑î‡∑É‡∑ä‡∑É‡∑í‡∂∫   x ‡∂ö‡∑ë‡∂∏ ‡∂ö‡∑è‡∂∏‡∂ª‡∂∫   x ‡∑Ä‡∑í‡∑Å‡∑è‡∂Ω ‡∂∏‡∑ê‡∂Ø ‡∑É‡∑è‡∂Ω‡∂∫   x TV Lobby  x Roller Door ‡∑É‡∂∏‡∂ú ‡∑Ä‡∂ß ‡∂≠‡∑è‡∂¥‡∑ä‡∂¥,Sooriyapaluwa,3,2,"1,750.0 sqft",7.0 perches
85,House with Land for Sale in Kadawatha,24 Jul  4:44 pm,"Kadawatha, Gampaha","13,500,000",‡∂ö‡∂©‡∑Ä‡∂≠ ‡∂Ö‡∂∞‡∑í‡∑Ä‡∑ö‡∂ú‡∑ì ‡∂¥‡∑í‡∑Ä‡∑í‡∑É‡∑î‡∂∏‡∂ß ‡∂Ü‡∑É‡∂±‡∑ä‡∂±‡∑Ä ‡∂ö‡∑ú‡∑Ö‡∂π ‡∂±‡∑î‡∑Ä‡∂ª ‡∂¥‡∑ä‚Äç‡∂ª‡∂∞‡∑è‡∂± ‡∂∏‡∑è‡∂ª‡∑ä‡∂ú‡∂∫‡∑ö ‡∂ö‡∑í‡∂ª‡∑í‡∂Ω‡∑ä‡∂Ω‡∑Ä‡∂Ω ‡∂±‡∂ú‡∂ª‡∂∫‡∑ô‡∂±‡∑ä ‡∂ö‡∑í‡∂Ω‡∑ù ‡∂∏‡∑ì‡∂ß‡∂ª‡∂∫‡∂ö‡∑ä ‡∂¥‡∂∏‡∂´‡∑í‡∂±‡∑ä ‡∂¥‡∑í‡∑Ñ‡∑í‡∂ß‡∑í ‡∂±‡∑í‡∂ª‡∑Ä‡∑î‡∂Ω‡∑ä ‡∂î‡∂¥‡∑ä‡∂¥‡∑î ‡∑É‡∑Ñ‡∑í‡∂≠ ‡∂±‡∑í‡∂Ø‡∂± ‡∂ö‡∑è‡∂∏‡∂ª 4 ‡∂ö‡∑í‡∂±‡∑ä ‡∑É‡∂∏‡∂±‡∑ä‡∑Ä‡∑í‡∂≠ ‡∂Ö‡∂Ç‡∂ú‡∑É‡∂∏‡∑ä‡∂¥‡∑ñ‡∂ª‡∑ä‡∂´ ‡∂±‡∑Ä‡∑ì‡∂± ‡∂Ø‡∑ô‡∂∏‡∑Ñ‡∂Ω‡∑ä ‡∂±‡∑í‡∑Ä‡∑É ‡∂â‡∂≠‡∑è ‡∂â‡∂ö‡∑ä‡∂∏‡∂´‡∑í‡∂±‡∑ä ‡∑Ä‡∑í‡∂ö‡∑í‡∂´‡∑ì‡∂∏‡∂ß ‡∂≠‡∑í‡∂∂‡∑ö.,"Kirillawala, Kadawatha.",4,1,"2,000.0 sqft",10.0 perches
86,House for Sale in - KADAWATHA,30 Jun  2:51 pm,"Kadawatha, Gampaha","12,500,000","2 story fully completed house, 3 bedroom,3 bathroom, TV room with open balcony, living and dinning area, fully fitted pantry, parking 2 or more vehicles, clear deeds, water and electricity, high residential area, 1km to Kandy main road, 2 km to highway entrance.",80/27 bangalawatta ranmuthugala kadawatha,3,3,"2,688.0 sqft",10.0 perches
87,‡∂ö‡∑í‡∂ª‡∑í‡∂Ω‡∑ä‡∂Ω‡∑Ä‡∂Ω ‡∂Ö‡∂Ç‡∂ú ‡∑É‡∂∏‡∑ä‡∂¥‡∑î‡∂ª‡∑ä‡∂´ ‡∂±‡∑í‡∑Ä‡∑É ‡∑Ä‡∑í‡∂ö‡∑í‡∂´‡∑ì‡∂∏‡∂ß,19 Jul 10:28 pm,"Kadawatha, Gampaha","9,800,000","‡∂ö‡∑í‡∂ª‡∑í‡∂Ω‡∑ä‡∂Ω‡∑Ä‡∂Ω ‡∂±‡∑Ä‡∑í‡∂± ‡∂Ö‡∂Ç‡∂ú ‡∑É‡∂∏‡∑ä‡∂¥‡∑î‡∂ª‡∑ä‡∂´ ‡∂Ø‡∑ô‡∂∏‡∑Ñ‡∂Ω‡∑ä ‡∂±‡∑í‡∑Ä‡∑É ‡∑Ä‡∑í‡∂ö‡∑í‡∂´‡∑í‡∂∏‡∂ß ‡∂á‡∂≠, ‡∑É‡∑è‡∂Ω‡∂∫ ‡∂ö‡∑ê‡∂∏ ‡∂ö‡∑è‡∂∏‡∂ª‡∂∫,‡∂ö‡∑è‡∂∏‡∂ª 4‡∂ö‡∑ä,‡∂∏‡∑î‡∑Ö‡∑î‡∂≠‡∑ê‡∂±‡∑ä‡∂ú‡∑ô‡∂∫, ‡∂±‡∑è‡∂± ‡∂ö‡∑è‡∂∏‡∂ª 2‡∂ö‡∑ä,‡∂∂‡∑ë‡∂Ω‡∑ä‡∂ö‡∂±‡∑í‡∂∫ ,‡∑É‡∂ª‡∑ä‡∑Ä‡∂±‡∑ä ‡∂ß‡∑ú‡∂∫‡∑í‡∂Ω‡∂ß‡∑ä ,‡∂ã‡∂©‡∑î ‡∂∏‡∑Ñ‡∂Ω‡∂ß ‡∂à‡∂≠‡∑î‡∂Ω‡∑î ‡∑Ä‡∑í‡∂∏‡∂ß ‡∂¥‡∑ä‚Äç‡∂ª‡∂∞‡∑è‡∂± ‡∂¥‡∂©‡∑í‡∂¥‡∑ô‡∂Ω‡∂ß ‡∂Ö‡∂∏‡∂≠‡∂ª‡∑Ä ‡∑Ä‡∑ô‡∂±‡∂∏ ‡∂¥‡∂©‡∑í‡∂¥‡∑ô‡∂Ω‡∂ö‡∑ä‡∂Ø ‡∂à‡∂≠.‡∂¥‡∂ª‡∑ä‡∂ö‡∑í‡∂±‡∑ä ‡∂¥‡∑Ñ‡∑É‡∑î‡∂ö‡∂∏‡∂Ø ‡∂à‡∂≠ ‡∂¥‡∂ª‡∑ä‡∂†‡∑É‡∑ä 12 ‡∂ö‡∑í,‡∂±‡∂Ω ‡∂¢‡∂Ω‡∂∫,‡∑Ä‡∑í‡∂Ø‡∑î‡∂Ω‡∑í‡∂∫,‡∑É‡∑Ñ‡∑è ‡∂Ω‡∑í‡∂Ç‡∂¢‡∂Ω‡∂∫ ‡∂à‡∂≠.‡∂±‡∑î‡∑Ä‡∂ª ‡∂¥‡∑è‡∂ª‡∂ß 600m ,‡∂â‡∂ö‡∑ä‡∂∏‡∂±‡∑í‡∂±‡∑ä ‡∑Ä‡∑í‡∂ö‡∑í‡∂±‡∑í‡∂∏‡∂ß ‡∂à‡∂≠.",kirillawala Weboda kadawatha,4,2,"1,500.0 sqft",12.0 perches
88,Brand New House in Kadawatha,28 Jun  8:37 am,"Kadawatha, Gampaha","7,500,000",Being Built Brand new 2 Story House for Sale in Kadawatha.1.8 Km to Kandy Road3.5 Km to Kadawatha Town2 km to Highway Entrance,"Weboda, Kadawatha",3,2,"1,300.0 sqft",6.0 perches
89,‡∂ö‡∂©‡∑Ä‡∂≠ ‡∑É‡∑ñ‡∂ª‡∑í‡∂ú‡∂∏ ‡∂±‡∑í‡∑Ä‡∑É‡∂ö‡∑ä ‡∑Ä‡∑í‡∂ö‡∑í‡∂´‡∑ì‡∂∏‡∂ß,27 Jun  8:19 pm,"Kadawatha, Gampaha","6,000,000",‡∂ö‡∂©‡∑Ä‡∂≠ ‡∑É‡∑ñ‡∂ª‡∑í‡∂ú‡∂∏ ‡∂¥‡∑í‡∑Ñ‡∑í‡∂ß‡∑í ‡∂¥‡∂ª‡∑ä: 6‡∂ö ‡∂Ö‡∂Ç‡∂ú‡∑É‡∂∏‡∑ä‡∂¥‡∑ñ‡∂ª‡∑ä‡∂´ ‡∂±‡∑í‡∑Ä‡∑É ‡∑Ä‡∑í‡∂ö‡∑í‡∂´‡∑ì‡∂∏‡∂ß. ‡∂ö‡∂©‡∑Ä‡∂≠ ‡∑Ñ‡∑è ‡∂ú‡∂´‡∑ö‡∂∏‡∑î‡∂Ω‡∑ä‡∂Ω ‡∂±‡∂ú‡∂ª‡∂∫‡∂ß ‡∂â‡∂≠‡∑è ‡∂â‡∂ö‡∑ä‡∂∏‡∂´‡∑í‡∂±‡∑ä ‡∂Ω‡∂ü‡∑è ‡∑Ä‡∑í‡∂∫ ‡∑Ñ‡∑ê‡∂ö.,"Kadawatha, Soorigama",2,2,"1,400.0 sqft",6.0 perches
90,House for Sale in Kadawatha,27 Jun 10:09 am,"Kadawatha, Gampaha","4,000,000",1 BEDROOM 14 PERCHELECTRIC AND WATER CLOSE KADAWATHA TOWN,1,1,"1,600.0 sqft",14.0 perches,
91,Valuable House for Sale in Ragama.,23 Jul 10:06 am,"Kadawatha, Gampaha","14,900,000",Whole property consists with Two Storied House with 8 perches Land and 16 perches land which divided in to two land blocks of 8 perches.,"Delpe Junction, Ragama",3,3,"1,700.0 sqft",8.0 perches
92,House for Sale in Kadawatha,26 Jun  4:30 pm,"Kadawatha, Gampaha","8,300,000","All 63 valuable houses. Only 15 units are available as a today.24 hours security service.Swimming pool with kiddies pool.Children play aria with open gym.Facing beautiful paddy field.Reservation = 500,000/-Down payment = 1.5 M ( It can pay within 3 month)Balance can pay 12 month interest free / Bank loan or prime finance loan.","Wabada rd, Kadawatha.",2,1,775.0 sqft,6.5 perches
93,Kadawatha House for Sale with Furniture,28 Jun  2:38 pm,"Kadawatha, Gampaha","38,000,000","Doctor leaving country. About 45,000,000/= worth property selling for 38,000,000/= with brand new furniture. 500m to kadawatha highway. Partly two storied house with unique architectural design. Parking space for 3 vehicles. Hotwater facilities available for both bathrooms. 1 servant‚Äôs toilet. With garden and personal well. Property surrounded by wall. Peaceful environment. Highly residential area. Pure title. No brokers. Only genuinely interested buyers.",3,2,"2,842.0 sqft",23.0 perches,
94,Sale House with 7perches - Kadawatha,25 Jun  8:32 pm,"Kadawatha, Gampaha","4,500,000",House for sale in batuwatthaNear the Gampaha-Ragama bus route,Ragama Batuwattha,3,1,800.0 sqft,7.0 perches
95,House for Sale in Kadawatha,23 Jul  9:24 am,"Kadawatha, Gampaha","17,000,000",2 story house situated at Ganemulla Road KadawathaGood Neighborhood & Calm & quiet area,"Ganemulla Road, Kadawatha",5,4,"2,450.0 sqft",11.25 perches
96,Brand New House for Sale Kadawatha,26 Jun 11:03 am,"Kadawatha, Gampaha","13,500,000",Nicely architectured brand new house for sale. Built with fine quality materials. Only 2 mins drive to Colombo-Kandy main road.  Open for inspection.,"Kopiwatta, Mahara, Kadawatha",3,2,"2,800.0 sqft",7.4 perches
97,3 BR House for Sale Kadawatha,25 Jun  1:15 pm,"Kadawatha, Gampaha","13,000,000","3 Bed room , 1 Washroom , 1 Toilet + Washing area (Servants)Tiled floor, Modern ceiling, Ceiling + Wall fans, Parapet wall around the land, Piped borne water & electricity, Landscaped garden, Sliding gate, Well landscaped 7.5 perched land, Tiled Pantry, 250 meters to Kandy Road + 900 meters to Highway entrance.",3,2,"1,800.0 sqft",7.5 perches,
98,3 Story House For Sale - Kadawatha,29 Jun  3:36 am,"Kadawatha, Gampaha","29,000,000","3 story luxury complete house with quality furniture furniture for sale relocating saleColombo -Kadawata , Very closer to Highway5 bed rooms 3 bath rooms Basement with a Bed Room, Living room and a bathroomLuxury pantry kitchen Sitting area Dining area Living area 2 balconies for rooms and a kitchen areaGarden Car porch hot water Remote roller gate Central courtyardPublic Water line supply and Electricity supply20KM to Colombo 500 M to Kandy Colombo Road3 km To York international school38 KM to Katunayake airport ",5,3,"2,500.0 sqft",10.25 perches,
99,House For Sale in Kadawatha,22 Jun  2:40 pm,"Kadawatha, Gampaha","4,500,000",House For Sale in Kadawatha,Kadawatha,4,1,"1,200.0 sqft",15.0 perches
100,House for Sale in Kadawatha.,22 Jun  2:34 pm,"Kadawatha, Gampaha","38,000,000","26 Perch land with a 3000 SQ feet, properly built house for sale at Rammutugala, Kadawata, (Close by the AGA Office), 2 minutes drive to Expressway. 70 meters to Kandy Road, Excellent location with Supermarkets and other facilities, 3 meter depth ground water, One bath room, out side one toilet, One Office room, Master bed room and 2 bedrooms, additional 2 rooms one for store and other for general things, (Better to view the property)",3,1,"3,000.0 sqft",26.0 perches,
101,"Brand New Single Story House for Sale - Kadawatha, Webada", 9 Jul  9:10 am,"Kadawatha, Gampaha","7,650,000","‚Ä¢ - 2 Bed rooms. ‚Ä¢ - 1 bathroom with Rocell Bath ware.‚Ä¢ - Living, dining and Kitchen with modern pantry cupboards.‚Ä¢ - Finishing roof.‚Ä¢ - Fully Tiled with Rocell and Lanka tiles.‚Ä¢ - Landscaped garden.‚Ä¢ - Automatic water tank level maintaining system and automatic light system.‚Ä¢ - 1100Sqft.‚Ä¢ - 20m wide Roads.‚Ä¢ - Calm and quit environment.","Kadawatha , Weboda",2,1,"1,100.0 sqft",6.0 perches
102,House for Sale Ganemulla,21 Jun  8:58 pm,"Kadawatha, Gampaha","4,500,000",HOUSE FOR SALE  IN GANEMULLA‡∂ú‡∂´‡∑ô‡∂∏‡∑î‡∂Ω‡∑ä‡∂Ω ‡∂ö‡∂©‡∑Ä‡∂≠ ‡∂¥‡∑è‡∂ª‡∑ô ‡∑Ñ‡∂∏‡∑î‡∂Ø‡∑è ‡∂ö‡∂Ø‡∑Ä‡∑î‡∂ª ‡∂Ü‡∑É‡∂±‡∑ä‡∂±‡∑Ä ‡∂¥‡∂ª‡∑ä‡∂†‡∑ä‡∑É‡∑ä 15.00 ‡∑É‡∂∏‡∂ú ‡∂Ö‡∂ú‡∂±‡∑è ‡∂±‡∑í‡∑Ä‡∑É‡∂ö‡∑ä ‡∑Ä‡∑í‡∂ö‡∑í‡∂´‡∑ì‡∂∏‡∂ß,‡∑É‡∑î‡∂ª‡∑í‡∂∫‡∂ú‡∂∏ ‡∂Ø‡∑ô‡∑Ä‡∑è‡∂Ω ‡∂¥‡∑è‡∂ª ‡∂ú‡∂´‡∑ô‡∂∏‡∑î‡∂Ω‡∑ä‡∂Ω,3,2,"1,500.0 sqft",15.0 perches
103,House for Sale - Kadawatha,21 Jun  3:56 pm,"Kadawatha, Gampaha","5,500,000","Complete House in Kadawatha Imbulgoda3 Bedroom,1 Bathroom,500m to Kandy Main roadHighway Entrance 5 minClose to kadawatha and Gampaha TownPeacefull place sefty goodAll Facilities are there.",3,1,"1,200.0 sqft",10.0 perches,
104,Two Storey House 5 Bedroom (4 Bath) for Sale at Kadawatha,21 Jun  3:35 pm,"Kadawatha, Gampaha","15,900,000",Two Storey House with 5 Bedrooms (4 Bathrooms) for Sale at Kadawatha!‡∂ö‡∂©‡∑Ä‡∂≠ ‡∂ö‡∑è‡∂∏‡∂ª 5‡∂ö ‡∑É‡∑í‡∂∫‡∑Ö‡∑î ‡∂¥‡∑Ñ‡∑É‡∑î‡∂ö‡∂∏‡∑ä ‡∑É‡∑Ñ‡∑í‡∂≠ ‡∂Ø‡∑ô‡∂∏‡∑Ñ‡∂Ω‡∑ä ‡∂±‡∑í‡∑Ä‡∑É ‡∑Ä‡∑í‡∂ö‡∑í‡∂´‡∑ì‡∂∏‡∂ß.,5,4,"2,500.0 sqft",11.25 perches,
105,House For Sale Kadawatha,21 Jun  2:48 pm,"Kadawatha, Gampaha","20,000,000","‡∂ö‡∂©‡∑Ä‡∂≠ ,‡∂á‡∂Ω‡∑ä‡∂Ø‡∑ô‡∂±‡∑í‡∂∫  ‡∑É‡∑ä‡∑Ä‡∑í‡∂≠  ‡∂ã‡∂∫‡∂±  ‡∂Ö‡∑É‡∂Ω ( ‡∂¢‡∑ù‡∂ú‡∑í‡∂±‡∑ä  ‡∂ª‡∑ù‡∂©‡∑ä ) ‡∂±‡∑í‡∑Ä‡∑É‡∂ö‡∑ä  ‡∑Ä‡∑í‡∂ö‡∑í‡∂±‡∑ì‡∂∏‡∂ß ‡∂á‡∂≠ . ‡∂±‡∑í‡∑Ä‡∑É‡∂ß  ‡∂Ö‡∂∏‡∂≠‡∂ª‡∑Ä  ‡∂á‡∂±‡∑ô‡∂ö‡∑ä‡∑É‡∑ä  3‡∂ö‡∑ä  ‡∑Ä‡∂≠‡∑ä‡∂≠‡∑ö  ‡∂â‡∂Ø‡∑í‡∂ö‡∂ª  ‡∂á‡∂≠ . ‡∑Ä‡∂ß  ‡∂≠‡∑è‡∂¥‡∑ä‡∂¥ ‡∑Ä‡∂Ω‡∑í‡∂±‡∑ä ‡∑É‡∂∏‡∂±‡∑ä‡∑Ä‡∑í‡∂≠‡∂∫‡∑í . ‡∑Ñ‡∂∫‡∑í‡∑Ä‡∑ö  ‡∂ë‡∂ö‡∂ß  ‡∑Ä‡∑í‡∂±‡∑è‡∂©‡∑í 5‡∂∫‡∑í .","562/3,‡∂á‡∂Ω‡∑ä‡∂Ø‡∑ô‡∂±‡∑í‡∂∫,‡∂ö‡∂©‡∑Ä‡∂≠ .",2,2,"1,500.0 sqft",15.0 perches
106,House for Sale Kadawatha,21 Jun  1:32 pm,"Kadawatha, Gampaha","9,000,000","‡∂ö‡∂©‡∑Ä‡∂≠  ‡∂±‡∂ú‡∂ª‡∂∫‡∂ß 1km  ‡∂ö‡∂©‡∑Ä‡∂≠  ‡∑Ä‡∑í‡∂Ø‡∑ä‚Äç‡∂∫‡∑è‡∂Ω‡∑ù‡∂ö ‡∂∏‡∑Ñ‡∑è  ‡∑Ä‡∑í‡∂Ø‡∑ä‚Äç‡∂∫‡∑è‡∂Ω‡∂∫  ‡∂Ö‡∑É‡∂Ω‡∂∏  ‡∂Ö‡∂∞‡∑í‡∑Ä‡∑ö‡∂ú‡∑ì  ‡∂∏‡∑è‡∂ª‡∑ä‡∂ú‡∂∫‡∂ß  ‡∂â‡∂≠‡∑è  ‡∂Ü‡∑É‡∂±‡∑ä‡∂±‡∂∫‡∑í . ‡∂¥‡∂Ø‡∑í‡∂Ç‡∂†‡∑í‡∂∫‡∂ß  ‡∂â‡∂≠‡∑è‡∂∏  ‡∑É‡∑î‡∂Ø‡∑î‡∑É‡∑î  ‡∂Ø‡∑ô‡∂∏‡∑Ñ‡∂Ω‡∑ä  ‡∂±‡∑í‡∑Ä‡∑É ,‡∂¥‡∑Ñ‡∂≠ ‡∂∏‡∑è‡∂Ω‡∂∫  ‡∑É‡∂∏‡∑ä‡∂¥‡∑î‡∂ª‡∑ä‡∂±‡∂∫‡∑ô‡∂±‡∑ä ‡∂±‡∑í‡∂∏ ‡∂ö‡∂ª ‡∂á‡∂≠ . ‡∑É‡∂Ω‡∂∫ ‡∂±‡∑í‡∂Ø‡∂±  ‡∂ö‡∑è‡∂∏‡∂ª 2, Bathroom ,‡∂ö‡∑î‡∑É‡∑ä‡∑É‡∑í‡∂∫  ‡∂Ö‡∂Ç‡∂ú  ‡∑É‡∂∏‡∑ä‡∂¥‡∑î‡∂ª‡∑ä‡∂´‡∂∫‡∑í .","172/61,‡∂â‡∑Ñ‡∂Ω ‡∂ö‡∂ª‡∂ú‡∑Ñ‡∂∏‡∑î‡∂´ ,‡∂ö‡∂©‡∑Ä‡∂≠ .",2,1,"1,500.0 sqft",10.0 perches
107,Kadawatha Upstairs House for Sale,24 Jun 12:17 pm,"Kadawatha, Gampaha","18,500,000",20 perch. Upstairs house. Upstair not complete 4 bed rooms .2 bathrooms. Servant bathroom 1Garage. Tap water. 2 kitchens . Peacefull place  sefty good  . 200 miters to 261 Colombo kadawatha road. 1 km to kandy road  mahara junction . All facilities available around the area.,kadawatha,4,2,"3,500.0 sqft",20.0 perches
108,Brand New House For Sale in Kadawatha,19 Jun  3:31 pm,"Kadawatha, Gampaha","8,000,000",Brand New House For Sale in Kadawatha,Kadawatha,3,1,"1,350.0 sqft",10.0 perches
109,House for Sale Ganemulla,19 Jun 11:56 am,"Kadawatha, Gampaha","5,000,000",3kmto kadaawath highwey3 1/2 km to ragama hospitel3 km to ganemulla2 km to ag office kirillawala2 kichchan1drinig room,"356/D/1 kossinna, ganemulla",2,2,"1,600.0 sqft",10.0 perches
110,Brand New House in the Middle of Kadawatha Town,20 Jul  4:45 pm,"Kadawatha, Gampaha","21,000,000","Brand new luxury 3 story house for sale in the middle of Kadawatha town (250m to Kandy road along 20 feet wide road) on 10 perch square land with 45 feet road facing.1)	Living room/function hall of size 850 ft2 (can accommodate 150 participants at functions). 2)	5 bed rooms with 2 master bed rooms.3)	3 bath rooms on three floors.4)	2 kitchens on ground and first floors.5)	Car park for two vehicles.6)	Store room7)	Swimming pool of size 30m38)	15 ft wide access road with interlock paving.9)	Beautiful garden.10)	All flooring with 24‚Äùx24‚Äù tiles11)	All bath rooms and some internal and external walls with wall tiles.12)	Aluminum doors and windows.13)	Stainless steel railings.14)	Full AC with 7 Panasonic split AC unis (2 - 24000 btu, 4 ‚Äì 12000 btu, 1 ‚Äì 9000btu)15)	All LED lights with fittings.16)	Security camera system with 4 external cameras.17)	Good natural lighting and ventilation.18)	Suspension type floors with clear view from main entrance.19)	10 perch square land with 45 feet road facing.20)	9 ‚Äì 15 ft tall boundary walls around the land.21)	2 layers (thick and sheer) curtains for all doors and windows.22)	Roof with timber ceiling and Mack foil insulation.23)	Free from mosquitoes24)	Panoramic view from upper hill.25)	Strong and cool sea winds.26)	No floods, no landslides, no earthquakes.27)	Many supermarkets, all banks, regional government offices and other daily needs located within walking distance.28)	Easy access to Southern express, Airport express, Central express, Colombo, Kandy, Ragama and Ganemulla roads.29)	Very soon travelling time on express roads to major cities will be as follows,Kaduwela, Wattala 5 minsColombo fort, Rajagiriya, Battaramulla, Airport 10-15 minsKurunagala 45 minsGalle, Kandy 75 mins30)	Building design and construction supervision by a well-qualified and well-experienced Engineer.31)	UDA building approval and Certificate of Compliance available32) Loan can be arranged at very low interest rates.",5,3,"3,400.0 sqft",10.0 perches,
111,House for Sale - Kadawatha,25 Jul  4:37 pm,"Kadawatha, Gampaha","12,500,000","Two story House available for sale in kadawata,Ganemulla road ,Jaya Mawata ,",4,1,"2,600.0 sqft",10.0 perches,
112,House for Sale - Kadawatha,25 Jul  4:37 pm,"Kadawatha, Gampaha","12,500,000","Two story House available for sale in kadawata,Ganemulla road ,Jaya Mawata ,",4,1,"2,600.0 sqft",10.0 perches,
113,House immediate sale in kadawatha,18 Jun  6:49 pm,"Kadawatha, Gampaha","16,500,000","House for sale @ Kandy Road, Eldeniya",7,3,"2,700.0 sqft",14.0 perches,
114,New two storey house in Imbulgoda,18 Jun  9:49 am,"Kadawatha, Gampaha","12,500,000",New two storey house with all facilities.kadawath kirillawala kokiskade handiye sita 1km durin nala jalaya saha lin jalayada sahitha man ida athi midula niskalanka parisaraya..,27/4/d eksath mawatha parakandeniya imbulgod,6,2,"1,500.0 sqft",17.0 perches
115,New House For Sale In Kadawatha,18 Jun  8:48 am,"Kadawatha, Gampaha","6,800,000",Brand New house for sale in KadawathaHouse is still underconstruction. 90% Completed.,"Gonahena, Webada. Kadawatha",2,1,"1,400.0 sqft",8.0 perches
116,House for Sale - Kadawatha,18 Jun 12:55 pm,"Kadawatha, Gampaha","17,000,000","House for sale on Mankada road Kadawatha. 5.5perch 3 bedrooms 3 bathrooms 1500sq feet. Kids play area, swimming pool, gym, Project done by Prime lands. 02 units available. Expecting Rs.17 million each, negotiable. No furniture included. anyone interested please call",Mankada Road Kadawatha ( Prime Life ),3,3,"1,500.0 sqft",5.5 perches
117,"House For Sale In Kadawatha, Imbulgoda .",17 Jun 10:56 pm,"Kadawatha, Gampaha","5,000,000","Complete house in kadawatha imbulgoda . Colombo Nuwara para penenaduirin . Manaram velyayak asala suvdaiy psrisarayakin.‚òÜ Watter, ‚òÜElectricity, ‚òÜBathroom ‚òÜcarpet roads and etc. Mudal hadisiyakata vikine. (Milaganan sacachcha karagatha haka )",2,1,"1,200.0 sqft",14.5 perches,
118,House for Sale Kadawatha,17 Jun  3:54 pm,"Kadawatha, Gampaha","6,500,000",10 ft road5 min to high way entrance Electricity,"361/2/c rajasinghe road, kadawatha",4,2,"2,000.0 sqft",10.0 perches
119,House for Sale in Kadawatha,16 Jun 12:32 pm,"Kadawatha, Gampaha","55,000,000",Land Extent : 28 PerchesUpstair house500 Meters to Kadawatha Highway entrance6 Bedroom + 5 BathroomsServant's room with BathroomPrice : Rs.55 Million,"NO.23/C/1, 3RD LANE, PERAMUNA MAWATHA, ELDENIYA, KADAWATHA. 11600",6,5,"4,200.0 sqft",28.0 perches
120,Completed House For Sale In Kadawatha,16 Jun  8:44 am,"Kadawatha, Gampaha","4,300,000",‡∂Ö‡∂Ç‡∂ú ‡∑É‡∂∏‡∑ä‡∂¥‡∑ñ‡∂ª‡∑ä‡∂´ ‡∂±‡∑í‡∑Ä‡∑É‡∂¢‡∂Ω ‡∑Ä‡∑í‡∂Ø‡∑î‡∂Ω‡∑í ‡∂¥‡∑Ñ‡∑É‡∑î‡∂ö‡∂∏‡∑ä ‡∑É‡∑Ñ‡∑í‡∂≠‡∂¥‡∑î‡∂Ω‡∑î‡∂Ω‡∑ä ‡∂∏‡∂Ç ‡∂∏‡∑è‡∑Ä‡∂≠‡∑ä‡∂ú‡∂∏‡∑ä‡∂¥‡∑Ñ ‡∂±‡∂ú‡∂ª‡∂∫‡∂ß ‡∑Ä‡∑í‡∂±‡∑è‡∂©‡∑í 15(7km)‡∂ö‡∂©‡∑Ä‡∂≠ ‡∂±‡∂ú‡∂ª‡∂∫‡∂ß ‡∑Ñ‡∑è ‡∂Ö‡∂Ø‡∑í‡∑Ä‡∑ö‡∂ú‡∑ì ‡∂∏‡∑è‡∂ª‡∑ä‡∂ú‡∂∫‡∂ß ‡∑Ä‡∑í‡∂±‡∂©‡∑í 10 (5km)‡∂ö‡∑è‡∂∏‡∂ª 3 ‡∂±‡∑è‡∂± ‡∂ö‡∂∏‡∂ª‡∂∫‡∂ö‡∑ä ‡∑É‡∑Ñ‡∑í‡∂≠ ‡∑Ñ‡∑è ‡∂ö‡∑î‡∑É‡∑ä‡∑É‡∑í 2 ‡∑Ä‡∑í‡∑Å‡∑è‡∂Ω ‡∑É‡∑è‡∂Ω‡∂∫‡∂ö‡∑ä ‡∑É‡∑Ñ‡∑í‡∂≠ ‡∂±‡∑í‡∑Ä‡∑É‡∂ö‡∑ä‡∂ö‡∑ú‡∑Ö‡∂π ‡∂±‡∑î‡∑Ä‡∂ª ‡∂¥‡∑è‡∂ª‡∂ß 500m,167/2B ‡∂ª‡∑è‡∂¢‡∑É‡∑í‡∂Ç‡∑Ñ ‡∂∏‡∑è‡∑Ä‡∂≠.‡∂â‡∑Ñ‡∑Ö ‡∂â‡∂π‡∑î‡∂Ω‡∑ä‡∂ú‡∑ú‡∂©.‡∂â‡∂π‡∑î‡∂Ω‡∑ä‡∂ú‡∑ú‡∂©,3,1,"1,400.0 sqft",9.3 perches
121,House in Kadawatha,15 Jun 11:06 am,"Kadawatha, Gampaha","7,500,000","24 Hours security service.Swimming pool with kiddies pool.Open gym with children play aria.Few minutes to the Kandy road, Kadawatha town & Highway entrance.","Wabada rd, Kadawatha.",2,1,775.0 sqft,6.5 perches
122,House for Sale in Kadawatha,25 Jul 12:53 pm,"Kadawatha, Gampaha","4,900,000","*‡∂â‡∂ö‡∑ä‡∂∏‡∂±‡∑ä ‡∂¥‡∂Ø‡∑í‡∂Ç‡∂†‡∑í ‡∑Ä‡∑ì‡∂∏‡∂ß ‡∑Ñ‡∑ê‡∂ö‡∑í ‡∑É‡∑í‡∂∫‡∂Ω‡∑î ‡∂¥‡∑Ñ‡∑É‡∑î‡∂ö‡∂∏‡∑ä ‡∑Ä‡∂Ω‡∑í‡∂±‡∑ä ‡∑É‡∂∏‡∂±‡∑ä‡∑Ä‡∑í‡∂≠ ‡∂ö‡∂©‡∑Ä‡∂≠ ‡∂±‡∂ú‡∂ª‡∂∫ ‡∑É‡∑Ñ ‡∂Ö‡∂∞‡∑í‡∑Ä‡∑ö‡∂ú‡∑ì ‡∑É‡∑í‡∑Ä‡∑ä‡∂∏‡∂±‡∑ä‡∑É‡∂Ω‡∂ß  ‡∂â‡∂≠‡∑è‡∂∏‡∂≠‡∑ä ‡∂Ü‡∑É‡∂±‡∑ä‡∂±‡∂∫‡∑ö ‡∂¥‡∑í‡∑Ñ‡∑í‡∂ß‡∑è ‡∂á‡∂≠ .* ‡∂ö‡∂©‡∑Ä‡∂≠ ‡∑É‡∑î‡∂ª‡∑í‡∂ú‡∂∏ ‡∑Ñ‡∂±‡∑ä‡∂Ø‡∑í‡∂∫‡∑ö ‡∑É‡∑í‡∂ß 450m  / ‡∂ú‡∑è‡∂∏‡∑í‡∂´‡∑í ‡∂∏‡∑è‡∑Ä‡∂≠ ‡∂Ø‡∑ô‡∑É‡∑í‡∂±‡∑ä ‡∑É‡∑î‡∂ª‡∑í‡∂ú‡∂∏ ‡∑Ñ‡∂±‡∑ä‡∂Ø‡∑í‡∂∫‡∂ß 600m  / ‡∂ú‡∑è‡∂∏‡∑í‡∂´‡∑í ‡∂∏‡∑è‡∑Ä‡∂≠  ‡∂Ø‡∑ô‡∑É‡∑í‡∂±‡∑ä ‡∂Ö‡∂Ω‡∑í‡∂∫‡∑è ‡∑Ä‡∂Ç‡∂ú‡∑î‡∑Ä‡∂ß 650m . (‡∂ö‡∂©‡∑Ä‡∂≠ ‡∑É‡∑í‡∂ß ‡∑É‡∑î‡∂ª‡∑í‡∂ú‡∂∏ ‡∑Ñ‡∂±‡∑ä‡∂Ø‡∑í‡∂∫‡∂ß 2 km) .  ‡∂ª‡∑è‡∂ú‡∂∏‡∂ß 3km ‡∂¥‡∂∏‡∂´  . ‡∂ú‡∑è‡∂∏‡∑í‡∂´‡∑ì ‡∂∏‡∑è‡∑Ä‡∂≠‡∂ß ‡∂∏‡∑î‡∑Ñ‡∑î‡∂´‡∂Ω‡∑è ‡∂¥‡∑í‡∑Ñ‡∑í‡∂ß‡∑í ‡∑Ä‡∂ß‡∑í‡∂±‡∑è ‡∂â‡∂©‡∂∏.* ‡∂Ö‡∂∫‡∑í‡∂≠‡∑í‡∂ö‡∂ª‡∑î ‡∑Ä‡∑í‡∂Ø‡∑ö‡∑Å ‡∂ú‡∂≠ ‡∑Ä‡∑ì‡∂∏‡∂ß ‡∂Ö‡∂¥‡∑ö‡∂ö‡∑ä‡∑Ç‡∑è ‡∂ö‡∂ª‡∂± ‡∂∂‡∑ê‡∑Ä‡∑í‡∂±‡∑ä ‡∂â‡∂≠‡∑è ‡∂â‡∂ö‡∑ä‡∂∏‡∂±‡∑ä ‡∑Ä‡∑í‡∂ö‡∑í‡∂´‡∑ì‡∂∏‡∂ß ‡∂â‡∑Ñ‡∂Ω‡∂∏ ‡∂â‡∂Ω‡∑ä‡∂Ω‡∑î‡∂∏‡∂ß.* ‡∂ú‡∑ö‡∂ß‡∑ä‡∂ß‡∑î, ‡∂±‡∑í‡∑Ä‡∑É ‡∑Ä‡∂ß‡∑ö‡∂∏ ‡∂≠‡∑è‡∂¥‡∑ä‡∂¥‡∂∫ , ‡∂±‡∂Ω ‡∂¢‡∂Ω‡∂∫, ‡∑Ä‡∑í‡∂Ø‡∑î‡∂Ω‡∑í‡∂∫ , ‡∑É‡∂ö‡∑É‡∑ä ‡∂ö‡∂ª‡∂± ‡∂Ω‡∂Ø ‡∂∏‡∑í‡∂Ø‡∑î‡∂Ω  , ‡∑É‡∑è‡∂∏‡∂ö‡∑è‡∂∏‡∑ì ‡∂±‡∑í‡∑É‡∑ä‡∂ö‡∂Ω‡∂Ç‡∂ö ‡∂¥‡∂ª‡∑í‡∑É‡∂ª‡∂∫ , ‡∑É‡∑î‡∑Ñ‡∂Ø ‡∑Å‡∑ì‡∂Ω‡∑ì ‡∑Ä‡∑ê‡∂Ø‡∂ú‡∂≠‡∑ä ‡∂Ö‡∑É‡∂Ω‡∑ä‡∑Ä‡∑ê‡∑É‡∑í‡∂∫‡∂±‡∑ä .‡∂±‡∑í‡∑Ä‡∑É‡∑ö ‡∑Ä‡∑í‡∑É‡∑ä‡∂≠‡∂ª : ‡∑É‡∑è‡∂Ω‡∂∫ , ‡∂ö‡∑î‡∂©‡∑è ‡∂ö‡∑è‡∂∏‡∂ª 2 , ‡∂∏‡∑î‡∑Ö‡∑î‡∂≠‡∑ê‡∂±‡∑ä ‡∂ú‡∑ô‡∂∫ , ‡∂±‡∑è‡∂± ‡∂ö‡∑è‡∂∏‡∂ª‡∂∫ , ‡∂ö‡∑ë‡∂∏ ‡∂ö‡∑è‡∂∏‡∂ª‡∂∫ , ‡∂±‡∑í‡∑Ä‡∑É‡∑í‡∂±‡∑ä ‡∂∂‡∑ê‡∑Ñ‡∑ê‡∂ª ‡∑É‡∑ö‡∑Ä‡∂ö ‡∑Ä‡∑ê‡∑É‡∑í‡∂ö‡∑í‡∂Ω‡∑í‡∂∫ , ‡∂∏‡∑î‡∑Ö‡∑î ‡∂±‡∑í‡∑Ä‡∑É‡∂∏ ‡∂ß‡∂∫‡∑í‡∂Ω‡∑ä ‡∂ö‡∂ª‡∂± ‡∂Ω‡∂Ø , ‡∂∏‡∑î‡∑Ö‡∑î ‡∂±‡∑í‡∑Ä‡∑É‡∂∏ ‡∑É‡∑í‡∑Ä‡∑í‡∂Ω‡∑í‡∂∏ ‡∂ú‡∑É‡∑è ‡∂á‡∂≠ .","156/C/1, MaharaNugegoda, Kadawatha",2,1,600.0 sqft,9.0 perches
123,4BR House for Sale in Kadawatha,15 Jun  5:35 am,"Kadawatha, Gampaha","22,000,000",‚Ä¢ Our Reference No SH 10219( Please quote this reference number when inquiring),Kadawatha,4,3,"3,000.0 sqft",10.0 perches
124,House In Kadawatha - Kirillawala,15 Jun  5:17 am,"Kadawatha, Gampaha","5,300,000","2 km to Kandy Road, (From Kokiskade Junction)Niwasa Wata ThappayaSiviling, GateKadawatha Highway Vinadi 10Pirisidu OppuNiyama Ganumu Karuwan Pamanak Amathanna. Broker waru Anawashya","Parakandeniya, Imbulgoda",3,2,"1,200.0 sqft",12.0 perches
125,House for Sale in Kadawatha,28 Jun 11:39 am,"Kadawatha, Gampaha","10,000,000","QUIET &PEACEFUL LOCATION, RESIDENTIAL AREA.750M FROM KANDY ROAD.KIRILLAWALA WELIWERIYA RD.NEW HOUSE 1 YEAR OLD, STILL NOT OCCUPIED.QUICK SALE EXPECTED DUE TO MIGRATION.PRICE RS. 10 MLN  [ 100 LAKHS.]NO BROKERS, GENUINE BUYERS ONLY.INSPECTION BY PRIOR APPOINTMENT ONLY.",KIRILLAWALA KADAWATHA,3,1,"1,750.0 sqft",12.0 perches
126,House for Sale at Dalupitiya,15 Jun  1:21 pm,"Kadawatha, Gampaha","5,500,000","This Land and Up Stair House Located in Highly Residential area 20m to the dalupitiya junction. water /Electricity , 3 km to  kadawatha. seen Distance to 261 & 911 bus Route All the super Markets Lauf/ Keels/ food city /4shools/ 4 Banks  ara Nearby ,8 feet wide rood to the land, 20 m  from Mahara -Wattala roadground floor- living area/bathroom/kitchen1st floor- 2 bed rooms/open area","85/A,DalupitiyaRoad Dalupitiya ,Kadawatha.",2,1,700.0 sqft,5.93 perches
127,House with Land Gonahena,14 Jun 12:16 pm,"Kadawatha, Gampaha","5,500,000","O2 K.m From Kandy Main Road700m From 216 Delgoda Main RoadFive Minitus From Highway Entrance Very Cam & Peaceful Area For Living Electricity , Pipe Water, Telecom Phone Facilities Hot Water With Wash Room","Ruppagoda Road, Samagi Eksath Mawath, Gonahena",3,1,"1,200.0 sqft",12.0 perches
128,House for Sale in Kadawatha,14 Jun  9:00 am,"Kadawatha, Gampaha","28,500,000","3 stories house,  3400 sqft. 3 bedroom with attach bathroom 1 a/c room2 indoor gardens2 garage capacitySeparate servants room, washroom, utility room.Solar hot water",4,4,"3,400.0 sqft",20.0 perches,
129,House for sale in Kadawatha,13 Jun  4:45 pm,"Kadawatha, Gampaha","15,000,000",‡∂ö‡∂©‡∑Ä‡∂≠ ‡∂±‡∂ú‡∂ª‡∂∫‡∑ö ‡∑É‡∑í‡∂ß ‡∂ö‡∑í.2.5 ‡∂Ø‡∑î‡∂ª‡∑í‡∂±‡∑ä ‡∂∏‡∂Ç‡∂ö‡∂© ‡∂¥‡∑è‡∂ª‡∑ö ‡∂¥‡∑í‡∑Ñ‡∑í‡∂ß‡∑è ‡∂á‡∂≠.,"No.608/2, Ihala Biyanwila, Kadawatha.",3,1,"2,449.0 sqft",20.0 perches
130,House for sale In Kadawatha,13 Jun 12:51 pm,"Kadawatha, Gampaha","6,800,000","‡∂Ø‡∑ô‡∂∏‡∑Ñ‡∂Ω‡∑ä ‡∂±‡∑í‡∑Ä‡∑É‡∑ô‡∂±‡∑ä ‡∂∂‡∑í‡∂∏‡∑ä ‡∂∏‡∑Ñ‡∂Ω‡∑ö ‡∑É‡∂∏‡∑ä‡∂¥‡∑ñ‡∂ª‡∑ä‡∂´‡∂∫‡∑ô‡∂±‡∑ä‡∂∏ ‡∂±‡∑í‡∂∏ ‡∂ö‡∂Ω ‡∂á‡∂≠‡∑í ‡∂Ö‡∂≠‡∂ª ‡∂â‡∑Ñ‡∂Ω ‡∂∏‡∑Ñ‡∂Ω‡∑ô‡∑Ñ‡∑í ‡∂ë‡∂ö‡∑ä ‡∂ö‡∑è‡∂∏‡∂ª‡∂∫‡∂ö‡∑ä ‡∑É‡∑è‡∂Ø‡∑è ‡∂á‡∂≠.(‡∂ª‡∑è‡∂ú‡∂∏,‡∂ö‡∂©‡∑Ä‡∂≠,‡∂ú‡∂´‡∑ö‡∂∏‡∑î‡∂Ω‡∑ä‡∂Ω) ‡∂±‡∂ú‡∂ª‡∂∫‡∂±‡∑ä‡∂ß ‡∂∏‡∂∞‡∑ä‚Äç‡∂∫‡∂∏‡∑Ä ‡∂¥‡∑í‡∑Ñ‡∑í‡∂ß‡∑è ‡∂á‡∂≠‡∑í ‡∂Ö‡∂≠‡∂ª  ‡∑Ä‡∑ô‡∂Ω‡∑ä ‡∂∫‡∑è‡∂∫‡∂ö‡∑ä ‡∂Ö‡∑É‡∂∂‡∂© ‡∂±‡∑í‡∑É‡∑ä‡∂ö‡∂Ω‡∂Ç‡∂ö ‡∂¥‡∂ª‡∑í‡∑É‡∂ª‡∂∫‡∂ö ‡∂¥‡∑í‡∑Ñ‡∑í‡∂ß‡∑è ‡∂≠‡∑í‡∂∂‡∑ô‡∂± ‡∂±‡∑í‡∑Ä‡∑É‡∂ö‡∑í.           $ ‡∂∏‡∑í‡∂Ω ‡∂ú‡∂±‡∂±‡∑ä ‡∂ö‡∂≠‡∑è ‡∂ö‡∂Ω ‡∑Ñ‡∑ê‡∂ö‡∑í‡∂∫.$",2,1,"1,600.0 sqft",9.05 perches,
131,Old One - Story House Sale in Kadawatha,13 Jun 11:02 am,"Kadawatha, Gampaha","7,500,000",Property Sale in Land Value Only Price 75Laks Negotiable,3,1,"1,325.0 sqft",13.9 perches,
132,House for Sale in Bollatha,12 Jun  2:33 pm,"Kadawatha, Gampaha","4,300,000",‡∂∂‡∑ú‡∂Ω‡∑ä‡∂Ω‡∂≠ - ‡∂ú‡∂´‡∑ö‡∂∏‡∑î‡∂Ω‡∑ä‡∂Ω 266 ‡∂¢‡∑è - ‡∂á‡∂Ω ‡∂ú‡∂∏‡∑ä‡∂¥‡∑Ñ ‡∂¥‡∑ä‚Äç‡∂ª‡∂∞‡∑è‡∂± ‡∂∂‡∑É‡∑ä ‡∂∏‡∑è‡∂ª‡∑ä‡∂ú‡∂∫‡∂ß ‡∂±‡∑î‡∂Ø‡∑î‡∂ª‡∑í‡∂±‡∑ä ,3,1,"1,800.0 sqft",10.0 perches,
133,House For Sale Kadawatha,11 Jun  4:38 pm,"Kadawatha, Gampaha","6,000,000",‡∑Ä‡∑ê‡∂Ω‡∑í‡∑Ä‡∑ö‡∂ª‡∑í‡∂∫ 514 ‡∂á‡∂π‡∂ª‡∑Ö‡∑î‡∑Ä ‡∂∂‡∑É‡∑ä ‡∂¥‡∑è‡∂ª‡∑ö 75m ‡∂ö‡∑ä ‡∂Ø‡∑î‡∂ª‡∑í‡∂±‡∑ä  ‡∂¥‡∑í‡∑Ñ‡∑í‡∂ß‡∑í  ‡∂Ø‡∑ô‡∂∏‡∑Ñ‡∂Ω‡∑ä ‡∂Ö‡∂Ω‡∑î‡∂≠‡∑ä‡∂∏ ‡∂±‡∑í‡∑Ä‡∑É ‡∑Ä‡∑í‡∂ö‡∑í‡∂´‡∑ì‡∂∏‡∂ß. ‡∂∫‡∂ß  ‡∂∏‡∑Ñ‡∂Ω  ‡∂¥‡∂∏‡∂´‡∂ö‡∑ä  ‡∂Ö‡∂Ç‡∂ú ‡∑É‡∂∏‡∑ä‡∂¥‡∑î‡∂ª‡∑ä‡∂´ ‡∂ö‡∂ª ‡∂á‡∂≠ . ‡∑Ä‡∑ê‡∂Ω‡∑í‡∑Ä‡∑ö‡∂ª‡∑í‡∂∫‡∂ß‡∂∏ 1km ‡∂∫‡∑í . ‡∑Ä‡∂ß ‡∂≠‡∑è‡∂¥‡∑ä‡∂¥‡∂∫ ‡∂Ø‡∂∏‡∑è  ‡∂á‡∂≠ .,2,1,"1,400.0 sqft",6.0 perches,
134,House in Kadawatha,11 Jun  7:41 am,"Kadawatha, Gampaha","5,600,000","Colombo Kandy road to 1 kmNiwasa Wata Thappaya, Gril, Gate, SivilingNala jalaya ha lin jalayaKadawatha Highway entrance 10 muinteNiyama ganum karuwan pamanak amathanna. Brokerwaru anawashshya",3,1,"1,200.0 sqft",15.0 perches,
135,"Paddy Field Facing Luxury House for Sale in Kandy Rd, Imbulgoda",14 Jun  5:48 pm,"Kadawatha, Gampaha","24,500,000","Architecturally designed | Paddy field facing | Luxury | House for  sale @ Kandy Road, Imbulgoda________________________________________________________________Land & Floor Area -20 perches, (5000sq,ft)________________________________________________________________Bedrooms - 4One Room is designed with Timber attic (Halfly built and to be completed)master Bed facing to paddy fieldLaminate wood +Tiled  flooringAll rooms having TV, Telephone & A/C connections_________________________________________________________________Bathrooms -4 attached + Servants' bathroom(2 Bath rooms & Servants' Bathroom are completed) All fittings, tiles and accesories are available for anoter main bathroomHansgrohe taps & Duravit fittingsplumbing with hot water lines  __________________________________________________________________Indoor Specifications -",Near kandy road,4,4,"5,000.0 sqft",20.0 perches
136,House for Sale in - Kadawatha, 8 Jun  5:24 pm,"Kadawatha, Gampaha","3,500,000",‡∂ö‡∂©‡∑Ä‡∂≠ ‡∂ª‡∑è‡∂ú‡∂∏ ‡∂¥‡∑è‡∂ª‡∂ß ‡∂Ü‡∑É‡∂±‡∑ä‡∂±‡∑Ä ‡∂á‡∂≠,"kirimetiyagara road, kadawatha",2,1,"1,600.0 sqft",8.2 perches
137,House for Sale in Kadawatha,25 Jul 12:53 pm,"Kadawatha, Gampaha","4,900,000","*‡∂â‡∂ö‡∑ä‡∂∏‡∂±‡∑ä ‡∂¥‡∂Ø‡∑í‡∂Ç‡∂†‡∑í ‡∑Ä‡∑ì‡∂∏‡∂ß ‡∑Ñ‡∑ê‡∂ö‡∑í ‡∑É‡∑í‡∂∫‡∂Ω‡∑î ‡∂¥‡∑Ñ‡∑É‡∑î‡∂ö‡∂∏‡∑ä ‡∑Ä‡∂Ω‡∑í‡∂±‡∑ä ‡∑É‡∂∏‡∂±‡∑ä‡∑Ä‡∑í‡∂≠ ‡∂ö‡∂©‡∑Ä‡∂≠ ‡∂±‡∂ú‡∂ª‡∂∫ ‡∑É‡∑Ñ ‡∂Ö‡∂∞‡∑í‡∑Ä‡∑ö‡∂ú‡∑ì ‡∑É‡∑í‡∑Ä‡∑ä‡∂∏‡∂±‡∑ä‡∑É‡∂Ω‡∂ß  ‡∂â‡∂≠‡∑è‡∂∏‡∂≠‡∑ä ‡∂Ü‡∑É‡∂±‡∑ä‡∂±‡∂∫‡∑ö ‡∂¥‡∑í‡∑Ñ‡∑í‡∂ß‡∑è ‡∂á‡∂≠ .* ‡∂ö‡∂©‡∑Ä‡∂≠ ‡∑É‡∑î‡∂ª‡∑í‡∂ú‡∂∏ ‡∑Ñ‡∂±‡∑ä‡∂Ø‡∑í‡∂∫‡∑ö ‡∑É‡∑í‡∂ß 450m  / ‡∂ú‡∑è‡∂∏‡∑í‡∂´‡∑í ‡∂∏‡∑è‡∑Ä‡∂≠ ‡∂Ø‡∑ô‡∑É‡∑í‡∂±‡∑ä ‡∑É‡∑î‡∂ª‡∑í‡∂ú‡∂∏ ‡∑Ñ‡∂±‡∑ä‡∂Ø‡∑í‡∂∫‡∂ß 600m  / ‡∂ú‡∑è‡∂∏‡∑í‡∂´‡∑í ‡∂∏‡∑è‡∑Ä‡∂≠  ‡∂Ø‡∑ô‡∑É‡∑í‡∂±‡∑ä ‡∂Ö‡∂Ω‡∑í‡∂∫‡∑è ‡∑Ä‡∂Ç‡∂ú‡∑î‡∑Ä‡∂ß 650m . (‡∂ö‡∂©‡∑Ä‡∂≠ ‡∑É‡∑í‡∂ß ‡∑É‡∑î‡∂ª‡∑í‡∂ú‡∂∏ ‡∑Ñ‡∂±‡∑ä‡∂Ø‡∑í‡∂∫‡∂ß 2 km) .  ‡∂ª‡∑è‡∂ú‡∂∏‡∂ß 3km ‡∂¥‡∂∏‡∂´  . ‡∂ú‡∑è‡∂∏‡∑í‡∂´‡∑ì ‡∂∏‡∑è‡∑Ä‡∂≠‡∂ß ‡∂∏‡∑î‡∑Ñ‡∑î‡∂´‡∂Ω‡∑è ‡∂¥‡∑í‡∑Ñ‡∑í‡∂ß‡∑í ‡∑Ä‡∂ß‡∑í‡∂±‡∑è ‡∂â‡∂©‡∂∏.* ‡∂Ö‡∂∫‡∑í‡∂≠‡∑í‡∂ö‡∂ª‡∑î ‡∑Ä‡∑í‡∂Ø‡∑ö‡∑Å ‡∂ú‡∂≠ ‡∑Ä‡∑ì‡∂∏‡∂ß ‡∂Ö‡∂¥‡∑ö‡∂ö‡∑ä‡∑Ç‡∑è ‡∂ö‡∂ª‡∂± ‡∂∂‡∑ê‡∑Ä‡∑í‡∂±‡∑ä ‡∂â‡∂≠‡∑è ‡∂â‡∂ö‡∑ä‡∂∏‡∂±‡∑ä ‡∑Ä‡∑í‡∂ö‡∑í‡∂´‡∑ì‡∂∏‡∂ß ‡∂â‡∑Ñ‡∂Ω‡∂∏ ‡∂â‡∂Ω‡∑ä‡∂Ω‡∑î‡∂∏‡∂ß.* ‡∂ú‡∑ö‡∂ß‡∑ä‡∂ß‡∑î, ‡∂±‡∑í‡∑Ä‡∑É ‡∑Ä‡∂ß‡∑ö‡∂∏ ‡∂≠‡∑è‡∂¥‡∑ä‡∂¥‡∂∫ , ‡∂±‡∂Ω ‡∂¢‡∂Ω‡∂∫, ‡∑Ä‡∑í‡∂Ø‡∑î‡∂Ω‡∑í‡∂∫ , ‡∑É‡∂ö‡∑É‡∑ä ‡∂ö‡∂ª‡∂± ‡∂Ω‡∂Ø ‡∂∏‡∑í‡∂Ø‡∑î‡∂Ω  , ‡∑É‡∑è‡∂∏‡∂ö‡∑è‡∂∏‡∑ì ‡∂±‡∑í‡∑É‡∑ä‡∂ö‡∂Ω‡∂Ç‡∂ö ‡∂¥‡∂ª‡∑í‡∑É‡∂ª‡∂∫ , ‡∑É‡∑î‡∑Ñ‡∂Ø ‡∑Å‡∑ì‡∂Ω‡∑ì ‡∑Ä‡∑ê‡∂Ø‡∂ú‡∂≠‡∑ä ‡∂Ö‡∑É‡∂Ω‡∑ä‡∑Ä‡∑ê‡∑É‡∑í‡∂∫‡∂±‡∑ä .‡∂±‡∑í‡∑Ä‡∑É‡∑ö ‡∑Ä‡∑í‡∑É‡∑ä‡∂≠‡∂ª : ‡∑É‡∑è‡∂Ω‡∂∫ , ‡∂ö‡∑î‡∂©‡∑è ‡∂ö‡∑è‡∂∏‡∂ª 2 , ‡∂∏‡∑î‡∑Ö‡∑î‡∂≠‡∑ê‡∂±‡∑ä ‡∂ú‡∑ô‡∂∫ , ‡∂±‡∑è‡∂± ‡∂ö‡∑è‡∂∏‡∂ª‡∂∫ , ‡∂ö‡∑ë‡∂∏ ‡∂ö‡∑è‡∂∏‡∂ª‡∂∫ , ‡∂±‡∑í‡∑Ä‡∑É‡∑í‡∂±‡∑ä ‡∂∂‡∑ê‡∑Ñ‡∑ê‡∂ª ‡∑É‡∑ö‡∑Ä‡∂ö ‡∑Ä‡∑ê‡∑É‡∑í‡∂ö‡∑í‡∂Ω‡∑í‡∂∫ , ‡∂∏‡∑î‡∑Ö‡∑î ‡∂±‡∑í‡∑Ä‡∑É‡∂∏ ‡∂ß‡∂∫‡∑í‡∂Ω‡∑ä ‡∂ö‡∂ª‡∂± ‡∂Ω‡∂Ø , ‡∂∏‡∑î‡∑Ö‡∑î ‡∂±‡∑í‡∑Ä‡∑É‡∂∏ ‡∑É‡∑í‡∑Ä‡∑í‡∂Ω‡∑í‡∂∏ ‡∂ú‡∑É‡∑è ‡∂á‡∂≠ .","156/C/1, MaharaNugegoda, Kadawatha",2,1,600.0 sqft,9.0 perches
138,Brand New House in the Middle of Kadawatha Town,20 Jul  4:45 pm,"Kadawatha, Gampaha","21,000,000","Brand new luxury 3 story house for sale in the middle of Kadawatha town (250m to Kandy road along 20 feet wide road) on 10 perch square land with 45 feet road facing.1)	Living room/function hall of size 850 ft2 (can accommodate 150 participants at functions). 2)	5 bed rooms with 2 master bed rooms.3)	3 bath rooms on three floors.4)	2 kitchens on ground and first floors.5)	Car park for two vehicles.6)	Store room7)	Swimming pool of size 30m38)	15 ft wide access road with interlock paving.9)	Beautiful garden.10)	All flooring with 24‚Äùx24‚Äù tiles11)	All bath rooms and some internal and external walls with wall tiles.12)	Aluminum doors and windows.13)	Stainless steel railings.14)	Full AC with 7 Panasonic split AC unis (2 - 24000 btu, 4 ‚Äì 12000 btu, 1 ‚Äì 9000btu)15)	All LED lights with fittings.16)	Security camera system with 4 external cameras.17)	Good natural lighting and ventilation.18)	Suspension type floors with clear view from main entrance.19)	10 perch square land with 45 feet road facing.20)	9 ‚Äì 15 ft tall boundary walls around the land.21)	2 layers (thick and sheer) curtains for all doors and windows.22)	Roof with timber ceiling and Mack foil insulation.23)	Free from mosquitoes24)	Panoramic view from upper hill.25)	Strong and cool sea winds.26)	No floods, no landslides, no earthquakes.27)	Many supermarkets, all banks, regional government offices and other daily needs located within walking distance.28)	Easy access to Southern express, Airport express, Central express, Colombo, Kandy, Ragama and Ganemulla roads.29)	Very soon travelling time on express roads to major cities will be as follows,Kaduwela, Wattala 5 minsColombo fort, Rajagiriya, Battaramulla, Airport 10-15 minsKurunagala 45 minsGalle, Kandy 75 mins30)	Building design and construction supervision by a well-qualified and well-experienced Engineer.31)	UDA building approval and Certificate of Compliance available32) Loan can be arranged at very low interest rates.",5,3,"3,400.0 sqft",10.0 perches,
139,House for Sale Kadawatha, 7 Jun  4:14 pm,"Kadawatha, Gampaha","6,000,000","‡∑Ä‡∑ë‡∂∂‡∂© ‡∂∏‡∑è‡∂∞‡∑ä‚Äç‡∂∫  ‡∂∏‡∑Ñ‡∑è  ‡∑Ä‡∑í‡∂Ø‡∑ä‚Äç‡∂∫‡∑è‡∂Ω‡∂∫  ‡∂Ö‡∑É‡∂Ω  ‡∂ö‡∂©‡∑Ä‡∂≠  ‡∂Ø‡∑ô‡∂Ω‡∑ä‡∂ú‡∑ú‡∂© ‡∂¥‡∑è‡∂ª‡∂ß  50m  ‡∂ö‡∑è‡∂∏‡∂ª  3, ‡∑É‡∑è‡∂Ω‡∂∫ , ‡∂ö‡∑î‡∑É‡∑ä‡∑É‡∑í‡∂∫ ‡∂à‡∂ß‡∂†‡∑ä ‡∂∂‡∑è‡∂≠‡∑ä‡∂ª‡∑î‡∂∏‡∑ä",3,1,"1,200.0 sqft",10.0 perches,
140,House for Sale - Kadawatha, 7 Jun  1:09 pm,"Kadawatha, Gampaha","16,000,000",Kadawatha Ragama Road  Neligama 600 mts Main Road  222/1 Bus Rout Road Facing 4 Bed Room Bath Room 02 Two Story Building with 2 Commercial Shops 2000 sqf 16 Million3km to Ragam Town 3km to Kadawatha High way Entrances,kadawatha,4,2,"2,000.0 sqft",10.0 perches
141,Luxury House for Sale in - Kadawatha,25 Jun  4:26 pm,"Kadawatha, Gampaha","9,000,000",Luxury House for Sale in Kadawatha==========================,"Kossinna, Kadawatha",2,1,"1,800.0 sqft",12.0 perches
142,House With Commercial Property For Sale In Kadawatha,17 Jun  3:54 pm,"Kadawatha, Gampaha","29,000,000","Kadawatha 583 bus parata munala  thattu 2kea  uda niwasa athuluwa waththa mada thani thattuwea niwasa...samaga viyaparika isthanaya sundara parisaraya sahithawa...kadawatha ‡∂Ö‡∂∞‡∑í‡∑Ä‡∑ö‡∂ú‡∑ì ‡∂∏‡∑è‡∂ª‡∑ä‡∂ú‡∂∫ ta miniththu 5-10.Mulu watinakama 32,000,000",3,2,"2,400.0 sqft",41.0 perches,
143,House for sale In Kadawatha, 6 Jun  5:04 am,"Kadawatha, Gampaha","7,000,000",Kadawatha Ganemulla Road pokuna junction to 600 m Kadawatha Town to 6 km house for sale good house 1200 sq.f. car parking big space 3 bed  room 1 bathroom living and dining 14.5 purchase ‡∂ö‡∂©‡∑Ä‡∂≠  ‡∂ú‡∂±‡∑ö‡∂∏‡∑î‡∂Ω‡∑ä‡∂Ω  ‡∂∏‡∑è‡∂ª‡∑ä‡∂ú‡∂∫‡∑ö  ‡∑Ä‡∂Ω‡∑í‡∂¥‡∑í‡∂Ω‡∑ä‡∂Ω‡∑è‡∑Ä.  ‡∂¥‡∑ú‡∂ö‡∑î‡∂´ ‡∑Ñ‡∂±‡∑ä‡∂Ø‡∑í‡∂∫‡∑ö ‡∑É‡∑í‡∂ß.  ‡∂∏‡∑í. 600.‡∂ö‡∂©‡∑Ä‡∂≠ ‡∂±‡∂ú‡∂ª‡∂∫‡∑ö ‡∑É‡∑í‡∂ß ‡∂ö‡∑í. ‡∂∏‡∑í. 6.‡∑Ä‡∂ª‡∑ä‡∂ú ‡∂Ö‡∂©‡∑í. 1200.‡∂Ö‡∂±‡∂ª‡∑ä‡∂ù ‡∂±‡∑í‡∑Ä‡∑É‡∂ö‡∑ä ‡∂∏‡∑î‡∂Ø‡∂Ω‡∑ä ‡∑Ñ‡∂Ø‡∑í‡∑É‡∑í‡∂∫‡∂ö‡∂ß ‡∂â‡∂ö‡∑ä‡∂∏‡∂±‡∑í‡∂±‡∑ä ‡∑Ä‡∑í‡∂ö‡∑í‡∂±‡∑ì‡∂∏‡∂ß. ‡∂ö‡∑è‡∂∏‡∂ª 3.‡∂±‡∑è‡∂± ‡∂ö‡∑è‡∂∏‡∂ª. ‡∑É‡∑è‡∂Ω‡∂∫ ‡∂ö‡∑ë‡∂∏ ‡∂ö‡∑è‡∂∏‡∂ª‡∂∫. ‡∑Ä‡∑è‡∑Ñ‡∂± ‡∂±‡∑Ä‡∂≠‡∑è ‡∂≠‡∑ê‡∂∂‡∑ì‡∂∏‡∂ß ‡∂¥‡∑Ñ‡∑É‡∑î‡∂ö‡∂∏‡∑ä ‡∂¥‡∂ª‡∑ä‡∂†‡∑É‡∑ä. 14. 5.,3,1,"1,200.0 sqft",14.5 perches,
144,House For Sale - Kadawatha, 5 Jun 11:50 am,"Kadawatha, Gampaha","11,500,000","‡∂±‡∑Ö ‡∂¢‡∂Ω‡∂∫ , ‡∑Ä‡∑í‡∂Ø‡∑î‡∂Ω‡∑í‡∂∫, ‡∑É‡∑ñ‡∂ª‡∑ì‡∂∫‡∂ú‡∂∏ ‡∑Ñ‡∂Ç‡∂Ø‡∑í‡∂∫‡∂ß ‡∂∏‡∑ì‡∂ß‡∂ª‡∑ä 100 ‡∂∂‡∑ê‡∂Ç‡∂ö‡∑î ‡∂´‡∂∫ ‡∂¥‡∑Ñ‡∑É‡∑î‡∂ö‡∑ä‡∂∏‡∑ä. ‡∂¥‡∂Ø‡∑í‡∂Ç‡∂†‡∑í ‡∂±‡∑ú‡∑Ä‡∑ñ ‡∂±‡∑Ä ‡∂±‡∑í‡∑Ä‡∑É‡∂ö‡∑í. ‡∂ß‡∂∫‡∑í‡∂Ω‡∑ä ‡∂ö‡∂ª ‡∂á‡∂≠.  ‡∑É‡∑í‡∂∫‡∂Ω‡∑î ‡∂¥‡∑Ñ‡∑É‡∑î‡∂ö‡∂∏‡∑ä ‡∑É‡∑Ñ‡∑í‡∂≠  ‡∂Ö‡∂Ç‡∂ú ‡∑É‡∂∏‡∑ä‡∂¥‡∑ñ‡∂ª‡∑ä‡∂´ ‡∂±‡∑í‡∑Ä‡∑É ‡∑Ä‡∑í‡∂ö‡∑í‡∂±‡∑ì‡∂∏‡∂ß ‡∂á‡∂≠. ‡∂∏‡∑í‡∂Ω ‡∂ú‡∂±‡∂±‡∑ä ‡∑É‡∑è‡∂ö‡∂†‡∑ä‡∂†‡∑è ‡∂ö‡∂ª‡∂ú‡∂≠ ‡∑Ñ‡∑ê‡∂ö .‡∑Ä‡∑ê‡∂©‡∑í ‡∑Ä‡∑í‡∑É‡∑ä‡∂≠‡∂ª ‡∑É‡∂Ø‡∑Ñ‡∑è ‡∑Ä‡∑í‡∂∏‡∑É‡∂±‡∑ä‡∂±.","‡∂ö‡∂©‡∑Ä‡∂≠ , ‡∑É‡∑ñ‡∂ª‡∑í‡∂∫‡∂ú‡∂∏",2,2,"1,500.0 sqft",13.0 perches
145,4 Br Hous Sale in Bandarawatta, 3 Jun  9:26 pm,"Kadawatha, Gampaha","17,000,000","2 Storey House For Sale in  kadawatha, Bandarawatta -------------------------1 km to kadawatha","millagahawatta Rd, bandarawatta, kadawatha",4,2,"1,500.0 sqft",14.0 perches
146,House for Sale in Kadawatha, 3 Jun  2:41 pm,"Kadawatha, Gampaha","35,000,000",Colonial House for sale Kadawatha===========‚úÖ   4 Bed Room / Living Room / Dining Room / Kitchen  / Bathroom with Soldaraya‚úÖ   100 Perches or 400 perches or more can buy‚úÖ   Part of Land : Minimum 100 Perches with House is Rs. 35000000/-‚úÖ   2Km to Weliweriya‚úÖ   3Km to Kandy Road (Kiriwandala)‚úÖ   6Km to Kadawatha High way entrance‚úÖ   300m to nearest bus route‚úÖ   Calm and Quite Natural Environment ‚úÖ   Price can be negotiated after inspection,"251/1, Ambaraluwa, South, Weliweriya.",4,2,"2,500.0 sqft",100.0 perches
147,"House for Sale-Mahena Road, Meegawatta", 3 Jul  1:24 pm,"Kadawatha, Gampaha","14,500,000","PARTLY COMPLETED 2 STORY HOUSE COMPRISING 3500 SQFT. 2000SQFT FINISHING DONE AND OCCUPIED. STRUCTURE IS COMPLETED. OWNER MIGRATING. RS 14,500,000","MAHENA ROAD, MEEGAWATTA",2,1,"3,500.0 sqft",10.0 perches
148,House for Sale - Kadawatha, 2 Jun  3:18 pm,"Kadawatha, Gampaha","7,500,000","‡∂ö‡∂©‡∑Ä‡∂≠  ‡∂∂‡∂´‡∑ä‡∂©‡∑è‡∂ª‡∑Ä‡∂≠‡∑ä‡∂≠  ‡∂ë‡∂ö‡∑ä‡∑É‡∂≠‡∑ä ‡∂∏‡∑è‡∑Ä‡∂≠‡∑ö ‡∂±‡∑î‡∑Ä‡∂ª  ‡∂¥‡∑è‡∂ª‡∂ß ‡∑Ä‡∑í‡∂±‡∑è‡∂©‡∑í  10 ‡∂∫‡∑í  ‡∂Ö‡∂Ø‡∑í‡∑Ä‡∑ö‡∂ú‡∑ì  ‡∂¥‡∑í‡∑Ä‡∑í‡∑É‡∑î‡∂∏‡∂ß  2 KM  ‡∑Ä‡∂ß  ‡∂≠‡∑è‡∂¥‡∑ä‡∂¥  ‡∂ú‡∑ö‡∂ß‡∑ä‡∂ß‡∑ä‡∂ß‡∑î  ‡∑Ö‡∑í‡∂Ç  ‡∂¢‡∂Ω‡∂∫ ,‡∂±‡∂Ω  ‡∂¢‡∂Ω‡∂∫ ‡∂Ö‡∂Ç‡∂ú‡∑É‡∂∏‡∑ä‡∂¥‡∑î‡∂ª‡∑ä‡∂´  ‡∂±‡∑í‡∑Ä‡∑É ‡∑Ä‡∑í‡∂ö‡∑í‡∂±‡∑ì‡∂∏‡∂ß  ‡∂∂‡∑ä‚Äç‡∂ª‡∑ù‡∂ö‡∂ª‡∑ä  ‡∑Ä‡∂ª‡∑î‡∂±‡∑ä  ‡∂Ö‡∂±‡∑Ä‡∑Å‡∑ä‡∑É‡∂∫‡∂∫‡∑í .",3,1,"1,300.0 sqft",9.8 perches,
149,House with Land for Sale in - Siyabalape, 2 Jul  9:55 pm,"Kadawatha, Gampaha","6,000,000","KIRIBATHGODA TOWN- 5KM ,KADAWATHA TOWN- 4KM,BIYAGAMA EPZ- 4KM,DELGODA- PETTAH MAIN ROUTE -100M  CLEAR  DOCUMENT SUITABLE FOR RESEDENT,","Meegahawaththa, Siyabalape",3,1,"1,800.0 sqft",22.0 perches
150,Brand New 2 Storey House for Sale - Migahawatta,27 Jul  9:35 am,"Kadawatha, Gampaha","18,000,000","Brand new 2Storey House For Sale in Mawaramandiya, Migahawatta.subadrarama rd. ","Kadawatha, Mawaramandiya,Migahawatta",5,2,"2,000.0 sqft",16.0 perches
151,Brand New House Sale in Soon at Kadawatha.,31 May 11:39 pm,"Kadawatha, Gampaha","9,430,000",Brand New Single Storey  House Sale in Kadawatha.,"Kadawatha, Soorigama, Gamini Mawatha.",3,2,"1,000.0 sqft",8.0 perches
152,House for sale in Kadawatha,31 May  7:41 pm,"Kadawatha, Gampaha","15,900,000",LAND DETAILS,"Kadawatha,Mankada",3,2,"1,355.0 sqft",9.0 perches
153,House for Sale in Kadawatha,31 May  4:16 pm,"Kadawatha, Gampaha","3,600,000",Mudala hadissiyak sadaha hiway ekata 1km durin pihita ati niwasa wikineemata,2,1,"1,400.0 sqft",4.5 perches,
154,04 STORY HOUSE & 20 P for saleKADAWATHA,31 May 12:08 pm,"Kadawatha, Gampaha","26,000,000",New house being constructed (80% completed) with all facilities.,EHLA EBULGODA KADAWATHA,3,3,"4,500.0 sqft",20.0 perches
155,House for Sale in - Kadawatha,13 Jun  2:20 pm,"Kadawatha, Gampaha","12,000,000",Ragama 03 KmKadawatha 02 Km03 Bed Rooms01 BathroomKitchenGarage,"Kadawatha, Road Ragama",3,1,"1,850.0 sqft",21.0 perches
156,HOUSE FOR SALE IN KADAWATHA,30 May  8:25 pm,"Kadawatha, Gampaha","14,000,000","Kadawatha adiweegi piwisumata 1.5km.Nuwara parata 700m‡∂≠‡∑è‡∂¥‡∑ä‡∂¥ ‡∂ú‡∑ö‡∂ß‡∑ä‡∂ß‡∑î ‡∂Ö‡∂Ç‡∂ú‡∑É‡∂∏‡∑ä‡∂¥‡∑ñ‡∂ª‡∑ä‡∂´ Carpet  ‡∂¥‡∑è‡∂ª‡∂ß ‡∂∏‡∑î‡∑Ñ‡∑î‡∂´‡∂Ω‡∑è 17 perch‡∂ö‡∑è‡∂∏‡∂ª 3k,‡∑É‡∑è‡∂Ω‡∂∫,‡∂ö‡∑î‡∑É‡∑ä‡∑É‡∑í‡∂∫ ,attached bathroom,kaama kamaraya,Full tiled.",3,1,"1,600.0 sqft",17.0 perches,
