,0,1,2,3,4,5,6,7
0,title,posted date,location,price,description,Property type:,Address:,Size:
1,Factory Premises for Sale - Katuwana,10 Jul  3:08 pm,"Homagama, Colombo","240,000,000","•	Situated in Homagama, Katuwana Industrial Zone.•	161 Perch land, comprising 6000, 3950, 8920 Sqft buildings•	Immediate occupation with clear deeds.•	Two separate entrances (from both sides) with dedicated two security huts.•	Three Buildings with all the facilities.•	Three phase electricity from two dedicated transformers. (150kVA & 70kVA)•	Dedicated office space.•	End to end 21 feet Tar road connecting all buildings.•	Container bay, can park up to three containers.•	Kitchen, Dining area and employee quarters.•	Foiling is installed in the roof ceiling for comfortable indoor heating along with roof wind turbines.•	Emergency fire water tank and hose system",Factory / Workshop,Katuwana Industrial Zone,"18,870 sqft"
2,"['Factory Premises for Sale - Katuwana', '10 Jul  3:08 pm', 'Homagama, Colombo', '240,000,000', '•\tSituated in Homagama, Katuwana Industrial Zone.•\t161 Perch land, comprising 6000, 3950, 8920 Sqft buildings•\tImmediate occupation with clear deeds.•\tTwo separate entrances (from both sides) with dedicated two security huts.•\tThree Buildings with all the facilities.•\tThree phase electricity from two dedicated transformers. (150kVA & 70kVA)•\tDedicated office space.•\tEnd to end 21 feet Tar road connecting all buildings.•\tContainer bay, can park up to three containers.•\tKitchen, Dining area and employee quarters.•\tFoiling is installed in the roof ceiling for comfortable indoor heating along with roof wind turbines.•\tEmergency fire water tank and hose system', 'Factory / Workshop', 'Katuwana Industrial Zone', '18,870 sqft']","['title', 'posted date', 'location', 'price', 'description', 'Property type:', 'Address:', 'Size:']",,,,,,
3,Commercial Building for Sale in Kollupitiya, 3 Jun  1:16 pm,"Colombo 3, Colombo","90,000,000","Commercial Building for Sale in Kollupitiya, 16th Lane.* 4800 Sq.Ft* 4 Storeys* Two Way Road Access* Parking for 4 Vehicles* 5 Perch Land* Property generates a monthly rental income of LKR.600,000.",Office,"Kollupitiya, Colombo 3","4,800 sqft"
4,Building for sale Kaduwela,23 Jul  5:24 pm,"Angoda, Colombo","8,800,000",General Features • attached bathroom • fully fitted kitchen • tiled floor • electricity • tap line water In front of Kaduwela low level road,Building,"1,800 sqft",
5,Building for Sale in Moratuwa,25 Jul 12:45 pm,"Moratuwa, Colombo","38,000,000",Building for Sale in MoratuwaFacing Galle Road 6 storied Building with Basement  car parkingHighly Commercialize  AreaBuilding 5000 sq ftProvision  for Lift wellNearly -   moratuwa urban council  puran appu ground under  main car park               HNB / Peoples Bank / NSB  / PABC                Nation Trust Bank / DFCC Opposite  Petrol Shed &  YMCA / Super market Selling Price Rs 38 million  ( Immediate Sale  for migrate ),Building,Galle Road - Moratuwa,"5,000 sqft"
6,03 Story Building Sale At Maharagama,25 Jul 10:20 am,"Maharagama, Colombo","29,500,000",3 STORY BUILDING & 02 P SALE AT  FACING HIGH-LEVEL ROAD WATHEGEDRA MAHARAGAMA  ,Building,FACING HIGH LEVEL ROAD WATHEGEDARA MAHARAGAMA,"2,200 sqft"
7,"Commercial Property for Sale in Thalawatugoda,Hokandara Road.",24 Jul  6:16 pm,"Talawatugoda, Colombo","6,700,000",Commercial Property for Sale.Thalawatugoda Hokandara Road.,Building,"Thalawatugoda,Hokandara Road.",950 sqft
8,Commercial Building for Sale in Talawatugoda,24 Jul  3:40 pm,"Talawatugoda, Colombo","16,000,000",Commercial Building for sale in Talawatugoda,Building,Talawatugoda,"2,000 sqft"
9,Ware House Sale in Nawala,24 Jul 10:31 am,"Nawala, Colombo","5,000,000","WARE HOUSE SALE IN NAWALA2000 SQ FEET20 FEET CONTAINER ACCESS7 PERCHES5 MILLION PER PERCHIf you’re interested in buying, please give a call prior to your visit.",Warehouse / Storage,"2,000 sqft",
10,Commercial property | For sale in Colombo 2 - CC560,23 Jul  8:03 pm,"Colombo 2, Colombo","850,000,000","3 floors, 12-15 public parking, Bordering Colombo 1, Located in highly developing business hub with Lake view.",Building,"22,000 sqft",
11,Nugegoda Commercial Building for Sale - C0578,23 Jul  8:00 pm,"Nugegoda, Colombo","230,000,000",26000 sqft Building for sale in close to Delkanda Junction,Building,"26,000 sqft",
12,Commercial Building for Sale | Mount Lavinia - CC564,23 Jul  6:52 pm,"Mount Lavinia, Colombo","200,000,000",#. 5 Storied Commercial Building for Sale at Off Temple's Road.#. Pictures are not real,Building,"26,000 sqft",
13,Colombo 10 Building | for sale - CC537,23 Jul  6:51 pm,"Colombo 10, Colombo","200,000,000",#. 6 floors building with 42 rooms#. Elavator available#. Close to Sugathadasa Stadium,Building,"21,600 sqft",
14,Building for Sale in Rathmalana,23 Jul  6:44 pm,"Ratmalana, Colombo","1,700,000",Building for Sale in RathmalanaLand size 2.5 perchesTwo story Building Near to Ratmalana Economic Center Good Business Place  රත්මලාන ආර්ථික  ස්ථානය  සමීපව  අදායම්  ඉපයිය හැකි  පර්චෙස්  2.5 ක  දෙමහල්  නිවස විකිණීමට   වැඩි විස්තර සදහා  අමතන්න Price Rs 1700000,Building,Ratmalana Economic Center - Rathmalana,700 sqft
15,Commercial Property | For Sale Mount Lavinia - CC519,23 Jul  6:43 pm,"Mount Lavinia, Colombo","140,000,000","4 story building with 12000sqft. Parking space with 8 vehicles.This building is located in Galle road, Mount Lavinia",Building,"12,000 sqft",
16,Commercial Building For Sale in Maharagama,23 Jul  5:20 pm,"Maharagama, Colombo","47,500,000",Commercial Building For Sale in Maharagama,Building,Maharagama,800 sqft
17,25000 Sqft Commercial Proerty for Sale in Colombo 9,23 Jul  3:23 pm,"Colombo 9, Colombo","550,000,000",• Our Reference No SH 10101( Please quote this reference number when inquiring),Building,Colombo 9,"25,000 sqft"
18,3 Story Commercial Property for Sale in Maharagama.,23 Jul 11:15 am,"Maharagama, Colombo","19,800,000",Three Storey Building SaleAt Maharagama Pamunuwa Junction.,Building,"Maharagama near Pamunuwa,Mihindu Mawatha.","4,600 sqft"
19,3 Storey Commercial Property for Sale in Thalawatugoda.,23 Jul 10:44 am,"Talawatugoda, Colombo","19,800,000",Three Storey Building SaleAt Thalawatugoda near Pamunuwa Junction.,Building,Thalawatugoda near Pamunuwa,"4,600 sqft"
20,22 Perch Building for Sale in Colombo 7,22 Jul  9:46 pm,"Colombo 7, Colombo","17,000,000",Colombo 7Dharmapala Mawatha (Prime residential neighborhood)22.2 Perch Land with a two storey house for Sale(2nd block from the main road),Building,"95, Dharmapala Mawatha, Colombo 7","3,800 sqft"
21,Ware House with Office Space for Sale in - Thalawatugoda,22 Jul  6:38 pm,"Talawatugoda, Colombo","210,000,000","49 perches, Ground and 3 Three Floors Including Office Area , 4 Loading Bays , Generator , 2 Lifts, Ample Parking Facing Thalawatugoda Hokandara Road",Warehouse / Storage,"Hokandara Road , Thalawatugoda","40,000 sqft"
22,Apartment Complex in Nugegoda,23 Jul  9:25 am,"Nugegoda, Colombo","155,000,000",built on 15P Land,Building,Nugegoda,"10,000 sqft"
23,SINGLE STORY BUILDING MAHARAGAMA,22 Jul  8:40 am,"Maharagama, Colombo","52,500,000",Rs 52500000.00,Building,MAHARAGAMA,"2,500 sqft"
24,Commercial Building for Sale at Nawala,21 Jul 10:37 pm,"Rajagiriya, Colombo","95,000,000",Main road facing 4 story building 4 vehicle parking,Building,360 nawala Road Rajagriya,"4,000 sqft"
25,40 Apartments Building for Sale Nawinna,21 Jul 10:29 pm,"Maharagama, Colombo","400,000,000",Total apartments 421bedroom apartment 8 Floors Lift available Parking available A/C Non A/C apartments available,Building,141 old kottawa Road Nawina Maharagama,"25,000 sqft"
26,Building for Sale in Kotte,21 Jul 10:20 pm,"Maharagama, Colombo","190,000,000",Main road facing 5 story building Parking available Suitable for office store and any kind of commercial purposes,Building,815 EAP perera Mawatha Ethul kotte,"10,000 sqft"
27,Reception Hall and Guest House for Sale in Mattegoda,21 Jul  3:48 pm,"Kottawa, Colombo","55,000,000",• Our Reference No SH 10267( Please quote this reference number when inquiring),Restaurant,"Polgasowita Road, Mattegoda","4,500 sqft"
28,Four Story Building Sale in Kesbewa,20 Jul  8:21 am,"Kesbewa, Colombo","33,000,000",04 STORY BUILDING SALE AT KESBEWA ,Building,FACING KESBEWA -BANDARAGAMA ROAD KESBEWA,"8,000 sqft"
29,"5 Storied Commercial Building for Sale in Pathiragoda Road, Maharagama",10 Jul  9:08 am,"Maharagama, Colombo","55,000,000","5 Storied Commercial Building for Sale in Pathiragoda Road, Maharagama16 PerchesEach Floor is 2000 Sq.Ft. Apartment4 Apartments3 Bedrooms & 2 Bathrooms on Each ApartmentFully TiledA/C, Hot Water, Car Park, CCTV & All Facilities ThereRoof Top on 5th FloorRoof Tops are Tiled & Have Separate Bathroom8 Perch Car Park20Ft. Access RoadClose to Sri Jayawardenapura Hospital2km to Highlevel RoadIdeal for Commercial or Residential UseIdeal for School, Private Hospital or Care HomeUrgent SaleNo BrokersSelling Price: Rs.55 MillionCall for More Details",Building,Pathiragoda Road,"8,000 sqft"
30,22 Perch Building for Sale in Colombo 7,22 Jul  9:46 pm,"Colombo 7, Colombo","17,000,000",Colombo 7Dharmapala Mawatha (Prime residential neighborhood)22.2 Perch Land with a two storey house for Sale(2nd block from the main road),Building,"95, Dharmapala Mawatha, Colombo 7","3,800 sqft"
31,Warehouse For Sale Welivita - C0558,19 Jul  7:44 pm,"Kaduwela, Colombo","320,000,000","Land with a warehouse, High Land, 10Km to Colombo port and 1Km to highway.",Warehouse / Storage,"6,000 sqft",
32,3 Storied Building for Sale - Wellampitiya,19 Jul  2:55 pm,"Wellampitiya, Colombo","22,500,000",3 storied building3.4 perched,Building,kolonnawa rd wellampitiya,800 sqft
33,3 Storied Building for Sale - Wellampitiya,19 Jul  3:09 pm,"Wellampitiya, Colombo","23,000,000",3 storied building 5 perched,Building,kolonnawa rd wellampitiya,"1,200 sqft"
34,"2 Storey Commercial Property For Sale in Nawala, Facing Main Road.",19 Jul  2:15 pm,"Nawala, Colombo","85,000,000",Two Storey Commercial Property  for Sale in Nawala.Facing Nawala Main Road.,Office,"Nawala, Facing Main Road.","2,100 sqft"
35,3 Story Building 3.7 P Colombo 2,19 Jul 11:04 am,"Colombo 2, Colombo","60,000,000",CLOSE TO RAILWAYS AND GALLE FACE.,Building,MAIN JUNCTION AT SLAVE ISLAND COLOMBO 2,850 sqft
36,Building for Sale in Pannipitiya,19 Jul 10:26 am,"Pannipitiya, Colombo","32,500,000",Building for sale in Pannipitiya=======================,Building,456 sqft,
37,Factory for Sale Piliyandala - C0686-F,19 Jul  7:52 am,"Maharagama, Colombo","25,000,000","10 perch and with Garment factory for sale in Maharagama Road, Piliyandala.",Factory / Workshop,"5,000 sqft",
38,Battaramulla Commercial Property | for Sale - CC550,19 Jul  7:52 am,"Battaramulla, Colombo","100,000,000",#. 4 Storeyed Commercial Building Is Available for Sale.,Building,"2,200 sqft",
39,COMMERCIAL PROPERTY & 43 P MAHARAGAMA,18 Jul  6:28 pm,"Maharagama, Colombo","50,000,000",Rs 50000000.00 LAKHSPER PERCH ( 1162790.00 LAKHS PER PERCH )Negotiable,Shop,FACING PAMUNUWA ROAD MAHARAGAMA,"2,000 sqft"
40,"Vehicle service station,spare parts shop and 4 floor building - Hanwella",18 Jul  1:08 pm,"Hanwella, Colombo","300,000,000",Well maintained vehicle service station in Hanwella town. It’s in the main road of Hanwella town. There’s a 4 floor building adjacent to the main road. First floor is rented to the NDB bank for 9 years. The rent of the bank is Rs 210 laks per month. The rest of the building is yet to be rented out. The land is 80 perches. The service station office with spare parts in the first floor. The profit of spare parts shop per month is Rs 6 laks. There’s a vehicle fitness service and the profit of it is Rs 1.5 laks per month.  The service station consists of purification system for engine oil and sewage clearing plus a 3 floor building towards the end of the land for employees to stay. It’s a 3 floor building with 30*30 surface area. The service have a profit of 7 laks per month. The building consists of 3 phase current with 62 amps transformer. Price is negotiable. For immediate sale due to migration. Rs 3000 laks,Building,"138/A, Pahala Hanwella, Hanwella","34,000 sqft"
41,Office /shop Space for Sale in Rajagiriya,18 Jul  7:18 pm,"Rajagiriya, Colombo","8,000,000","Shop & Office space available at Jana Jaya City, RajagiriyaShopping mall (4th floor)Brand new buildingWith all facilities* Escalators* Lifts* A/C* Smoke sensors* Security / CCTV* car park* Cinema* Food court* The Light Rail Transit (LRT) Ragagiriya station near by",Shop,250 sqft,
42,Hotel | For Sale In Malabe - MCP672,18 Jul  3:59 am,"Malabe, Colombo","250,000,000",A+ grade approved tourist board hotel.,Hotel,"5,000 sqft",
43,Building for Sale in Mattakkuliya,17 Jul  4:55 pm,"Colombo 15, Colombo","98,000,000",Well maintained building available in Mattakkuliya - Colombo 15. ( main road facing ) ,Building,Mattakkuliya - Colombo 15,"3,000 sqft"
44,"Valuable Commercial Land for Sale in Ramanayake Mawatha, Colombo 02",17 Jul  2:17 pm,"Colombo 2, Colombo","17,000,000","23.7p land situated in highly commercial area for immediate sale facing Ramanayake Mawatha, Colombo 02 next to Mobitel head office building. Ideal location for a corporate office or to establish any kind of business premises. There is separate 10ft private road can use to get access to the premises from behind. This is a life time investment opportunity must not miss. ",Building,"1,000 sqft",
45,BS206 - Property for Sale in Nawala,19 Jul  6:27 pm,"Nawala, Colombo","105,300,000","* 5000sqft* 03 story building * 16.2 Perches* 15ft Access Road* Commercial Property* 36ft wide facing the east* 100KW Diesel generator* Bath 02 on ground floor, 03 on 1st floor, 01 on 2nd floor* A/C rooms* 03 Board Rooms* CCTV* Carpet Floor in some areas* 6 Story Building Approval * 8 Rooms* Reception Area* Large office space* Car park for 8+ ",Building,"5,000 sqft",
46,(CS166) Petrol Station for Sale - Angoda,17 Jul  1:30 pm,"Angoda, Colombo","600,000,000",Great investment opportunity 300 perchesLKR 2 million per perchFuel station + Heavy vehicle service stationRoad frontageConvenient locationHighly populated area,Other,"Galwana Junction, Orugodawatte - Ambathale Road, Angoda","82,000 sqft"
47,Borella 3 Storied Building For Sale,18 Jul  2:13 am,"Colombo 8, Colombo","35,000,000",2500 sq.Ft3 storied100M from Borella Junction,Building,"243, Ward Place, Colombo 08","2,500 sqft"
48,Shop for sale in Colombo 11,17 Jul  3:53 am,"Colombo 11, Colombo","7,500,000","Shop for sale near the Titus building 158/6, Haroon Arcade, 1st cross street, market",Shop,"Haroon Arcade, 1st cross street, colombo-11",36 sqft
49,Under Construction Commercial House & Land for Sale - Nugegoda,16 Jul  1:45 pm,"Nugegoda, Colombo","22,000,000","Under Construction Commercial House & Land for Sale in Nugegoda......................................................1 Land extent: 4.25 Perches2 Property is located on a private lane off Nugegoda Road, . [2nd Block From Main Rd]3 The property is approx. 500 meters away from Jubliee Post. 4The property is approx. 600 meters from Nugegoda Junction. --------------------------------------------------------------------------------------------------1 The property is accessible via a private lane off  Nugegoda Road which is 15-20 feet wide.2 The property is only the second block on the private land. ----------------------------------------------------------------------------------------------------1 2-story under Construction house & land. Selling 2 The house features 2 bedrooms, 1 bathrooms and c. 1,700 square feet.3 Quiet residential area. in commercial4 Clear title",Building,The property is approx. 500 meters away from Jubliee Post.,"1,700 sqft"
50,Commercial Property in Nugegoda,16 Jul 10:41 am,"Nugegoda, Colombo","80,000,000","Commercial property with a flat above for sale. Property is located between Nugegoda and Kattiya Junction on Old Kesneva road. This property has huge potential being so close to Nugegoda town centre. Total of 8 rooms in the property and parking available for 3 cars inside and plenty more outside, please call for more information.",Building,"3,000 sqft",
51,22 Luxury Bedroom Hotel for Sale in - Mount Lavinia,15 Jul  9:57 pm,"Mount Lavinia, Colombo","230,000,000","22 Luxury Bedroom Hotel For Immediately Sale in Mount Lavinia(Hotel Road off Beach Road ,Mount lavinia)--------------------------22 Luxury  Bedrooms with 19 AC Room19 air conditioned luxury bedrooms, 3 Apartments, beer garden, 200 people Night club, full liquor licence, sea view beautiful rooftop bar. Cable TV, hot water, 20 perch Land 20 feet Road.Close by Keels Super, Cargils Food City, Health Guard Pharmacy, Dispensary,",Hotel,Hotel Road mouth lavinia,"17,000 sqft"
52,Kaduwela Commercial property Service station - CC546,15 Jul  8:38 pm,"Kaduwela, Colombo","250,000,000",#. Modern vehicle maintenance station#. Generator#. two compressor,Factory / Workshop,"11,000 sqft",
53,Building for Sale Moratuwa,15 Jul  8:52 pm,"Moratuwa, Colombo","12,000,000","මොරටුව මොරටුමුල්ල දකුණ වර්ගඅඩි 1500 ක (පළල අඩි 12 යි, දිග අඩි 60 යි.)තෙමහල්  ගොඩනැගිල්ලක් විකිනීමට. ප්‍රධාන පාරකට මුහුණලා පාසලක් සහ බැන්කුවක් ආසන්නයේ පිහිටා ඇත. ඕනෑම ව්‍යාපාරයකට සුදුසුයි.මිල ගණන් සාකච්චා කරගත හැක.  ",Building,"42/A, Moratumulla South, Moratuwa","1,500 sqft"
54,Commercial Buildings for Sale Nugegoda,16 Jul  7:20 am,"Nugegoda, Colombo","75,000,000",3story commercial buildings 6perches land extent facing main Nawala rd Nugegoda town 30ft rd frontage 5vehicles parking area highly commercial place price 75000000.no brokers genuine buyers well come appointments,Building,Nugegoda facing Nawala rd,"5,000 sqft"
55,2600sqft Building (5.5P ) for Sale in IDH,23 Jul 10:29 pm,"Kolonnawa, Colombo","21,000,000","IDH,කොලොන්නව පාරේ( I O C) ඉන්ධන පිරවුම්  හල  ආසන්නයේ ප්‍රධාන පාරට මුහුනත අඩි 40ක්  වන කඩකාමරය  3ක්  සහිත වර්ගඅඩි 2500කට  වැඩි  දෙමහල්  ගොඩනැගිල්ල ලක්ෂ 210 කට විකිනීමට ඇත .නාන කාමර 2ක් ද  ටොයිලට්   ද සහිතයි .@ බැංකුවකට , රක්ෂණ සමාගමකට , ෆිනෑන්ස් හෝ වෙනයම් සුදුසු  ව්‍යාපාරික කටයුත්තක් සදහා  කාර්යාලයකට ඉතාමත්  සුදුසු ස්ථානයකි.කරුණාකර තැරව්කරුවන් අමතන්න එපා .සත්‍ය ගැනුම්කරුවන් සදහා පමණයි .ගොඩනැගිල්ල පරීක්ෂා කිරීමෙන් පසුව මිල සාකච්ඡා කරන්න ..ගොඩනැගිල්ල පරීක්ෂා කිරීම සදහා සාකච්ඡා කර කලින් වෙලාවක් වෙන්කර ගන්න .සැලසුම් අනුමත කර මිල  බැංකු ණය ලබාගෙන  ඇත .",Building,KOLONNAWA  ROAD IDH .,"2,600 sqft"
56,Commercial Property for Sale Battaramulla (ID CB0668),27 Jun  9:22 pm,"Battaramulla, Colombo","6,000,000","බත්තරමුල්ල මංසන්ධියට මුහුණලා ජලය විදුලිය ඇතුළු සියළු පහසුකම් වලින් සමන්විත වර්ග අඩි 350 ක ව්‍යාපාරික ස්ථානයක් විකිණීමට ඇත.දැනට රු 40,000/= ක කුලී ආදායමක් සහිතයි .සියලුම රාජ්‍ය ආයතන මේ ආසන්නයේ පිහිටා ඇතමෙම මහඟු අවස්ථාව මග නොහැරගන්න.අදම අමතන්න .",Shop,350 sqft,
57,Factory Premises for Sale - Katuwana,10 Jul  3:08 pm,"Homagama, Colombo","240,000,000","•	Situated in Homagama, Katuwana Industrial Zone.•	161 Perch land, comprising 6000, 3950, 8920 Sqft buildings•	Immediate occupation with clear deeds.•	Two separate entrances (from both sides) with dedicated two security huts.•	Three Buildings with all the facilities.•	Three phase electricity from two dedicated transformers. (150kVA & 70kVA)•	Dedicated office space.•	End to end 21 feet Tar road connecting all buildings.•	Container bay, can park up to three containers.•	Kitchen, Dining area and employee quarters.•	Foiling is installed in the roof ceiling for comfortable indoor heating along with roof wind turbines.•	Emergency fire water tank and hose system",Factory / Workshop,Katuwana Industrial Zone,"18,870 sqft"
58,Commercial Building in Dehiwala,23 Jul  9:25 am,"Dehiwala, Colombo","120,000,000",A Brand new commercial building situated at Dehiwala is suitable for any commercial purposes,Building,Dehiwala,"7,300 sqft"
59,Commercial Building For Sale Malabe,15 Jul 10:23 pm,"Talawatugoda, Colombo","27,500,000",Commercial building for sell.newly build. 27.5 million. Negotiation.contct,Building,"kaduwela road ,malabe","1,200 sqft"
60,Building for Sale - Malabe,16 Jul  4:46 pm,"Malabe, Colombo","19,000,000",3.20 meters to malabe town on 8.20 land,Building,Malabe,700 sqft
61,Office Space in Platinum 1 for Sale - Colombo 4,19 Jul 10:33 am,"Colombo 4, Colombo","160,000,000","Galle road facing 3400SqftDedicated parking for 2.More parking space could be allocated.AC Inverter,Lifts,Standby Generator,Security, 160M (Nego)",Building,"3,400 sqft",
62,Commercial Building for Sale (CS16) - Col 4,19 Jul  9:23 am,"Colombo 4, Colombo","250,000,000","It's on 11.35 Perches (additional 4.5 Perches reservation)Total Sq. Ft. Area 10,416",Building,"10,416 sqft",
63,Commercial Property for Sale in Colombo 04,15 Jul  9:45 am,"Colombo 4, Colombo","180,000,000",Commercial Property for Sale in Colombo 04==================================,Other,"Galle road , Balmbalapitiya","8,000 sqft"
64,"4 Storied Commercial Building for Sale in Pettah, facing main Road.",23 Jul 10:06 am,"Colombo 11, Colombo","130,000,000","4 Storied Commercial Building for Sale in Pettah, facing main Road. 3,300 Sq.ft floor. Good commercial area with many commercial entities. Suitable for Office, Rural Bank, Financial Institution, Garment Factory, Laboratory Service, Motor Spare Part Shop, Computer/ Educational Institute any other commercial purposes.-  3 Phase Electricity",Building,Pettah,"3,300 sqft"
65,9 P 3 Story Building for Sale - Nawala .,23 Jul 10:29 pm,"Nawala, Colombo","69,500,000","රාජගිරිය  නුගේගොඩ  පාරේ  නාවල  4  වන  පටුමගේ  ,ප්‍රධාන පාරේ සිට මීටර් 20ක් පමණ ඇති  අඩි 30ක පාරට මුහුනත අඩි 60ක් පමණ වන ,වාහන 8ක පමණ  ගාල්කල හැකි ,කාර්යාලය 2කට ප්‍රමාණවත්  අයුරින්  හා කාමර 2ක්   නාන කාමර 2ක් ද සහිත නිවාස 2ක් ද  සමගින්  ගොඩනගන ලද අංගසම්පූර්ණ  තෙමහල් ව්‍යාපාරික වටිනාකමක් ඇති ගොඩනැගිල්ල ලක්ෂ 695 කට විකිනීමට බලාපොරොත්තු වේ .රජයේ හෝ පුද්ගලික ආයතනයක කාර්යාලයකට හෝ  ඕනෑම ව්‍යාපාරික කටයුත්තක් සදහා  ඉතාමත් සුදුසු ස්ථානයකි .කරුණාකර තැරව්කරුවන් අමතන්න එපා .සත්‍ය ගැනුම්කරුවන් සදහා පමණයි .ස්ථානය පරීක්ෂා කිරීමෙන් පසුව මිල සාකච්ඡා කල හැක .ස්ථානය පරීක්ෂා කිරීම සදහා සාකච්ඡා කර කලින් වෙලාවක් වෙන්කර ගන්න .......................ස්තූතියි .........................",Office,4th  LANE  NUGEGODA  ROAD  NAWALA .,"5,000 sqft"
66,Shop for Sale in Dehiwala,12 Jul  4:46 pm,"Dehiwala, Colombo","7,900,000",Shop for Sale in Dehiwala=================,Shop,"Nadimala, Dehiwala",400 sqft
67,Commercial /Residential Property for Sale - Pitakotte,24 Jul  4:58 pm,"Kotte, Colombo","62,000,000","20 perch rectangular, third block from main Talawatugoda Road, On Baddegana road, 400 metres to Kotte Junction, opposite Ananda Sastralaya Grounds.",Other,"5,600 sqft",
68,Commercial Property Col 05,16 Jul  4:01 pm,"Colombo 5, Colombo","116,250,000",RS 7500000.00 LAKHSPER PERCHNegotiable,Warehouse / Storage,FACING MAYA AVENEVE COLOMBO 05,16 sqft
69,Dehiwala 1400 Sq Ft Office for Sale,12 Jul 12:49 pm,"Dehiwala, Colombo","22,400,000","Dehiwala Alen avenue near to Dehiwala Municipal council, 5 floors of commercial building available for sale. Ground floor 1700 sq ft 1 st floor 1400 sq ft 2nd floor 1400 sq ft 22,400,0003rd floor apartment resident 1 400 sq ft4tg floor apartment resident 1,400 sq fteach floor is 22mnGround floor 30 mn",Office,36 Alen Avenue,"1,400 sqft"
70,Commercial Property 11.22 P for Sale - Piliyandala,12 Jul  1:09 pm,"Piliyandala, Colombo","95,370,000",Rs 8500000.00 LAKHSPER PERCH,Building,FACING COLOMBO-HORANA MAIN ROAD/ FACING OLD KESBAWA ROAD / PILIYANDALA JUNCTION,"1,000 sqft"
71,Shop For Sale - Kottawa,12 Jul 11:55 am,"Kottawa, Colombo","35,000,000","කොට්ටාව - කොළඹ පාරට මුහුණලා කොට්ටාව Food City අසල පිහිටි ගොඩනැගිල්ලේ වර්ග අඩි 400 පමණ පහල මහල ඉතා ඉක්මනින් විකිණීමට..පිරිසිදු ඔප්පු, ජල, විදුලිය සහිත ව්‍යාපාරයකට සුදුසු මාසිකව (දැනට රැ. 80000 ක) පමන ආදායමක් ලබාගත හැක.Condominium Planවාහන නවතා තැබීමේ ඉදිරිපස සහ පසුපස පහසුකම් බැංකු ණය පහසුකම් පහසුවෙන්  ලබා ගත හැකියපරීක්ෂා කිරීමෙන් අනතරැව මිල ගණන් සාකච්ඡා කරගත හැක.Inspection please call me...",Building,"Highlevel Road,Kottawa",400 sqft
72,Sale Of Commercial Property In Piliyandala,12 Jul  3:03 pm,"Piliyandala, Colombo","12,000,000",පිළියන්දල නගරයේ සෝමවීර චන්ද්‍රසිරි ක්‍රීඩාංගනයට මුහුණලා පර්චස් 2 1/2 ව්‍යපාරික ස්ථානයක් සමග ඉඩමක් ලක්ෂ 120 විකිනීමට ඇත.,Shop,680 sqft,
73,Commercial Property for Sale in Colombo 12,15 Jul 10:50 am,"Colombo 12, Colombo","65,000,000","A valuable commercial property at Maithree Bodhiraja Mawatha off Sri Sangara Mawatha, adjoining St.Anthony's Consolidated Colombo 12.",Factory / Workshop,Maithree Bodhiraja Mawatha,"4,500 sqft"
74,Commercial Building for Sale Kottawa Athurugiriya,11 Jul 10:03 pm,"Kottawa, Colombo","100,000,000",දෙමහල් නිවස සමග තට්ටු 3කින් යුත් දැනට පවත්වාගෙන යනු ලබන මල්ශාලාව විකිණීමටසියලුම අවමංගල්‍ය උපකරන සමග ඉක්මනින් විකිණීමටඅවමංගල රථ 4 සහ වෑන් රථ 2ද සහිතයිපර්චස් 80යිරුක්මල්ගම කනත්තට යාබදව පිහිටා තිබේ,Building,"Rukmale, Pannipitiya","5,000 sqft"
75,Building for sale Moratuwa - Katubedda,12 Jul 12:35 pm,"Moratuwa, Colombo","31,500,000",Ground floor completed Can build up to 3 floors In front of K zone Katubadda ,Building,"2,200 sqft",
76,Gym for Sale - Maharagama,11 Jul 11:59 am,"Maharagama, Colombo","5,500,000",Sale for gym and supplement shop.call for more details .,Other,"89/1,old road,nawinna, maharagama","4,000 sqft"
77,Building on Old Moor Street,11 Jul 11:22 am,"Colombo 12, Colombo","140,000,000",This 3 story building on Old Moor street is for sale. It's placed on 10 perches with approximately 6500 sq ft and large open spaces throughout the building. It is located very close to the Dam street end which makes it very convenient for deliveries and pick ups. For more pictures visit http://www.remax.lk/124010001-214,Shop,Old Moor Street,"6,500 sqft"
78,Commercial Property For Sale on Castle Street - Colombo 08,11 Jul 10:30 am,"Colombo 8, Colombo","12,500,000","Situated on Castle Street (Colombo 08) with a road frontage of approximately 94ft, this well maintained exclusive property consists of the following:",Building,Castle Street.,"4,150 sqft"
79,Prime Shopfront Facing Chatham Street col 1,10 Jul  5:15 pm,"Colombo 1, Colombo","161,000,000","- Prime Commercial Shopfront building facing Chatham Street for sale. Approximately 3,000 square feet of space within the building. Total extent of land is nearly 6.5 perches",Shop,"3,000 sqft",
80,Colombo 5 Commercial Property,10 Jul  4:54 pm,"Colombo 5, Colombo","145,000,000","COLOMBO 5 COMMERCIAL PROPERTY UNDER 150 MILLION$900,000Colombo, Sri Lanka",Building,"10,000 sqft",
81,Commercial Property for Sale - Kaduwela,10 Jul  3:37 pm,"Kaduwela, Colombo","65,000,000","Two storey newly renovated commercial building 5240 sq total floor space11,500 sq car park All modern amenities available Located at Avissawella road, Welivita, kaduwela, 100m in from main road. 700m to Ambathale Junction (to left)3 Km to Kaduwela highway entrance (to right)",Office,"13,395 sqft",
82,Luxury Building for Sale in Malabe,11 Jul  3:00 pm,"Malabe, Colombo","170,000,000",Luxury building for sale in Malabe ,Building,"No. 801/2, New kandy foad, Thalangama North, Malabe","4,200 sqft"
83,Building for Sale in Wellampitiya,25 Jul  2:13 pm,"Wellampitiya, Colombo","18,500,000",කොළඹ අවිස්සාවෙල්ල ප්‍රධාන මාර්ගයේ මෙම තෙමහල් ගොඩනැගිල්ල විකිනීමට ඇතමෙම තෙමහල් ගොඩනැගිල්ලට වෙන් වෙන් වශයෙන් ඇතුලු විය හැකඑක් මහලක් ව.අඩි 800 පමන වෙ4 වෙනි මහල සදහාත් පඩි පෙලක් ඉදිකර ඇත.ගොඩනැගිල්ල බදු දීමෙන් රු. 100000/- පමණ මාසික ආදායමක්ද ලබා ගත හැකිය.,Building,Wellampitiya,"2,400 sqft"
84,22 Perch Building for Sale in Colombo 7,22 Jul  9:46 pm,"Colombo 7, Colombo","17,000,000",Colombo 7Dharmapala Mawatha (Prime residential neighborhood)22.2 Perch Land with a two storey house for Sale(2nd block from the main road),Building,"95, Dharmapala Mawatha, Colombo 7","3,800 sqft"
85,Shopfront on Chatham Street in Fort,10 Jul  5:17 pm,"Colombo 1, Colombo","161,000,000","Prime Commercial Shopfront building facing Chatham Street for sale. Approximately 3,000 square feet of space within the building. The extent of land is nearly 6.5 perches",Shop,Chatham Street,"3,000 sqft"
86,"Commercial Property for Sale in Pamunuwa Junction, Maharagama",10 Jul  1:03 pm,"Maharagama, Colombo","40,000,000","7.3 Perches or 10 Perches Commercial Land for Sale in Pamunuwa Junction, MaharagamaFacing to Pamunuwa Road (Maharagama-Ja'Pura Hospital Bus Route)Suitable to Build a 4 Storied Commercial PropertyHighly Commercial EnvironmentLack of For Sale Commercial Lands in Pamunuwa Junction, MaharagamaTherefore, This will be Massive Future Investment for a BusinessmanVery Urgent SaleSerious Buyers Welcome; No BrokersSelling Price: Rs.55 Lakhs Per Perch (If 7.3P-Rs.40 Million or 10P-Rs.55 Million)Call for More Details:",Building,Pamunuwa Junction,"4,000 sqft"
87,Property for sale in Colombo 05,10 Jul 12:12 pm,"Colombo 5, Colombo","125,000,000","A 3 storied building for sale in Colombo 05, kirullapona. Just 2nd block from the High level road.•	8000 sqft•	10 vehicle parking slots•	Stand by generatorIdeal for company office, Ngo’s, Academic ad institute, private education institutes and etc…",Building,"8,000 sqft",
88,Factory/ Storage Area for Sale in Mattegoda,10 Jul 11:48 am,"Kottawa, Colombo","9,200,000","Half completed 2 story building, Re enforced foundation and beams to support upto 3 Floors,20 Feet road ,in Building container Manageability,Previously used as a factory and also a Storage facility,",Building,"Kudamaduwa Road, Mattegoda","3,000 sqft"
89,Boralesgamuwa Garment Factory | for Sale - Cc536,10 Jul 10:07 am,"Boralesgamuwa, Colombo","250,000,000","Fully pledged garment factory BOI approved at Boralesgamuwa. 200 hightech machines, 40 KW solar system + 250KW Transformer and 230 KW Generator RICS Global standard 2017",Building,"27,500 sqft",
90,Colombo 03 Building for Sale Duplication Road - CC524,10 Jul 10:05 am,"Colombo 3, Colombo","320,000,000",COMMERCIAL BUILDING FOR SALE COLOMBO 03,Building,"12,000 sqft",
91,Hotel for Sale - Mount Lavinia,10 Jul  9:03 am,"Mount Lavinia, Colombo","100,000,000",Hotel for sale mount lavinia 17 rooms  4 pantry’s 15 perch basement  lobby /around 14000 square feet office room 18 bathrooms  5 floors immediately sale 100 million please no brokers,Hotel,hotel road mouth lavinia,"14,000 sqft"
92,"Commercial Building For Sale In Meegoda, Homagama",18 Jul  4:03 am,"Homagama, Colombo","17,500,000","Commercial Building for Sale in Meegoda, Homagama100m to High-Level Road32 Perches3500 Sq.Ft.60A ElectricityBuilt in Year 2012Suitable for a Factory or Shops40Ft. Access Road40Ft. Container AccessibilityUrgent SaleSelling Price: Rs.175 LakhsPrice can be NegotiableCall for More Details",Building,20 Mile Post,"3,500 sqft"
93,Shop for Sale in - Maradana, 9 Jul  3:35 pm,"Colombo 10, Colombo","90,000,000","Deans Road Maradana Commircial property for sale (6 perches, clear deed)Facing the main road with two way entrancePrice negotiable.",Shop,Deans Road,"1,650 sqft"
94,Commercial Building || in Kottawa, 9 Jul  2:43 pm,"Kottawa, Colombo","26,000,000",10 perches3 story4000 of one floor area square feet3 shop2 housesWater & electricity Parking spaceSuitable for commercial purpose,Building,Kottawa,"4,000 sqft"
95,Kotte Commercial Property | For Sale - CC521, 9 Jul 12:55 pm,"Kotte, Colombo","300,000,000","5 storied building with 15000sqft.*This building is located in Kotte road, Kotte.Central A/C, Passenger and Cargo lift, Standby genarator, Own transformer, CCTV, German double glass doors and windows.",Building,"15,000 sqft",
96,Colombo 03 Liberty Plaza Shop Space - CC529-A, 9 Jul 12:51 pm,"Colombo 3, Colombo","29,000,000","Shop Space on Liberty Plaza, Ground Floor.",Shop,202 sqft,
97,Commercial Property for Sale in Kaduwela,17 Jul  9:53 am,"Kaduwela, Colombo","4,800,000",Kamara 2 salei kussiyai 10.17 size kadei pach 6 laksha 50 ganan sakachcha kara gatha haka .,Other,no.307.2 jayamawathe dadigamuwa,"1,500 sqft"
98,Building for Sale - Athurugiriya,19 Jul  1:38 pm,"Athurugiriya, Colombo","21,000,000",Currently renting for restaurant and textile shop. ,Building,Millenniumcity. Athurugereya,"1,300 sqft"
99,8.75P space with 2 Storey Commercial Building for Sale in Colombo- 10 .,23 Jul 10:28 pm,"Colombo 10, Colombo","52,500,000","කොළඹ  10  මාලිගාවත්ත ජයන්ත  වීරසේකර  මාවතේ  මීටර් 150ක් පමණ දුරින් අඩි 20 පාරට මුහුනත ඇති පර්චස් 8.75 ඉඩමේ කාමර 4 නාන කාමර 3ක ද විශාල ශාලා 2ක් ද  මුලුතැන්ගෙයක් ද ,වාහන 5කට පමණ  ඉඩ ද  ,වෙනත්  ඉඩකඩද සහිත   දෙමහල්  ව්‍යාපාරික  හෝ නේවාසික වටිනාකමක් ඇති  ගොඩනැගිල්ල ලක්ෂ  525 කට විකිනීමට බලාපොරොත්තු වේ .# නේවාසික කටයුත්තක් සදහා  හෝ# බැංකුවකට ,ෆිනෑන්ස්  හෝ  ලීසිං  කම්පැනියක්ස්ට, රක්ෂණ සමාගමකට වැනි ඕනෑම ව්‍යාපාරික කාර්යාලයකට ද ,#  රජයේ හෝ පුද්ගලික ආයතනයක කාර්යාලයකට ද ,# ඩ්ස්පෙන්සරියකට, ෆාමසියකට ,බෙහෙත් ගබඩාවකට ද .# වාහන අමතර කොටස් විකිනීමට  හෝ ගබඩාවකට ද # මුද්‍රණ  ආයතනයකට හෝ  ගබඩාවකට ද  වැනි ඕනෑම ව්‍යාපාරයකට හෝ කාර්යාලයකට  වඩාත්ම සුදුසු ප්‍රදේශයක්  හා ස්ථානයකි .@@@ මෙම  ව්‍යාපාරික ස්ථානය  දීර්ඝකාලීන කුලියට දීමට ද  හැකියාව ඇත .කරුණාකර තැරව්කරුවන් අමතන්න එපා .සත්‍ය ගැනුම්කරුවන් සදහා පමණයි .ස්ථානය පරීක්ෂා කිරීමෙන් පසුව මිල සාකච්ඡා කල හැක .ණය පහසුකම් ද ලබාගැනීමේ හැකියාව ඇත .ගොඩනැගිල්ල පරීක්ෂා කිරීම සදහා සාකච්ඡා කර කලින් වෙලාවක් වෙන්කර ගන්න ......................ස්තූතියි .............................",Building,MALIGAWATTA JUNCTION  MARADANA COLOMBO -10.,"4,400 sqft"
100,Factory Premises for Sale - Katuwana,10 Jul  3:08 pm,"Homagama, Colombo","240,000,000","•	Situated in Homagama, Katuwana Industrial Zone.•	161 Perch land, comprising 6000, 3950, 8920 Sqft buildings•	Immediate occupation with clear deeds.•	Two separate entrances (from both sides) with dedicated two security huts.•	Three Buildings with all the facilities.•	Three phase electricity from two dedicated transformers. (150kVA & 70kVA)•	Dedicated office space.•	End to end 21 feet Tar road connecting all buildings.•	Container bay, can park up to three containers.•	Kitchen, Dining area and employee quarters.•	Foiling is installed in the roof ceiling for comfortable indoor heating along with roof wind turbines.•	Emergency fire water tank and hose system",Factory / Workshop,Katuwana Industrial Zone,"18,870 sqft"
101,Shop for Sale Boralesgamuwa, 8 Jul  6:29 pm,"Boralesgamuwa, Colombo","24,500,000","CURRENTLY RUNNING SHOW ROOMSHOWROOM SITUATED (LOCATION) AT BORALESGAMUWA JUNTION NEAR THE CARGILLS FOOD CITY, FACING DEHIWALA - MAHARAGAMA MAIN ROAD.FULL INTERIOR AND EXTERIOR SHOWROOM. (worth 35 million)HAVING STOCK AROUND 26 MILLION (COST PRICE) ALL DETAIL'S AVAILABLE .10000 SQUARE FEET AND 4 FLOORS  BUILDING.",Shop,"35 , Dehiwala Road , Boralasgamuwe","10,000 sqft"
102,ප්චස් 18 වෙලදාම් කල හැකි ගොඩනැගිලි විකිනිමට, 8 Jul  3:26 pm,"Kaduwela, Colombo","70,000,000","නවගමුව ප්‍රදාන පාරට මුහුනලා ඇති පචස් 18 කින් සමන්විත දෙමහල් ගොඩනැගිලි දෙකක් හා තවත් එ සමගම පවතින ගොඩනැගිලි 2ක් විකිනිමට ඇත.දනට පවතින ගොඩනැගිලි පලතුරු වෙලදම් සදහා හා ගබඩා කටයුතු සදහා යොදාගන්නා අතර පහත කටයුතු සදහද යොදා ගත හැක.Showroom,shop , sent එකට දිමට,Factory අදිය සදහා ....",Building,"4,901 sqft",
103,Building for Sale Moratuwa Galle Road, 8 Jul  3:09 pm,"Moratuwa, Colombo","12,500,000",## near laugf petrol shed## approved for 3 storied building## facing new galle road## suitable for any business## 1645 s.f parking space## cctv camera## Rs 125 lakhs,Building,"Galle road, Edoda uyana, Moratuwa","2,700 sqft"
104,Textile Shop for Sale in Maharagama with Stockes, 8 Jul  3:00 pm,"Colombo 2, Colombo","14,999,900","මහරගම දෙහිවල පාරේ තෙමහල් ගොඩනැගිල්ලේ පිහිටි නිමි ඇඳුම් ආයතනය සියලු බඩු සමග විකිනීමට,Clothes ( Mens ,womans, Kids Others )shoes, Cosmetics, Dummies, Show Racks, Hangers, Clothes Racks etc..",Shop,"62, Dehiwala Road, Maharagama","1,000 sqft"
105,18.5P Commercial Property For Sale in Nugegoda., 8 Jul  2:55 pm,"Nugegoda, Colombo","100,000,000",Commercial / Residential Land For Sale in Nugegoda.,Building,"Nugegoda, Kohuwala Road","1,300 sqft"
106,Commercial property | For sale Liberty Plaza Col 03 - CC549, 8 Jul 11:24 am,"Colombo 3, Colombo","27,000,000","Liberty Plaza Ground Floor Shop Space, Currently Rented for A Mobile Phone Shop.",Building,180 sqft,
107,Commercial Property for Sale - Colombo 13, 7 Jul  5:11 pm,"Colombo 13, Colombo","130,000,000","Four Story Commercial Property (5500 Sq Ft) for Sale at Sri Sangamiththa Mawatha, Colombo 13",Building,"5,500 sqft",
108,Commercial Property & 12 P Sale in Thalawathugoda, 7 Jul  4:37 pm,"Talawatugoda, Colombo","33,600,000",Rs 33600000.00 LAKHSTOTAL PRICENegotiable,Other,2nd Block Thalawathugoda -Pannipitiya Main Road Thalawathugoda,"2,000 sqft"
109,03 Story Building & 13 P Sale Pitakotte, 7 Jul  2:44 pm,"Kotte, Colombo","70,000,000",03 Story Bulding & 13 Perches Commercial  Property 24ale at 20 METERS PITAKOTTE JUNCTION PITAKOTTE,Building,20 METERS PITAKOTTE JUNCTION PITAKOTTE,"6,270 sqft"
110,"5 Storied Commercial Building for Sale in Pathiragoda Road, Maharagama",10 Jul  9:08 am,"Maharagama, Colombo","55,000,000","5 Storied Commercial Building for Sale in Pathiragoda Road, Maharagama16 PerchesEach Floor is 2000 Sq.Ft. Apartment4 Apartments3 Bedrooms & 2 Bathrooms on Each ApartmentFully TiledA/C, Hot Water, Car Park, CCTV & All Facilities ThereRoof Top on 5th FloorRoof Tops are Tiled & Have Separate Bathroom8 Perch Car Park20Ft. Access RoadClose to Sri Jayawardenapura Hospital2km to Highlevel RoadIdeal for Commercial or Residential UseIdeal for School, Private Hospital or Care HomeUrgent SaleNo BrokersSelling Price: Rs.55 MillionCall for More Details",Building,Pathiragoda Road,"8,000 sqft"
111,Commercial Property for Sale Battaramulla (ID CB0668),27 Jun  9:22 pm,"Battaramulla, Colombo","6,000,000","බත්තරමුල්ල මංසන්ධියට මුහුණලා ජලය විදුලිය ඇතුළු සියළු පහසුකම් වලින් සමන්විත වර්ග අඩි 350 ක ව්‍යාපාරික ස්ථානයක් විකිණීමට ඇත.දැනට රු 40,000/= ක කුලී ආදායමක් සහිතයි .සියලුම රාජ්‍ය ආයතන මේ ආසන්නයේ පිහිටා ඇතමෙම මහඟු අවස්ථාව මග නොහැරගන්න.අදම අමතන්න .",Shop,350 sqft,
112,Building for Sale - Nawala, 7 Jul  9:26 am,"Nawala, Colombo","125,000,000",Nawala road facing 7000 sqft  6 perches 3 story new building 125 Million,Building,Nawala road facing,"7,000 sqft"
113,Guest House For Sale - Mt.Lavinia, 7 Jul  9:07 am,"Mount Lavinia, Colombo","125,000,000",Mountlavinia 15 perches 3 story building 125 million 16 Bedrooms Guest house,Hotel,Mount Lavinia,"8,000 sqft"
114,4 Story Building for Sale - Nugegoda, 6 Jul  1:19 pm,"Nugegoda, Colombo","125,000,000",Nugegoda Nawala road 7 perches 4 story New  building 125 Million,Building,Nugegoda Nawala road,"8,000 sqft"
115,Shop For Sale in Main Street Pettah Colombo.11,22 Jul  3:47 pm,"Colombo 11, Colombo","7,500,000",Shop For Sale in Main Street Pettah Colombo.11 & Fully Tiled & Carparkings & Washroom & etc...,Shop,Pettah Main Street Colombo.11,150 sqft
116,Building Sale Business Purpose Piliyandala, 5 Jul 12:16 pm,"Piliyandala, Colombo","8,800,000",# 7.5 Perches# Facing to Piliyandala bus road# Good for - Classes / Shop / Store ect..# Wall with Gate# Easy acess - Horana / Piliyandala / Moragahahena,Building,Gonapola / Moragahahena road,"2,200 sqft"
117,Commercial Building For Sale In Colombo 10, 5 Jul  1:33 am,"Colombo 10, Colombo","17,500,000","Ideal for Showroom / Shop / etc.,In the heart of Colombo,deans Road, Maradana, This newly built commercial building is ideal for a Bank, Leasing Company, Corporate office or any other business of your choice.Land Extent: 1 perches",Building,deans Road Maradana,"1,200 sqft"
118,Commercial Shop For Sale in Avissawella Town, 4 Jul  9:48 pm,"Avissawella, Colombo","5,000,000",Business space for sale in the heart of Avissawella town center (Rathnapura Road).,Shop,392 sqft,
119,Sale for Building First Floor - Col 5,17 Jul  4:28 pm,"Colombo 5, Colombo","1,500,000",with pantry and living rooms,Building,col-5 park road clos to kirula road,900 sqft
120,Building For Sale in Maidlent Crescent Colombo.07,22 Jul  3:48 pm,"Colombo 7, Colombo","65,000,000","2.25 Perch 3 Stories Building For Sale in Maidlent Crescent Colombo.07 @ Fully Tiled,Carparkings,Washroom & etc...",Building,Maidlent Crescent Colombo.07,"3,000 sqft"
121,Commercial Property For Sale In Kotikawatta town, 5 Jul  2:25 pm,"Angoda, Colombo","55,000,000","Excellent location on Low Level Road (Avissawella Road) next to Kotikawatta junctionLocated next to Sanasa Building (includes a reception hall) and Pizza HutUncommon building, ideal for a showroom, restaurant, salon, clinic, etc.",Building,Low Level Road (Avissawella Road),"3,800 sqft"
122,03 Story Building & 9 P Sale At Nugegoda, 4 Jul  2:54 pm,"Nugegoda, Colombo","85,000,000",Rs 85000000.00 LakhsTotal PriceNegotiable,Shop,FACING STANLEY THILAKARATHNE MAWATHA NUGEGODA,"4,200 sqft"
123,Two Storied Commercial Building for Urgent Sale - Ranala, 4 Jul  1:50 pm,"Kaduwela, Colombo","7,800,000",Newly built completed building ,Building,Ranala town,"2,000 sqft"
124,Building for Sale at Havelock Road - Pamankada Junction, 6 Jul  7:52 pm,"Colombo 6, Colombo","15,000,000",Facing Havelock Road... Next to National Water Supply and Drainage Board... Four floors with 120 sq.ft. each... Electricity and Water facilities are available... Ideal for commercial purpose...,Building,"648, Havelock Road, Pamankada, Colombo 6",480 sqft
125,Factory for Sale Korathota, 4 Jul 11:10 am,"Kaduwela, Colombo","27,500,000",පර්චස් 105ක වර්ග අඩි 6000ක කර්මාන්තශාලා ගොඩනැගිල්ල විකිනීමට ඇත තෙකලා විදුලිය අඩි 20 මාර්ගය වාණිජ අනුමැතිය ඇත,Factory / Workshop,"Kaduwela , Korathota","6,000 sqft"
126,03 Story Building 7.3 P Sale at Maharagama, 4 Jul  9:28 am,"Maharagama, Colombo","80,000,000",03 STORY BIULDING & 7.3 P SALE AT  FACING HIGH LEVEL ROAD WATHEGEDRA JUNCTION MAHARAGAMA,Building,FACING HIGH LEVEL ROAD WATHEGEDRA JUNCTION MAHARAGAMA,"6,000 sqft"
127,Commercial Property Sale at Rajagriya, 4 Jul  7:29 am,"Rajagiriya, Colombo","100,000,000",Rs 8000000.00 LAKHSPER PERCHNegotiable,Other,FACING RAJAGIRIYA KOTTA ROAD / NEAR KELLS SUPER MARKET RAJAGIRIYA,"4,000 sqft"
128,Commercial Property in Colombo 5, 4 Jul  6:51 am,"Colombo 5, Colombo","145,000,000",• Our Reference No SH 9534( Please quote this reference number when inquiring),Other,Colombo 5,"3,000 sqft"
129,Commercial Building for Sale in Maharagama, 3 Jul  5:53 pm,"Maharagama, Colombo","75,000,000",Commercial Building for Sale in Maharagama===================================,Building,"6,500 sqft",
130,Commercial Property for Sale - Colombo 12, 3 Jul  4:43 pm,"Colombo 12, Colombo","5,000,000",Property for SaleColombo-12 (Messenger street)17.5 Perch 18.5 Ft withd (Road Facing)Double way Road (Parking Available)800 Mtr to Main Street400 Mtr to Armour Street3 km to Port City3 phase electricity Line,Other,Messenger Street (M.J.M Laffir Mawatha),"5,000 sqft"
131,03 Story Building and 7.5 P Sale Mount Lavinia, 3 Jul  2:27 pm,"Mount Lavinia, Colombo","67,500,000",Rs 67500000.00 LakhsTotal PriceNegotiable,Building,FACING GALLE ROAD NEAR MOUNT LAVINEA MOUNT LAVINIEA,"3,975 sqft"
132,Building for Sale in Galle Road Mount Lavania,22 Jul  3:48 pm,"Mount Lavinia, Colombo","50,000,000","3.8 Perch 03 Stories Commercial Building For Sale in Galle Road Mount Lavania @ Fully Tiled,Carparkings,Washroom & etc... For more details plz Call",Building,Galle Road Mount Lavania,"3,000 sqft"
133,Shop for Sale in Main Street Pettah Colombo.11,22 Jul  3:48 pm,"Colombo 11, Colombo","8,000,000","12×12=150 Sqft Shop For Sale in Main Street Pettah Colombo.11 @ Fully Tiled,Carpakings,Washroom,Fully Fernichers & Air conditioning & etc... For more details Plz Call",Shop,Main Street Pettah Colombo.11,150 sqft
134,Two Storey Commercial Building for Sale Kaduwela, 2 Jul  4:22 pm,"Kaduwela, Colombo","65,000,000","Two Storey newly renovated commercial building 5240 sq total floor space11,500 sq car park All modern amenities available Located at Avissawella road, Welivita, kaduwela, 100m in from main road. 700m to Ambathale Junction (to left)3 Km to Kaduwela highway entrance (to right)",Building,kaduwela,"5,240 sqft"
135,Commercial Building for Sale in - Colombo 10,24 Jul  3:00 pm,"Colombo 10, Colombo","120,000,000","Ideal for Office / Showroom / Bank / Leasing Company etc.,In the heart of Colombo, Maligakanda Road, Maradana, (150 meters to Maradana – Borella Road)This newly built commercial building is ideal for a Bank, Leasing Company, Corporate office or any other business of your choice.",Building,"Maligakanda Road, Maradana, Colombo 10","4,500 sqft"
136,Commercial Building for Sale Kesbewa, 2 Jul  3:44 pm,"Kesbewa, Colombo","8,000,000","Its a Commercial Building Very Close to Kesbewa and Bandaragama. Its Suitable for Office ,Retail Store And Stores.Including one Bed Room Available.For More Inquires Please call.",Building,"No 143/2 A, Bandaragama Road Makandana,Madapatha",750 sqft
137,Building for sale Kaduwela,23 Jul  5:24 pm,"Angoda, Colombo","8,800,000",General Features • attached bathroom • fully fitted kitchen • tiled floor • electricity • tap line water In front of Kaduwela low level road,Building,"1,800 sqft",
138,Building For Sale in Maidlent Crescent Colombo.07,22 Jul  3:48 pm,"Colombo 7, Colombo","65,000,000","2.25 Perch 3 Stories Building For Sale in Maidlent Crescent Colombo.07 @ Fully Tiled,Carparkings,Washroom & etc...",Building,Maidlent Crescent Colombo.07,"3,000 sqft"
139,16 Rooms Building For Sale Mt Lavinia, 1 Jul  4:08 pm,"Mount Lavinia, Colombo","125,000,000",Mountlaviniya 17 perches 16 Bedrooms 3 story building Hotel for sale 125 Million,Hotel,Mount laviniya,"8,000 sqft"
140,Shop for Sale in Athurugiriya Kaduwela, 1 Jul  1:31 pm,"Athurugiriya, Colombo","1,300,000","අතුරුගිරිය, වදුරම්මුල්ල හංදියෙන් නවගමුව මාර්ගයේ මී. 500ක් දුරින් අඩි 30ක් පළල කාපට් අැතිරූ ප්‍රධාන මිර්ගයට මුහුණලා තිබෙනකඩ කාමරය විකිණීමටසින්නක්කර ඔප්පුනල ජලය, විදුලියවේගයෙන් දියුණුවන වටපිටාවක් සහිත ප්‍රදේශයක පිහිටා තිබේ ස්ටාර් ගාමන් ඒක ආසන්නයේ කඩුවෙල නගරයට කි.මී. 5අතුරුගිරිය නගරයට කි.මී.4.5",Shop,"No. 620/C, Nawagamuwa, Ranala (Near Wadurammulla Junction)",575 sqft
141,Three Storied Building For sale in Moratuwa, 1 Jul 12:29 pm,"Moratuwa, Colombo","15,000,000","Three story Building New Gall Road, Moratuwa 6.5 Perches 4200 Sq Ft Slab Area",Building,"New Gall Road, Moratuwa","4,200 sqft"
142,Workshop & House for Sale Padukka, 4 Jul 12:36 pm,"Padukka, Colombo","7,500,000","පාදුක්ක පහල බෝපේ පර්චස් 15 ක වර්ග අඩි 4000 ක ව්‍යාපාරික ස්ථානයක් විකිනීමට. වැල්ඩින් ලේත් කුළුබඩු ලිමඩු ව්‍යාපාර සඳහා වඩාත් සුදුසුයි. පදිංචියට සුදුසු කාමර 2 ක, සාලය , පැන්ට්‍රිය , බැල්කනිය, කුස්සිය, බාත්රුම් එකක් සහිත නිවසක්ද ඇත. වෙනම සේවක නවාතැන්  සහ බාත්රුම්  ඇත.",Factory / Workshop,"327/1, Pahala Bope, paduukka","4,000 sqft"
143,Shop For Sale in Galle Road Dehiwala,22 Jul  3:47 pm,"Dehiwala, Colombo","26,000,000","1.65 Perch Shop OR Building For Sale in Galle Road Dehiwala. @ Fully Tiled,Carparkings & etc...",Shop,Galle Road Dehiwala,"1,000 sqft"
144,2 Storied Restaurant for Sale - Avissawella, 1 Jul  5:17 am,"Avissawella, Colombo","7,000,000",🔴REF NO --JU690,Restaurant,Avissawella,"3,000 sqft"
145,02 Story Building & 15 P Sale Nawina Maharagama, 1 Jul 12:29 am,"Maharagama, Colombo","90,000,000",Rs 6000000.00 LAKHSPER PERCHNegotiable,Building,FACING HIGH LEVEL ROAD NAWINA MAHARAGAMA,"2,800 sqft"
146,A Commercial Property for Sale in Talawatugoda,30 Jun  4:09 pm,"Talawatugoda, Colombo","45,000,000",This invaluable 20 perches land with a building for sale 500m reach to the thalawatugoda city.,Building,"10,000 sqft",
147,Building with 10 Land for Sale Malabe,30 Jun  1:29 pm,"Malabe, Colombo","80,000,000",Located in a highly commercial Area in malabe junction,Building,malabe,"1,750 sqft"
148,Facing Baseline Road Building for Sale Colombo 5,30 Jun  8:07 am,"Colombo 5, Colombo","180,000,000",Building for sale facing baseline road colombo 5 three storey 6000 sqft perches 15.8 immediately sale price 180 million please no brokers,Building,baseline road colombo 5,"6,000 sqft"
149,Showroom for Sale - Mount Lavinia,30 Jun  8:07 am,"Mount Lavinia, Colombo","65,000,000",Showroom  for sale galle road facing mouth lavinia 7.41 perches monthly income 210000 immediately sale price 650 lakh please no brokers,Shop,galle road mouth lavinia,"3,100 sqft"
150,Building For Sale - Colombo 05,30 Jun 11:39 am,"Colombo 5, Colombo","26,900,000",*****INVESTMENT OPERTUNITY*****,Other,Sri Siddartha Passage,"1,100 sqft"
151,3 - Stored Commercial Building For Sale in Avissawella,29 Jun  9:59 pm,"Avissawella, Colombo","9,500,000",3 Stored Commercial Building For Sale in Avissawella.The Building belong 6.72 perches.Facing to Colombo-Rathnapura (A4) Road.Less than 2.5km to Avissawella City (Madola),Building,"1,830 sqft",
152,Property with land in kohuwala,29 Jun 10:28 am,"Kohuwala, Colombo","120,000,000","This 52 perch property is situated in a prime location just off Kohuwala Junction and is divided into two rectangular shaped blocks of lands. The property has dual access via 25 feet wide roads and currently has an old warehouse and a house. The land is accessible from both Colombo - Horana road and Stanley Tilakarathna Mawatha and conveniently located close to banks, restaurants, supermarkets, shops, schools, fuel stations, gyms, and pubs. ",Building,"Malwatta Mawatha, Kohuwala","2,500 sqft"
153,Commercial complex in Kolonnawa for sale,28 Jun  6:11 pm,"Kolonnawa, Colombo","55,000,000",Key Features    10 perches    4 floors    Rooftop terrace    Private balconies    Parking for 6 vehicles    Convenient location,Office,"Walpola Road, Koswatta Road, Kolonnawa","1,700 sqft"
154,Commercial Building for Sale - Kottawa,28 Jun  3:37 pm,"Kottawa, Colombo","25,000,000",This commercial property for sale with good income.4 story All are rent now. We can transfer it under your name.Quick salenearest  Offers welcome,Building,pannipitiya. kottawa,800 sqft
155,Commercial Building for Sale Maharagama,28 Jun  1:29 pm,"Maharagama, Colombo","250,000,000","Commercial Building for sale.Six storied new building for sale facing to Pamunuwa Road, Maharagama.Passenger lift to all levels. Updated fire extinguisher system is installed. 3 floors tiled and other 3 is cemented. Just 300 meters from Maharagama junction. Execellant location for a showroom.Basement car parking and front parking available. International level front appearance. Office area is well designed for Board room, Director room and wide area for workstations. Large overhead water tanks for 50,000 lts. capacity. Pls. Call for more information.",Building,"Pamunuwa Road, Maharagama.","12,000 sqft"
156,Restaurant for Sale - Avissawella,28 Jun 11:15 am,"Avissawella, Colombo","7,500,000","Well established restaurant for sale facing Pugoda Kosgama main road. This has two restaurants with all facilities including 7 tables, 36 chairs and two LED TVs (55” and 32”)This also includes two kitchen (with one open kitchen) with all equipment and two rooms (including three beds) which can be used as office room and staff accommodation. Other than which have been mentioned above this includes one bottle cooler, one big refrigerator and a defreezer. This is one of the famous restaurant in the area specially for Chinees cuisines.Currently it generates around Rs. 1,000,000.00 revenue by operating only 4PM to 10PM.Revenue can be increased by producing breakfast and lunch. Expecting Rs.7,000,000.00.  ",Restaurant,"Kanampalla, Kosgama","3,000 sqft"
157,Riverfaced Beautiful Hotel - Colombo,30 Jun  9:43 am,"Wellampitiya, Colombo","175,000,000","Hotel facing Kalani River and main Ambatale Grandpass Road. 3 building units in 40p land. No floods at all even in heavy floods in 2016. Distance to airport highway is 3km, Matara highway 5km, kelaniya temple1.5 km, parliament road 5km, and easy access to any location without much traffic congestion’s.There are 22 rooms beautifully furnished, 4 bedrooms house unit, 2 reception halls, many riverside party locations, rooftop for 200 gathering, restaurant and equipped takeaway modern kitchen and inside and outside parking for 30 vehicles.",Hotel,"25,000 sqft",
158,Hotel for Sale - Godagama, 3 Jul  9:48 am,"Homagama, Colombo","120,000,000","Hotel  Panagoda /Ebulgama main road,( 4Kms from Panagoda Junction – 2Kms from Ebulgama junction/ Low level road, Echo Friendly / Peaceful Surrounding with lot of Greenery, I5 minutes’ drive from Athurugiriya. ",Hotel,"Panagoda /Ebulgama main road,( 4Kms from Panagoda Junction – 2Kms from Ebulgama junction","16,800 sqft"
159,High Earning Petrol Shed for Sale Malabe,28 Jun  7:36 am,"Malabe, Colombo","650,000,000",60.5 PERCH ONE OF THE HIGHEST EARNING PETROL STATIONS IN SRI LANKA 11 PUMPS (6 PETROL/4 DIESAL/1 CHEROSAL PUMP18 NOZELS AIR COMPRESSOR 2 STOREY COMMERCIAL BUILDING (OFFICE/CAN PUT A SMALL SUPER MARKET/ACCOMEDATION QUARTERS FOR EMPLOYEES/LUNCH ROOMS/VISITING ROOM) CUSTOMERS WASHROOM 5 MIN FROM ATHRUGIRIYA JUNCTION 100FT + FRONTAGE CAN ACCOMMODATE 5000+ VEHICLES IN A SINGLE DAY 24 HOUR PETROL SHED GENERATORS CAR WASHING/CARING POST ,Other,"ARANGALA, MALABE","17,000 sqft"
160,Commercial Property for Sale Battaramulla (ID CB0668),27 Jun  9:22 pm,"Battaramulla, Colombo","6,000,000","බත්තරමුල්ල මංසන්ධියට මුහුණලා ජලය විදුලිය ඇතුළු සියළු පහසුකම් වලින් සමන්විත වර්ග අඩි 350 ක ව්‍යාපාරික ස්ථානයක් විකිණීමට ඇත.දැනට රු 40,000/= ක කුලී ආදායමක් සහිතයි .සියලුම රාජ්‍ය ආයතන මේ ආසන්නයේ පිහිටා ඇතමෙම මහඟු අවස්ථාව මග නොහැරගන්න.අදම අමතන්න .",Shop,350 sqft,
161,Commercial Property for Sale Facing Pagoda Road Nugegoda,27 Jun  3:26 pm,"Nugegoda, Colombo","65,000,000",• Our Reference No SH 10380( Please quote this reference number when inquiring),Other,"Pagoda Road, Nugegoda","3,000 sqft"
162,3 Stories Shop/Warehouse Building for Sale - Colombo 11,28 Jun  8:20 pm,"Colombo 11, Colombo","15,500,000",3 Stories commercial property for sale in colombo 11. (Gas paha junction) Commercial area...Original documents (Declaration deeds) 💯,Building,Colombo 12,300 sqft
163,Commercialized Building for Sale Katubedda,26 Jun  6:46 pm,"Moratuwa, Colombo","36,000,000","Commercialized Building for Sale with Living Space ( Up Stairs )Land Size 9 Perches100 meters from Galle Road ,Katubedda Junction10 km To Kahathuduwa  Highway Entrance Facing 255 Main Bus Route No Brokers Selling Land Price Rs 4 million  Per perch ( Rs 40,00 000 ) Contact for more details",Building,Bandaranayake Mawatha - Katubedda,"4,000 sqft"
164,Building for sale Kaduwela,23 Jul  5:24 pm,"Angoda, Colombo","8,800,000",General Features • attached bathroom • fully fitted kitchen • tiled floor • electricity • tap line water In front of Kaduwela low level road,Building,"1,800 sqft",
165,22 Perch Building for Sale in Colombo 7,22 Jul  9:46 pm,"Colombo 7, Colombo","17,000,000",Colombo 7Dharmapala Mawatha (Prime residential neighborhood)22.2 Perch Land with a two storey house for Sale(2nd block from the main road),Building,"95, Dharmapala Mawatha, Colombo 7","3,800 sqft"
166,42 Apartment Building for Sale in Maharagama,26 Jun  6:16 pm,"Maharagama, Colombo","250,000,000",Fully furnished modern studio apartmentsElectricity and water facilities providedkitchen and pantry facilitiesParking available24 hour security with surveillanceIdeal for hotel/ hospital or office space,Building,109/6 Railway Avenue,"20,000 sqft"
167,Commercial Building with Land for Sale in Hanwella Town,26 Jun  3:44 pm,"Hanwella, Colombo","27,000,000",Commercial Building with land for sale in Hanwella Town,Building,"4,350 sqft",
168,Building For Sale - Colombo 12,26 Jun  5:36 pm,"Colombo 12, Colombo","15,000,000","22 PERCHES, 2 STOREY SOLID BUILDING, 30 FEET ROAD FRONTAGE, EXCELLENT TITLE4 VEHICLE PARKING WITHIN THE PREMISES Sale (Payment Plan Available)",Building,Old Moor Street,"12,000 sqft"
169,Bakery with A House for Sale Maharagama,30 Jun  3:01 pm,"Maharagama, Colombo","15,000,000","දිනකට පිටි මිටි 6 ක්.,  ගැණුම්කරුවන්ගේ කඩ 40, චූන් පාන් ත්‍රීවීලර් 5 සහ අළුත්ම තත්වයේ  කේක් සහ පාන් මික්ශර් මැශින් 2ක් සමඟ පාන් පෙති කපන මැශිමක්. නිවසද විසිත්ත කාමරයක් , කාමර 3ක්, නාන කාමරයක් සහ මුලුතැන්ගෙයකින් සමන්විතයි.",Factory / Workshop,"1,300 sqft",
170,Commercial property for sale in Yakahaluwa,26 Jun 11:50 am,"Homagama, Colombo","7,500,000","හෝමාගම 280 හා 128 ප්‍රධාන පාරට මුහුණලා යකහලුව, කිරිවත්තුඩුවේ දැනට ගොඩනැගිලි ද්‍රව්‍ය අලෙවි කරන ස්ථානයක් හදිසි විදේශ ගතවීමක් සදහා ඉතා ඉක්මනින් විකිනීමට ඇත.ඉඩමට ප්ලෑන් අනුමතයි.",Shop,"Yakahaluwa, Kiriwaththuduwa",550 sqft
171,Villa For Sale Pelawatta - Property Id C0532,18 Jul  4:41 am,"Battaramulla, Colombo","300,000,000",59.1 perch Villa with swimming pool situated in most prestigious living area in Pelawatta. Very close to Diyawanna Oya and Parliment,Hotel,"8,845 sqft",
172,Maharagama near Pamunuwa Building for Sale,25 Jun 10:44 pm,"Maharagama, Colombo","19,800,000",Three Storey Building SaleAt Maharagama Pamunuwa Junction.,Building,Maharagama,"4,600 sqft"
173,Commercial Buildings for Sale - Col 6,25 Jun  9:47 pm,"Colombo 6, Colombo","100,000,000",story commercial building 4500sqft highly commercial area 7.5.perches land 4electricity meters separate entrance 40ft rd frontage better any commercial purposes price 100000000no brokers genuine buyers well come after.appointments,Building,Colombo 6.wellawatta.,"4,500 sqft"
174,Restaurant for sale Mount Lavinia,29 Jun  4:37 pm,"Mount Lavinia, Colombo","3,000,000",Restaurant for sale in mount Lavinia. Dinning area and big kitchen with Store room.,Restaurant,"338 A,  Gall Road Mount Lavinia","1,400 sqft"
175,"3 Storey Commercial Property For Sale at Colombo 5, Thimbirigasyaya Rd.",25 Jun  3:34 pm,"Colombo 5, Colombo","110,000,000",3 Storey Commercial Property for Sale in Colombo 5.,Building,"Colombo 5, Thimbirigasyaya Junction,","4,000 sqft"
176,Ware House for Sale in - Piliyandala,24 Jun 10:16 am,"Kottawa, Colombo","14,500,000",Property SaleJanaka Deepal,Warehouse / Storage,29/c/1 Kudamaduwa Rd Sangarama Sidhamulla Piliyandala,"3,808 sqft"
177,Building for Sale in Wellampitiya,25 Jul  2:13 pm,"Wellampitiya, Colombo","18,500,000",කොළඹ අවිස්සාවෙල්ල ප්‍රධාන මාර්ගයේ මෙම තෙමහල් ගොඩනැගිල්ල විකිනීමට ඇතමෙම තෙමහල් ගොඩනැගිල්ලට වෙන් වෙන් වශයෙන් ඇතුලු විය හැකඑක් මහලක් ව.අඩි 800 පමන වෙ4 වෙනි මහල සදහාත් පඩි පෙලක් ඉදිකර ඇත.ගොඩනැගිල්ල බදු දීමෙන් රු. 100000/- පමණ මාසික ආදායමක්ද ලබා ගත හැකිය.,Building,Wellampitiya,"2,400 sqft"
178,Commercial Property for Sale - Boralesgamuwa,20 Jul 11:06 am,"Boralesgamuwa, Colombo","65,900,000","✔Excellent investment opportunity. A normal house with rear land space, showroom.✔For Sale.✔Excellent location. ✔A normal  house 1000sqft ,Commercial land & commercial showroom in front of house. Facing Bellanwila/ Boralesgamuwa main road on 119 /192 bus route Dehiwela road.✔⭐ Showroom Exactly opposite New lake walking park bellanwila * 6.3p.(New tiled 500sqft Showroom with separate water, 3phase. Rent price :59/-)⭐✔⭐Excellent investment.All Property  Rs.65.90M.⭐✔highest offer.Genuine buyers only .No Brokers",Other,Dehiwala road,"1,500 sqft"
179,Commerclal Building For Sale Dehiwala,23 Jun  7:16 am,"Dehiwala, Colombo","36,500,000","Commerclal Buildig For Sale DehiwalaFacig Dehiwala- Maharagama Main Road,Belanwela.8.5Perches Land with 4500sq.ft",Office,"Facig Dehiwala- Maharagama Main Road,Belanwela.","4,500 sqft"
180,Commercial Property Piliyandala,22 Jun  3:28 pm,"Piliyandala, Colombo","100,800,000",Rs 9000000.00 LAKHSPER PERCH,Building,PILIYANDALA,"1,000 sqft"
181,31.76 P & Commercial Shop Nugegoda,22 Jun 12:36 pm,"Nugegoda, Colombo","101,632,000",Rs 3200000.00 LAKHS PER PERCHNegotiable,Shop,FACING GAMSABA JUNCTION -PEPILIYANA ROAD NUGEGODA,"1,032 sqft"
182,Shop Office Store for Sale Colombo 5 Narahenpita,21 Jun  7:00 pm,"Colombo 5, Colombo","1,500,000","Colombo 05 , 600 square foot office space for saleNarahenpita,Kirimandala Mawatha. opposite to Nine Wells Hospital.Adjoining to DFCC Bank.Good for Office/Showroom/Store Ext. Air conditioner and water facility available.Ample car parking space 15-20. . Security.24 hrs.Two separate electrical meters available for each 300 Square foot areas.can separate as two shops.each separate access available.Expecting .3M.One 330 Square foot area 1.5 M.Can consider for rent or as a investment.Expecting .3M.One 330 Square foot area 1.5 M.Can consider for rent or as a investment.",Shop,"Colombo 5, Narahenpita, Kirimandala Mawatha, Econo Center",600 sqft
183,Shop for Sale at Borella,21 Jun  4:13 pm,"Colombo 8, Colombo","5,600,000",Business Space ( Shop / Office ) For Sale at Borella,Shop,"7/5 Ground Floor, Borella Super Market, Colombo - 08.",450 sqft
184,14.P Commercial Property 5 Floor Building Sale at Nawala,21 Jun  1:29 pm,"Nawala, Colombo","225,000,000",14.P COMMERCIAL PROPERTY 5 FLOOR  BUILDING SALE AT NAWALA  JUNCTION 22 2 mints walk to Nawala Main Road,Building,nawala,"16,000 sqft"
185,Building with Land for Sale in Wellawaththa,30 Jun  9:41 am,"Colombo 6, Colombo","15,000,000",Building with Land For Sale in Wellawaththa=================================,Building,"7,215 sqft",
186,Hostel for sale in malabe,21 Jun 11:10 am,"Malabe, Colombo","24,000,000",Hostel for sale in malabe Waliwita Close to SLIT campus ,Building,"5,500 sqft",
187,Building &11.2 P Sale Piliyandala,21 Jun 10:14 am,"Piliyandala, Colombo","10,800,000",11.22 P & 1000 SQ.FT BUILDING SALE AT PILIYANDALA JUNCTION,Building,FACING 120 MAIN ROAD / OLD KESBEWA ROAD PILIYANDALA JUNCTION,"1,000 sqft"
188,02 Storey Building & 16.2 P Nugegoda,21 Jun  9:57 am,"Nugegoda, Colombo","63,180,000",Rs 3900000.00 LAKHS PER PERCH ,Building,FACING OLD KESBEWA ROAD KATTIYA JUNCTION NUGEGODA,"3,500 sqft"
189,Commercial Buildings for Sale Boralasgamuwa,21 Jun  9:06 am,"Boralesgamuwa, Colombo","25,000,000",Two story buildings 6perches land extent. Facing Maharagama Dehiwala main rd 35ft rd frontage monthly income 75000Rs.better.for.any.commercial.purposes.price.25000000.no.brokers.genuine.buyers.well.come.after.appoinment.,Building,Boralasgamuwa Dehiwala rd.,"2,500 sqft"
190,18.5P Commercial Property for Sale in Nugegoda,20 Jun  2:13 pm,"Nugegoda, Colombo","100,000,000",18.5P Commercial Property For Sale in Nugegoda.,Office,"Nugegoda, Kohuwala Road.","3,000 sqft"
191,Building For Sale in Maidlent Crescent Colombo.07,22 Jul  3:48 pm,"Colombo 7, Colombo","65,000,000","2.25 Perch 3 Stories Building For Sale in Maidlent Crescent Colombo.07 @ Fully Tiled,Carparkings,Washroom & etc...",Building,Maidlent Crescent Colombo.07,"3,000 sqft"
192,Commercial /Residential Property for Sale - Pitakotte,24 Jul  4:58 pm,"Kotte, Colombo","62,000,000","20 perch rectangular, third block from main Talawatugoda Road, On Baddegana road, 400 metres to Kotte Junction, opposite Ananda Sastralaya Grounds.",Other,"5,600 sqft",
193,Three Storied Building for Sale in Nawala,30 Jun  9:41 am,"Nawala, Colombo","150,000,000",Three Storied Building for Sale in Nawala========================,Building,"13,750 sqft",
194,Commercial Property & Pitakotte,19 Jun 10:09 pm,"Kotte, Colombo","73,000,000",Rs 5000000.00 LAKHS       PER PERCH,Building,FACING MAIN ROAD PITAKOTTE JUNCTION PITAKOTTE,"4,000 sqft"
195,Commercial Building for sale Colombo 14,19 Jun  2:41 pm,"Colombo 14, Colombo","12,500,000",නව කැළණි පාලම ආසන්නයේ කාර්යාලයකට /ව්‍යාපාරයකට සුදුසු තෙමහල් ගොඩනැගිල්ල සහිත පර්චස් 20 ක ඉඩම විකිණීමට ඇත බිම්මහල ව.අඩි 35001 මහල ව.අඩි 35002 මහල ව.අඩි 35003 මහල ව.අඩි 2500වාහන 10 ක් පමණ ගාල් කිරීමට ඉඩකඩ ඇත මිල රුපියල් මිලියන 125/=,Building,"79,sedawatta road,Colombo","13,000 sqft"
196,33.4 P & Property Sale Kaduwela,19 Jun  7:07 am,"Kaduwela, Colombo","33,400,000",Rs 1000000.00 LAKHSPER PERCHNegotiable,Other,30 METERS TO MAIN ROAD LAKE ROAD AMBATALE KADUWELA,"1,500 sqft"
197,Salon for Sale in Dehiwala,18 Jun  6:45 pm,"Dehiwala, Colombo","700,000",24000 Inverter A/C (New)Facial BedMirrorsSalon ChairsShampoo BedTrolley & Tools. etc....Contact Mrs. Dineshika,Shop,Attidiya Main Road.,400 sqft
198,Building for Sale Mountlavania,28 Jun  2:52 pm,"Mount Lavinia, Colombo","75,000,000",Mount lavinia 10 perches 9 bedrooms 3 story building 75 million,Building,Mountlavania,"4,000 sqft"
199,Valuable Luxury Hotel For Sale in - Mount Lavinia,13 Jul  3:43 pm,"Mount Lavinia, Colombo","200,000,000","Duw's White House HotelTourist Board Approval A Grade  With FL 7-8 Bar License Spa and wellness center,Approved by Ayurveda Department.20 RoomsPerches 23Near to the mount lavinia beach.call us for more information",Hotel,Mount Lavinia,"15,000 sqft"
200,20.5 P & Property Sale Rajagiriya,18 Jun 11:31 am,"Rajagiriya, Colombo","106,600,000",Rs 106600000.00 LAKHSTOTAL PRICE( 52 LAKHS PER PERCH ) Negotiable,Hotel,FACING 20 FEET ROAD ETHUL KOTTE RAJAGIRIYA,"3,000 sqft"
201,Commercial Building for Sale - Battaramulla,18 Jun 11:22 am,"Battaramulla, Colombo","42,000,000","Battaramulla, Palawatta. Commercial building 2 storied,  for sale, on 4 perches, each floor 1000 sqft, with separate entrance, tiled floor with floor carpets, partitions and separate washroom for each floor, 1st floor with air condition rooftop can be developed as another floor, Three phase electricity, one slot private parking glass front suitable for office or showroom. Expecting 42 million.Contact .",Building,"pannipitiya road, palawatta, battaramulla","3,000 sqft"
202,Valuable Commercial Property in Col 02,19 Jun  8:35 pm,"Colombo 2, Colombo","40,000,000",Valuable Commercial Property: Two Buildings ,Building,Union Place,"1,125 sqft"
203,Commercial Property for Sale - Colombo 12,17 Jun  4:34 pm,"Colombo 12, Colombo","17,500,000",Two shops at saunders place colombo12For sale (right opposite to the bus stand)Currently Leased out for hotel .Wash rooms available.,Shop,colombo 12 (gunasinghapura),"1,300 sqft"
204,"20P Commercial Property for Sale in Nawala, Koswatte Junction.",17 Jun  4:17 pm,"Nawala, Colombo","110,000,000","20 Perches Commercial & Residential Property for Sale in Nawala, Koswatte Junction, Sri Rathnajothi Mawatha.",Office,"Nawala, Koswatte Junction, Sri Rathnajothi Mawatha.","1,500 sqft"
205,9 bed Property for Sale in Pita Kotte,17 Jun  3:24 pm,"Kotte, Colombo","90,000,000","Key Features9 bedrooms, 10 bathroomsBalconies3 story houseEn suite roomsAir conditioningHot waterConvenient locationParking for 8 vehiclesCCTV camerasHighly residential area ",Building,"Pita Kotte, Kotte Road, Sri Jayawardenepura Kotte","6,270 sqft"
206,Commercial Property in Mount Lavinia,23 Jul  9:25 am,"Mount Lavinia, Colombo","70,000,000",Two story commercial building situated at Hotel road - Mount LaviniaSuitable for any commercial purposes,Building,"Hotel Road, Mount Lavinia","4,000 sqft"
207,Shops with House Sale Pannipitiya,18 Jun 12:13 pm,"Pannipitiya, Colombo","37,500,000","# facing to 336 bus route (athurugiriya ,malabe)# in katukurunda junction # 2 shops and house# 2 shops already renting # 20.68 perches...# 3 bedroom (1 ac room with the attached bathroom)#  2 washrooms.. # ideal for any commercial purpose # බ්‍රොක්ර්වරු අනවශ්‍ය # genuine buyers only . No time wasters # Rs 37.5 million",Other,"1149, Katukurunda rd kottawa pannipitiya","5,000 sqft"
208,Shop for Sale in Maradana,17 Jun  5:00 pm,"Colombo 10, Colombo","5,000,000","Located in a commercial area facing main road and ideal for a small hotel, shop, pharmacy etc. clear dead (condominium). Price 50,00,000",Shop,"adjoining CDB  Bank head office, First Division, Maradana Colombo 10",210 sqft
209,Building for Sale - Colombo 6,28 Jun  2:52 pm,"Colombo 6, Colombo","85,000,000",Colombo 6 Wellawatta 5 perches 2 story building 85  million,Building,Colombo 6 Wellwatta,"4,000 sqft"
210,Commercial Property for Sale - Athurugiriya,15 Jun 12:43 pm,"Athurugiriya, Colombo","20,000,000",Commercial property with two storage building.Suitable for business,Building,"723/2B, Lake Terrace, Athurgiriya","1,000 sqft"
211,New Building for Sale at Mount-Lavinia,16 Jul  3:48 pm,"Mount Lavinia, Colombo","2,550,000","5 story Building.Parking space are available. Back up generator with elevator. Suitable for a office space the 3rd floor is available with 3000sqft. Fully tiled with 2 separate washrooms. Separate utility bills and 24 x 7 security service. This building is located in Galle road, Mount Lavinia.expecting 85 for sqft.",Office,"165, Galle Road, Ratmalana.","3,000 sqft"
212,"200 Sqft Shop Space for Sale in Jana Jaya City, Rajagiriya",15 Jun  5:32 am,"Rajagiriya, Colombo","5,500,000",• Our Reference No SH 10218( Please quote this reference number when inquiring),Shop,Rajagiriya,200 sqft
213,Building for Sale Boralesgamuwa,28 Jun  2:52 pm,"Boralesgamuwa, Colombo","30,000,000","Currently business running place,3 storey building.currently monthly sales 25-35 laks.best place to retail/whole sale shop,ware house,showroom.annex also attached.can earn by renting anex 75000.immediate sale",Building,"Gangarama road,boralesgamuwa","3,500 sqft"
214,Commercial Building for Sale in Colombo - 05,23 Jul  9:25 am,"Colombo 5, Colombo","50,000,000","Commercial building for sale in ThimbirigasyayaFacing Thibirigasyaya,The building has 2 floors with approximately 1750 square feet in total Land extent - 2.97 perches",Building,Ven. Muruththettuwe Ananda Himi Mawatha,"1,750 sqft"
215,03 Story Building & 02 P Sale Maharagama,14 Jun 10:03 am,"Maharagama, Colombo","29,500,000",3 STORY BUILDING & 02 P SALE AT  FACING HIGH-LEVEL ROAD WATHEGEDRA MAHARAGAMA  ,Building,FACING HIGH-LEVEL ROAD WATHEGEDRA MAHARAGAMA,"3,200 sqft"
216,3 Story Commercial Building for Sale - Colombo 14,13 Jun  5:56 pm,"Colombo 14, Colombo","16,500,000",3 story building2 perchFace to Main road,Building,"nagalagam street,thotalanga ,colombo 14","1,600 sqft"
217,"4 Story Commercial Property for Sale in Colombo 5,Baseline Rd.",13 Jun  3:06 pm,"Colombo 5, Colombo","180,000,000",Commercial Property for Sale at Colombo 5.,Office,"Colombo 5, Baseline Road.","7,500 sqft"
218,Commercial Property for Sale Battaramulla (ID CB0668),27 Jun  9:22 pm,"Battaramulla, Colombo","6,000,000","බත්තරමුල්ල මංසන්ධියට මුහුණලා ජලය විදුලිය ඇතුළු සියළු පහසුකම් වලින් සමන්විත වර්ග අඩි 350 ක ව්‍යාපාරික ස්ථානයක් විකිණීමට ඇත.දැනට රු 40,000/= ක කුලී ආදායමක් සහිතයි .සියලුම රාජ්‍ය ආයතන මේ ආසන්නයේ පිහිටා ඇතමෙම මහඟු අවස්ථාව මග නොහැරගන්න.අදම අමතන්න .",Shop,350 sqft,
219,22 Perch Building for Sale in Colombo 7,22 Jul  9:46 pm,"Colombo 7, Colombo","17,000,000",Colombo 7Dharmapala Mawatha (Prime residential neighborhood)22.2 Perch Land with a two storey house for Sale(2nd block from the main road),Building,"95, Dharmapala Mawatha, Colombo 7","3,800 sqft"
220,"4 Storey Commercial Property for Sale in Colombo 5, Havelock Road",14 Jun  8:55 am,"Colombo 5, Colombo","52,500,000","4 Storey Commercial Property for Sale in Colombo 5,Facing Havelock Road.",Building,"Colombo 5, Havelock Road","2,300 sqft"
221,03 Story Biulding Sale at Madiwela Kotte,13 Jun 10:03 am,"Kotte, Colombo","60,000,000","The building is located in a highly populated area facing main road in at  Thalawathugoda Road, Madiwela, Kotte. (Sri Jayewardenepura Hospital Road, (opposite Laughs office complex, near Eyamporuwa temple)",Restaurant,FACING PITAKOTTE -THALAWATHUGODA MAIN ROAD MADIWELA KOTTE,"3,600 sqft"
222,"වේරහැර,ව්‍යාපාරය සමග ඉඩමක් විකිණීමට බොරලැස්ගමුව",12 Jun  6:15 pm,"Boralesgamuwa, Colombo","12,000,000",බොරලැස්ගමුව වේරහැර ගංගාරාම පාරෙ පිහිටි (රත්මලාන පාරේ)ව්‍යාපාරික ගොඩනැගිල්ල සමග නිවස සහ ඉඩම විකිණීමට ඇත.,Building,"Gangarama Road,Werahera ,Boralesgamuwa.","2,347 sqft"
223,Shop for Sale - Dehiwala, 7 Jul 10:14 am,"Dehiwala, Colombo","16,500,000",two story house 119 road facing verry good location,Shop,hil street dehiwala,900 sqft
224,4 Storey Building at Dole Kanatta,11 Jun  5:11 pm,"Piliyandala, Colombo","28,000,000",• 100m to Dole Kanatta junction• 1.3Km to Kesbewa Town• 2.5Km to Piliyandala Town• 5.3Km to Maharagama Town• 5.5Km to Kottawa Town,Building,Suramya Phedesa,"5,300 sqft"
225,3 Storey Commercial Building Colombo 10,11 Jun  3:32 pm,"Colombo 10, Colombo","26,000,000",3 store commercial building for sale in maradana,Building,Hikkaduwe Sri Sumangala Mawatha,"1,200 sqft"
226,3 Storied Commercial Building For Sale In Homagama,11 Jun  3:53 pm,"Homagama, Colombo","45,000,000","හෝමාගම,පිටිපන NSBM සරසවියට නුදුරින්,සරසවි සිසුන් සදහා නිමවා ඇති මහල් තුනකින් යුතු නේවාසිකාගාරය සියලුම  ගෘහ භාණ්ඩ සමග විකිණීමට ඇත..දැනට මාසික ආදායම රු 250,000/= ක් ලැබේ.15   rooms12   bathrooms 03   kitchens 03   living rooms 5000 sq.ft",Building,"homagama,pitipana","5,000 sqft"
227,A valuable house with land sale Chilaw,12 Jun  5:21 pm,"Colombo 3, Colombo","250,000,000","A bangalow type house and a 100 perch land for sale facing to Colombo-Puttalam road close to Chilaw town near St Merys School.5 Bed rooms, 4 bathrooms, living and dining area, Garage, Electricity and water",Building,"Puttalam Road, Chilaw","4,000 sqft"
228,Property for Sale in Dehiwala,11 Jun 11:05 am,"Dehiwala, Colombo","36,000,000",Rs 36000000.00 LAKHSTOTAL PRICE Negotiable,Building,Facing Dehiwala - Maharagama 119 Main Road Belanwela Dehiwala,"8,000 sqft"
229,17 P & Single Story Building Maharagama,11 Jun  9:52 am,"Maharagama, Colombo","51,000,000",Rs 51000000,Building,APEKSHA HOSPITAL JUNCTION MAHARAGAMA,"2,000 sqft"
230,ව්‍යාපාරික ස්ථානය විකිණීමට හදපාන්ගොඩ,19 Jun  3:33 pm,"Padukka, Colombo","8,500,000","ගොඩනැගිල,ගාරාජ්,කාබර",Factory / Workshop,හදපාන්ගොඩ,"3,200 sqft"
231,Commercial Property for Sale at Kottawa, 1 Jul 10:25 am,"Kottawa, Colombo","82,500,000",Rs 3300000.00 Lakhs per perchNegotiable,Building,FACING HIGH LEVEL ROAD/ KOTTAWA JUNCTION/KOTTAWA,"3,000 sqft"
232,Commercial Property for Sale in Maharagama Town,10 Jun  3:42 pm,"Maharagama, Colombo","50,000,000","A commercial property for sale in Maharagama Town facing to Maharagama - Pilayandala Main Road. It is a land with a 13*16 sqft running shop. A house with 2 bedrooms,  bathrooms, kitchen with pantry cupboard and a living area. An Annex with a living area, pantry, a bedroom, 1 bathroom and a small office room. 7.7 perches. Price : 50 Million (Negotiable)",Building,"Pilayandala Road, Maharagama Town","1,900 sqft"
233,Building for Sale in Boralesgamuwa,18 Jun 10:24 am,"Boralesgamuwa, Colombo","40,000,000","Boralesgamuwa, Facing Pokuna Mawatha (20ft Road)20.3 Perch3 Bedroom HouseTiled Annex2 Attached Bathroom2 Rooms (Office Rooms)Amano Sheet Hut1 Toilet3 Phase Electricity Parapet Wall Two GatesSuitable for a Press Garment or any Industry Price: 400 Lakhs",Building,Boralesgamuwa,"2,600 sqft"
234,Commercial Building for Sale - Nugegoda,10 Jun  1:39 pm,"Nugegoda, Colombo","24,000,000",Facing Nugegoda pepiliyana Rd in pepiliyana junction 5.15.perches land 30ft rd frontage ground floor commercial and Upper floor house fully completed price 24000000 no brokers genuine buyers well come after appointments,Building,Nugegoda pepiliyana Rd,"1,500 sqft"
235,Commercial Building Sale in Borella,10 Jun  8:47 am,"Colombo 8, Colombo","100,000,000",Commercial Building  Sale in Borella,Building,Borella twon,"3,000 sqft"
236,Building & 38 P Sale Pitakotte, 8 Jun  6:38 pm,"Kotte, Colombo","228,000,000",Rs 5300000.00 LAKHS ( 5.3 MILLION  ) PER PERCH Negotiable,Building,FACING PITAKOTTE JUNCTION PITAKOTTE,"3,000 sqft"
237,Building with 24 P Sale Maharagama, 8 Jun  6:34 pm,"Maharagama, Colombo","55,500,000",24 P LAND & SINGLE STORY BUILDING  SALE AT FACING MAHARAGAMA OLD KOTTAWA ROAD/ 100 METERS TO HIGH LEVEL ROAD MAHARAGAMA ,Building,FACING MAHARAGAMA OLD KOTTAWA ROAD/ 100 METERS TO HIGH LEVEL ROAD MAHARAGAMA,"4,000 sqft"
238,A beautiful luxury boutique hotel in dehiwala is on sale, 8 Jun  5:19 pm,"Dehiwala, Colombo","450,000,000","A beautiful newly built luxury boutique hotel which consist of four large air conditioned Wedding/ function halls and 12 luxury rooms to accommodate over 500 people and a beach view restaurant in Dehiwala is on sale for 4500 laks.It has a large kitchen and a bar too. It has been built on a 70 perch land and have 55,000 sqft and have the beach view. In the closer vicinity it has the Sri Lanka’s upcoming port city, marine drive which is going to be coming in the very near future and the train station too. 95% have been completed, and very much suitable for foreigners.This property’s real value is 6,000 laks. It has been situated in the heart of Sri Lanka’s business capital. we are now also undertaking the bookings.",Hotel,Dehiwala,"55,000 sqft"
239,50 Perch land for Sale in Moratuwa,15 Jun  8:25 am,"Moratuwa, Colombo","70,000,000",1 km away from the Galle road with access for a 20' container. Land extend -50+ perch Main building - 8000 sqft 3 story building with an appartment on the top floor Secondary building - 3000 sqft building with office and store space.3 phase power,Building,"8,000 sqft",
240,Commercial Property for sale in Mirihana,10 Jun  6:18 am,"Nugegoda, Colombo","60,000,000","This 4 storied well-built property for sale is located in a highly commercial area on main road frontage (old Kottawa Rd) approximately 8.5p, 50ft road frontage. This is an absolutely a rare find. The building has been built in accordance with the approved building plan by the local authority. Please",Building,"2,700 sqft",
241,Preschool and Daycare Center for Sale,11 Jul  1:40 pm,"Kesbewa, Colombo","3,000,000",running Preschool and day care center for sale with all equipment. owner migrating. for more details plz,Other,"Nawala, Koswatta","1,500 sqft"
242,Well Established Budget Hotel For Sale - Mt.Lavinia, 8 Jul  1:02 pm,"Mount Lavinia, Colombo","175,000,000",Well Established Budget Hotel For Sale- Mt.Lavinia,Hotel,Mount Lavinia,"6,000 sqft"
243,Commercial Land for Sale in Pannipitiya, 6 Jun  7:18 am,"Pannipitiya, Colombo","12,500,000","Commercial land for sale facing bus road.suitable  for pastry shop, medical center, warehouse, storage, office,  house or any thing.",Warehouse / Storage,erewwala. pannipitiya,"2,720 sqft"
244,Fuel shed for sale -Malabe, 5 Jun  3:04 pm,"Malabe, Colombo","650,000,000",seven-92 petrol pumps(1 double pump included)two-95 petrol pumps six-diesel pumps(2 double pumps included)two-super diesel pumpsone-kerosene pumpCar service stationsuper market space available in upper floor24 hour service65 perch,Other,Arangala Road Malabe,"17,680 sqft"
245,"5 Storied Commercial Building for Sale in Pathiragoda Road, Maharagama",10 Jul  9:08 am,"Maharagama, Colombo","55,000,000","5 Storied Commercial Building for Sale in Pathiragoda Road, Maharagama16 PerchesEach Floor is 2000 Sq.Ft. Apartment4 Apartments3 Bedrooms & 2 Bathrooms on Each ApartmentFully TiledA/C, Hot Water, Car Park, CCTV & All Facilities ThereRoof Top on 5th FloorRoof Tops are Tiled & Have Separate Bathroom8 Perch Car Park20Ft. Access RoadClose to Sri Jayawardenapura Hospital2km to Highlevel RoadIdeal for Commercial or Residential UseIdeal for School, Private Hospital or Care HomeUrgent SaleNo BrokersSelling Price: Rs.55 MillionCall for More Details",Building,Pathiragoda Road,"8,000 sqft"
246,Factory Premises for Sale - Katuwana,10 Jul  3:08 pm,"Homagama, Colombo","240,000,000","•	Situated in Homagama, Katuwana Industrial Zone.•	161 Perch land, comprising 6000, 3950, 8920 Sqft buildings•	Immediate occupation with clear deeds.•	Two separate entrances (from both sides) with dedicated two security huts.•	Three Buildings with all the facilities.•	Three phase electricity from two dedicated transformers. (150kVA & 70kVA)•	Dedicated office space.•	End to end 21 feet Tar road connecting all buildings.•	Container bay, can park up to three containers.•	Kitchen, Dining area and employee quarters.•	Foiling is installed in the roof ceiling for comfortable indoor heating along with roof wind turbines.•	Emergency fire water tank and hose system",Factory / Workshop,Katuwana Industrial Zone,"18,870 sqft"
247,3 Story Building for Sale in - Piliyandala, 5 Jun 12:54 pm,"Piliyandala, Colombo","75,000,000","Newly Built 3 Story Building with 17.55 Perches, Architecturally Designed for Apartments but Can Be Used as Mix Development Project. Second Lot from The Madapatha Road and 600 Meters to Piliyandala Town. ",Building,Piliyandala,"8,000 sqft"
248,Shop and Office Space for Sale - Rajagiriya, 5 Jun 11:57 am,"Rajagiriya, Colombo","15,000,000","Shop & Office space available at Jana Jaya City, RajagiriyaShopping mall Brand new buildingWith all facilities* Escalators* Lifts* A/C* Smoke sensors* Security / CCTV* Spacious car park* Swimming pool* Cinema* Food court",Shop,Jana Jaya City Rajagiriya,130 sqft
249,Warehouse and 54 P Land for Sale - Boralesgamuwa,16 Jun  7:21 pm,"Boralesgamuwa, Colombo","90,450,000",TOTAL PRICERs 90450000.00 LAKHS( 16/75 LAKHS PER PERCH )Negotiable,Factory / Workshop,30 Meters To Dehiwala -Boralasgamuwa 119 Main Road Boralesgamuwa,"10,500 sqft"
250,Factory/workshop for sale in Ratmalana,28 Jun 10:26 am,"Ratmalana, Colombo","220,000,000",Factory for sale 90 perch sqft 15000 borupana road facing immediately sale 220 million please no brokers,Factory / Workshop,borupana rathmalana,"15,000 sqft"
251,Commercial Building in Thalawathugoda, 8 Jul  9:25 am,"Talawatugoda, Colombo","100,000,000",12 perches4 story2300 of one floor area sure feetRoof area10 bath roomsWater & electricity Parking spaceSuitable for any commercial purpose ( office / class / workshop),Building,Thalawathugoda,"11,000 sqft"
252,Commercial Building for Sale in Kollupitiya, 3 Jun  1:16 pm,"Colombo 3, Colombo","90,000,000","Commercial Building for Sale in Kollupitiya, 16th Lane.* 4800 Sq.Ft* 4 Storeys* Two Way Road Access* Parking for 4 Vehicles* 5 Perch Land* Property generates a monthly rental income of LKR.600,000.",Office,"Kollupitiya, Colombo 3","4,800 sqft"
253,Commercial Property Sale Colombo 11, 3 Jun 11:42 am,"Colombo 11, Colombo","31,000,000",Rs 31000000.00 LAKHSTOTAL PRICE Negotiable,Warehouse / Storage,FACING GRANDPASS ROAD PANCHIKAWATHA COLOMBO 11,"3,000 sqft"
254,Building for Sale in Colombo 10,22 Jun  2:16 pm,"Colombo 10, Colombo","110,000,000","Walking distance to Hospital, Railway Station, Police Station, Ananda Collage and major banks.All clear documents Water and electricity Completed building Ideal for both buisness and residence Currently used by us as a pharmacy Selling due to urgent migration Price is slightly negotiatiable after inspection",Building,Deans Road,"4,500 sqft"
255,Shop for Sale in Main Street Pettah Colombo11,22 Jul  3:48 pm,"Colombo 11, Colombo","7,500,000","150 Sqft Ground Floor Shop For Sale in Main Street Pettah Colombo.11 @ Fully Tiled,Washroom,Carparkings & etc...",Shop,Main Street Pettah Colombo.11,150 sqft
256,Shop for Sale in Kollupitiya,23 Jun 10:26 am,"Colombo 3, Colombo","25,000,000","Shop for Sale in the heart of Kolluptiya with a floor area of 290 sqft at a highly commercialized centre with access to railways station, bus stations, restaurants, fashion retail outlets and many more. ",Shop,Kollupitiya,290 sqft
257,Factory for Sale - Kaduwela., 2 Jun  1:18 pm,"Kaduwela, Colombo","250,000,000",Commercial Property For Sale In Kaduwela. ,Factory / Workshop,Abatale Lake Road kaduwela,"11,000 sqft"
258,Building For Sale Colombo 5,28 Jun  2:52 pm,"Colombo 5, Colombo","15,500,000",Colombo 5 Thimpiligasaya road facing 2 story building 15 perches 155 million,Building,Colombo 5 Thimpiligasaya road facing,"5,000 sqft"
259,Commercial building for Sale - Colombo 10,24 Jul  3:48 pm,"Colombo 10, Colombo","40,000,000",Two storyed building in Colombo10 facing maradana main road.clear deeds urgent sale.,Building,4.5 perch two separate electricity and water connections.,"1,800 sqft"
260,Building for Sale in Galle Road Mount Lavinia,22 Jul  3:47 pm,"Mount Lavinia, Colombo","130,000,000","7.2 Perch 3 Stories Building For Sale in Galle Road Mount Lavania @ Fully Tiled,Carparkings,Washroom & etc...",Building,Galle Road Mount Lavania,"4,000 sqft"
261,5.52 P Commercial Property Sale Grand Pass - Colombo 11, 2 Jun  7:25 am,"Colombo 11, Colombo","41,400,000",Rs 7500000.00 LAKHSPER PERCHNegotiable,Warehouse / Storage,FACING GRANDPASS ROAD PANCHIKAWATHA COLOMBO 11,"2,000 sqft"
262,"Commercial Property for Sale - Deens Road Maradana, Colombo -10",23 Jul 10:28 pm,"Colombo 10, Colombo","55,000,000","කොළඹ -10 ,මරදානේ  ඩීන්ස් පාරත්  ආනන්ද  විදුහලත් අතර ,,අබේරත්න  අඩි 20 පාරට මුහුනත ඇති ,( දෙපැත්තේ අඩි 10 පමණ වන පදික මන්තීර 2ක් ද සහිත) පර්චස් 8ක හතරැස් ඉඩමේ ,,වර්ගඅඩි 1800ක් පමණ විශාල   ගොඩනැගිල්ල සමඟ ,ප්‍රදේශයේ පවතින ඉඩම් මිලටත් වඩා අඩු මිලට ලක්ෂ 550කට විකිනීමට ඇත .මහල් 4කින්  යුතු  ගොඩනැගිල්ල ක් සදහා  අනුමැතිය  ඇති  නමුත්  ,ඉදිකර  ඇත්තේ පලමු  මහල  පමණයි .මහල් 5කට පමණ  උචිත  අයුරින්  යකඩ  හා අවශ්‍ය  අනෙකුත් ද්‍රව්‍ය  යොදා  ඉදිකිරීම් කර ඇති බැවින්  තට්ටු  5ක වුවද  ඉදිකිරීමට  හැකියාව ඇත .බැංකුවකට ,ඕනෑම ව්‍යාපාරයකට ,අධ්‍යාපන ආයතනයකට  හෝ කාර්යාලයකට වුවද සුදුසු වටිනා ස්ථානයකි .තැරව්කරුවන් අනවශ්‍යයි .සත්‍ය ගැනුම්කරුවන් සදහා පමණයි .ස්ථානය පරීක්ෂා කිරීමෙන් පසුව සාධාරණ ලෙස  මිල සාකච්ඡා කල හැක .",Building,"DEENS  ROAD ,,ABERATHNA MAWATHA  MARADANA ,COLOMBO -10","1,800 sqft"
263,Commercial Building for Sale in Malabe, 1 Jun 10:14 pm,"Malabe, Colombo","240,000,000",COMMERCIAL BUILDING FOR SALE IN MALABE,Building,Kaduwela Road,"15,000 sqft"
264,Super Hotel Facing River, 1 Jun  9:48 pm,"Moratuwa, Colombo","78,000,000",156 perches land Hotel with large wedding hall 11rooms bar Restaurant facing river including bar licence and Restaurant permits 100m to Main moratuwa old Rd Egodauyana large swimming pool and all facilities sale only land value price 500000 per perch genuine buyers well come after appointments,Hotel,Moratuwa Egodauyana,"10,000 sqft"
265,Jana Jaya City 1st Floor Shop for Sale Rajagiriya, 1 Jun  7:40 pm,"Rajagiriya, Colombo","8,500,000",Jana jaya city 1st floor shop for sale Size(sqft) 144 - Elevator and Escalator Service- Food Court on 5th Floor- Savoy Premier Cinema on 10th Floor- Parking space available- Scenic view of the city - The shop is Air conditioned - Telephone line available Contact number  Prize 85 laks,Shop,144 sqft,
266,Shop For Sale in Galle Road Dehiwala,22 Jul  3:47 pm,"Dehiwala, Colombo","26,000,000","1.65 Pechers 2 Stories Shop Building For Sale in Galle Road Dehiwala. & Fully Tiled,Carpakings,Washroom & etc...",Shop,Galle Road Dehiwala,"1,000 sqft"
267,Salon for Sale with Items Kottawa, 1 Jun  5:19 pm,"Kottawa, Colombo","800,000",Salon for Sale with Items ,Shop,Kottawa,600 sqft
268,Commercial Land with Building for Sale in Maharagama, 9 Jul  9:39 am,"Maharagama, Colombo","80,000,000","Commercial Land with 3 Storied Building & 2 Storied House for Sale in Maharagama Town7.3 Perch with 3 Storied Building - 3000 Sq.Ft., 3.3 Perch LandRemaining 4 Perches - Land with Foundation for a BuildingAlso There are 8 Perches Land with 3 Storied House & 22 Perches Bare Land Behind This LandFacing High Level RoadSelling Price: Rs.80 MillionUrgent SaleNo BrokersCall for More Details",Building,Maharagama Town,"3,000 sqft"
269,"5 Storied Commercial Building for Sale in Pathiragoda Road, Maharagama",10 Jul  9:08 am,"Maharagama, Colombo","55,000,000","5 Storied Commercial Building for Sale in Pathiragoda Road, Maharagama16 PerchesEach Floor is 2000 Sq.Ft. Apartment4 Apartments3 Bedrooms & 2 Bathrooms on Each ApartmentFully TiledA/C, Hot Water, Car Park, CCTV & All Facilities ThereRoof Top on 5th FloorRoof Tops are Tiled & Have Separate Bathroom8 Perch Car Park20Ft. Access RoadClose to Sri Jayawardenapura Hospital2km to Highlevel RoadIdeal for Commercial or Residential UseIdeal for School, Private Hospital or Care HomeUrgent SaleNo BrokersSelling Price: Rs.55 MillionCall for More Details",Building,Pathiragoda Road,"8,000 sqft"
270,Commercial Building for Land Value - Colombo 02, 1 Jun 12:55 am,"Colombo 2, Colombo","96,000,000",6p land with commercial building is available for sale at Colombo 02Facing Malay StreetGood investment opportunityONLY FOR LAND VALUERs. 16 Mn PP,Building,"Malay Street, Colombo 02","4,500 sqft"
271,02 Story Building & 11.5 P Sale Maharagama,31 May 11:45 am,"Maharagama, Colombo","60,000,000",Rs 60000000.00 LAKHESTOTAL PRICE  Negotiable,Building,FACING MAHARAGAMA -PILIYANDALA MAIN ROAD MAHARAGAMA,"3,500 sqft"
272,Commercial Building for Sale in Kollupitiya, 3 Jun  1:16 pm,"Colombo 3, Colombo","90,000,000","Commercial Building for Sale in Kollupitiya, 16th Lane.* 4800 Sq.Ft* 4 Storeys* Two Way Road Access* Parking for 4 Vehicles* 5 Perch Land* Property generates a monthly rental income of LKR.600,000.",Office,"Kollupitiya, Colombo 3","4,800 sqft"
273,"5 Storied Commercial Building for Sale in Pathiragoda Road, Maharagama",10 Jul  9:08 am,"Maharagama, Colombo","55,000,000","5 Storied Commercial Building for Sale in Pathiragoda Road, Maharagama16 PerchesEach Floor is 2000 Sq.Ft. Apartment4 Apartments3 Bedrooms & 2 Bathrooms on Each ApartmentFully TiledA/C, Hot Water, Car Park, CCTV & All Facilities ThereRoof Top on 5th FloorRoof Tops are Tiled & Have Separate Bathroom8 Perch Car Park20Ft. Access RoadClose to Sri Jayawardenapura Hospital2km to Highlevel RoadIdeal for Commercial or Residential UseIdeal for School, Private Hospital or Care HomeUrgent SaleNo BrokersSelling Price: Rs.55 MillionCall for More Details",Building,Pathiragoda Road,"8,000 sqft"
274,03 Story Building & 5.5 P Sale Kesbawa,31 May 10:58 am,"Kesbewa, Colombo","25,000,000",Rs 25000000.00 LAKHSTOTAL PRICE Negotiable,Building,FACING COLOMBO -HORANA ROAD NEAR KESBEWA JUNCTION KESBEWA,"2,500 sqft"
275,Hotel for Immediate Sale at Panagoda,31 May 10:30 am,"Athurugiriya, Colombo","120,000,000",Hotel located at Panagoda180 Perches Land.6 Fully Furnished Rooms.1- Reception Hall (can accommodate upto 350 Guests)Restaurant (can accommodate upto 40 Guests)1- Air conditioned Conference Hall (can accommodate upto 80 Guests)Large KitchenSwimming Pool with kids pool50KW Generator Three separate Summer Huts(Owner is migrating soon),Other,"20,000 sqft",
276,Hotel for Sale in Maharagama,25 Jun 10:48 am,"Maharagama, Colombo","55,000,000",5 Rooms with Bathroom and FurnishedFully Tiled Two Storey15 1/2 PerchPrice Can Be Negotiated,Hotel,109/6 Railway Avenue,"6,000 sqft"
277,Building with Land for Sale - Piliyandala,30 Jun  9:40 am,"Piliyandala, Colombo","45,000,000",Building with Land for sale Piliyandala=============================,Building,"Makuluduwa Road, Bokundara, Piliyandala","3,450 sqft"
278,Shop for Sale in Pamunuwa Road Maharagama,20 Jun  1:55 pm,"Maharagama, Colombo","6,000,000",The shop is in a good condition with a safe Door & lockers.This is the shop located in ground floor of two stories building which has 4 shops in each floor.Both water and electricity are available.There is a common toilet as well.,Shop,"217/B, Pamunuwa road, Maharagama",120 sqft
279,Building For Sale - Moratuwa,29 May 12:05 pm,"Moratuwa, Colombo","5,500,000","Building For Sale In Moratuwa, Face To New Galle Road.",Building,"615, New Galle Road, Moratuwa",675 sqft
280,6500 sq ft Building in Pettah, 8 Jul  1:02 pm,"Colombo 11, Colombo","150,000,000",This 3 story building on Old Moor street is for sale. It's placed on 10 perches with approximately 6500 sq ft and large open spaces throughout the building. It is located very close to the Dam street end which makes it very convenient for deliveries and pick ups.,Building,Old Moor Street,"6,500 sqft"
281,BUILDING & 15 P SALE BORALESGAMUWA,29 May  9:49 am,"Boralesgamuwa, Colombo","25,500,000",Rs 25500000.00 LAKHSTOTAL PRICE,Building,FACING GANGARAMA ROAD WERAHERA BORALESGAMUWA,"4,000 sqft"
282,3Story Building For Sale in Pelawattha,28 May  4:51 pm,"Battaramulla, Colombo","72,000,000",3 Story Commerclal  Building  For Sale in Pelawattha  1800sqft,Building,facing kottawa -Borella Bus Route .near pelawattha junction,"1,800 sqft"
283,Three Story Building Moratuwa,28 May  3:45 pm,"Moratuwa, Colombo","15,000,000","Three story Building New Gall Road, Moratuwa  6.5 Perches 4200 Sq Ft Slab Area ",Building,"New Gall Road, Moratuwa","4,200 sqft"
284,Shop Space For Sale At Liberty Plaza - Ground Floor, 8 Jul  1:02 pm,"Colombo 3, Colombo","26,000,000",This commercial space is available on the best of commercial spaces in Colombo.,Shop,Liberty Plaza,180 sqft
285,Shop Office in Borella for Sale,19 Jun  5:17 pm,"Colombo 8, Colombo","12,250,000",Business Space (Shop / Office) for sale or lease in the heart of Borella town centre (Colombo 8).Suitable for any business or for company office.Suitable retail businesses: Jewellery / Pharmacy / Textile / Electronics / Fancy Items.Ideal company office: Insurance / Banks / Travel Agent / Job Agency / Ticketing Office / Lawyer office.100% Commercial Area.Located facing D.S. Senanayake road. Entrance from the main road opposite the bus stand.Toilet facility available within the shop / office.Air-conditioned.Security cameras fitted.Free parking facility.Security provided.,Shop,Borella Junction (Colombo 8),700 sqft
286,Commercial Building in Colombo 10,27 May  4:41 pm,"Colombo 10, Colombo","40,000,000","4 Perch Building Located at the heart of Colombo 10. Ideal & prosperous location for Commercial use, located in the previous Passport Office road (Ananda Rajakaruna Mawatha, Colombo 10) across from Welikada Prison, Walking Distance to Baseline Rd & Punchi Borella Junction. Used as a successful vehicle business location (Ground floor spacious enough for parking 10-12 vehicles), previously used for a office building. Building is kept in very neat manner and is well organized.",Building,Ananda Rajakaruna Mw,"1,500 sqft"
287,ව්‍යාපාරික ස්ථානයක් හා නිවසක් මහල් තුනකින් සමන්විත විකිනීමට අංගොඩ,27 May  2:21 pm,"Angoda, Colombo","37,000,000",ව්‍යාපාරික ස්ථානයක් හා නිවසක් මහල් තුනකින් සමන්විත විකිනීමට.මුල්ලේරියාව ප්‍රධාන පාරට මුහුනලා දැනට ව්‍යාපාරයක් පවත්වගෙන යන  මහල් තුනකින් සමන්විත අගනා ගොඩනැගිල්ල ඉතා ඉක්මනින් වැඩිම ඉල්ලුමට දෙනු ලැබේ.,Building,"251A Udumulla,mulleriyawa","1,800 sqft"
288,Building For Sale in Kottawa,27 May 10:30 am,"Kottawa, Colombo","17,000,000",Building For Sale in Kottawa - 06 perches land- 2km from Kottawa Junction facing Kottawa Athurugiriya Road- Call for more info,Shop,"1,400 sqft",
289,5 Story Building for Sale Dehiwala,28 Jun 10:57 am,"Dehiwala, Colombo","95,000,000",Building for sale 5 storey sqft 7500 immediately sale price 950 lakh please no brokers,Building,galle road dehiwala,"7,500 sqft"
290,Building for Sale Colombo 6,28 Jun  2:52 pm,"Colombo 6, Colombo","265,000,000",Colombo 6 Wellwatta Galle road facing 10 perches with 4 story building 265 million Monthly income 1 Million,Building,Colombo 6,"8,000 sqft"
291,Hotel for sale Maharagama,30 Jun  8:25 am,"Maharagama, Colombo","100,000,000",14 RoomsAttached bathroom and graniteFull furnishedTile and granited1 side 2 storey second side 3 storey,Hotel,109/6 Railway Avenue,"10,000 sqft"
